Date,Year,Month,Zone,Districts,Dealer,Sales
2023-01-31,2023,Jan,Dhaka,Dhaka,A.R Corporation,6
2023-01-31,2023,Jan,Dhaka,Dhaka,Abir Enterprise,58
2023-01-31,2023,Jan,Dhaka,Narayanganj,Abu Mohammad Yousuf and Sons,27
2023-01-31,2023,Jan,Dhaka,Dhaka,Advocate Md. Yousuf Ali,5
2023-01-31,2023,Jan,South,Barguna,Agrani Traders,82
2023-01-31,2023,Jan,North,Bogura,Ahmed Traders-Bogra,13
2023-01-31,2023,Jan,North East,Dhaka,AK Developers Ltd.,5
2023-01-31,2023,Jan,Dhaka,Dhaka,Akhter Traders,36
2023-01-31,2023,Jan,Dhaka,Dhaka,Al Baraka Steel Corporation- Mirpur,4
2023-01-31,2023,Jan,North,Rajshahi,Al Manar Steel,286
2023-01-31,2023,Jan,Dhaka,Dhaka,Amin and Brother,3
2023-01-31,2023,Jan,South,Shariatpur,Amin Store,39
2023-01-31,2023,Jan,South,Rajbari,Anupam Nirmata,13
2023-01-31,2023,Jan,Dhaka,Dhaka,Apurbo Traders,10
2023-01-31,2023,Jan,Dhaka,Gazipur,Arifa Enterprise,90
2023-01-31,2023,Jan,North,Sirajganj,Ariful Islam Traders,40
2023-01-31,2023,Jan,Dhaka,Dhaka,Arowa Traders,933
2023-01-31,2023,Jan,Dhaka,Dhaka,ASSK AMARI WAY LTD.,5
2023-01-31,2023,Jan,North,Kurigram,Bhai Bhai Trading,260
2023-01-31,2023,Jan,Dhaka,Dhaka,Bikrampur Adarsha Louho Bitan-1,13
2023-01-31,2023,Jan,South,Chuadanga,Brothers Traders,76
2023-01-31,2023,Jan,Dhaka,Dhaka,Build Asia (D),31
2023-01-31,2023,Jan,Dhaka,Dhaka,Capital Builders,30
2023-01-31,2023,Jan,North East,Mymensingh,Community Health Foundation Bangladesh,22
2023-01-31,2023,Jan,North,Pabna,D.K Traders,13
2023-01-31,2023,Jan,South,Gopalganj,Delwar and Brothers - Gopalgonj,49
2023-01-31,2023,Jan,South,Kushtia,Dhaka Steel,26
2023-01-31,2023,Jan,Dhaka,Gazipur,Dhaka Trade Centre,44
2023-01-31,2023,Jan,North,Naogaon,Dipak Kumar Deb,87
2023-01-31,2023,Jan,North East,Chandpur,Doha Traders,10
2023-01-31,2023,Jan,Dhaka,Dhaka,Estia Enterprise (Manda),181
2023-01-31,2023,Jan,Dhaka,Gazipur,Evan Enterprise,7
2023-01-31,2023,Jan,North East,Mymensingh,F.S Enterprise,133
2023-01-31,2023,Jan,North,Kurigram,Farhad and Brothers,65
2023-01-31,2023,Jan,Dhaka,Dhaka,Farid Enterprise,5
2023-01-31,2023,Jan,Dhaka,Manikganj,Faruk and Brothers,230
2023-01-31,2023,Jan,Dhaka,Dhaka,Gawsia Enterprise,339
2023-01-31,2023,Jan,Dhaka,Gazipur,Giash Steel,182
2023-01-31,2023,Jan,Dhaka,Dhaka,H.S Corporation,83
2023-01-31,2023,Jan,South,Faridpur,Habib Enterprise (Faridpur),127
2023-01-31,2023,Jan,North,Dinajpur,Hamana Traders,13
2023-01-31,2023,Jan,North,Bogura,Hannan Traders,26
2023-01-31,2023,Jan,North,Tangail,Harun Enterprise,213
2023-01-31,2023,Jan,Dhaka,Narayanganj,Hazi Traders,8
2023-01-31,2023,Jan,Dhaka,Dhaka,Hobigonj Traders,27
2023-01-31,2023,Jan,Dhaka,Dhaka,Howlader Enterprise,298
2023-01-31,2023,Jan,Dhaka,Dhaka,Human Resource Welfare Multipurpose Co-operative Society Ltd.,16
2023-01-31,2023,Jan,Dhaka,Narayanganj,Ikhwan Construction,33
2023-01-31,2023,Jan,North,Rangpur,Imarat Trading,91
2023-01-31,2023,Jan,South,Faridpur,Iron and Steel House,26
2023-01-31,2023,Jan,Dhaka,Dhaka,Islam Trading,133
2023-01-31,2023,Jan,Dhaka,Dhaka,Jaroms Industries Ltd.,14
2023-01-31,2023,Jan,South,Faridpur,Jaseka Traders,91
2023-01-31,2023,Jan,North East,Noakhali,Jashim Steel House,39
2023-01-31,2023,Jan,North,Tangail,Joy Joya Enterprise,71
2023-01-31,2023,Jan,North East,Chandpur,Juthi Enterprise,5
2023-01-31,2023,Jan,Dhaka,Gazipur,Kamrul Trading Corporation,83
2023-01-31,2023,Jan,Dhaka,Gazipur,Kashem and Sons,56
2023-01-31,2023,Jan,Dhaka,Dhaka,Khan Enterprise,176
2023-01-31,2023,Jan,South,Khulna,Khan Traders -Khulna,13
2023-01-31,2023,Jan,Dhaka,Gazipur,Khurshida Builders,94
2023-01-31,2023,Jan,Dhaka,Dhaka,Kolatia Traders,16
2023-01-31,2023,Jan,North,Nilphamari,L.N Trading Co.,78
2023-01-31,2023,Jan,South,Patuakhali,Lila Enterprise,13
2023-01-31,2023,Jan,North East,Mymensingh,M K Traders,10
2023-01-31,2023,Jan,South,Chuadanga,M/S - Younus Hardware,13
2023-01-31,2023,Jan,North East,Cumilla,M/S Abedin Enterprise,11
2023-01-31,2023,Jan,Dhaka,Dhaka,M/S Adil Enterprise,26
2023-01-31,2023,Jan,Dhaka,Gazipur,M/S Alam Traders-Gazipur,11
2023-01-31,2023,Jan,North,Joypurhat,M/S Aman Trading,14
2023-01-31,2023,Jan,Dhaka,Dhaka,M/S Apurba Build Bazar,76
2023-01-31,2023,Jan,South,Jashore,M/S Azim Shah Traders,13
2023-01-31,2023,Jan,North,Natore,M/S Azmir Enterprise,14
2023-01-31,2023,Jan,South,Jashore,M/S Babu Traders,40
2023-01-31,2023,Jan,Dhaka,Dhaka,M/S Bhai Bhai Traders and Engineering Works,1
2023-01-31,2023,Jan,South,Jhenaidah,M/S Bondhu Enterprise,192
2023-01-31,2023,Jan,North East,Narsingdi,M/S Easy Builders,22
2023-01-31,2023,Jan,South,Bhola,M/S H Rahman and Son's,20
2023-01-31,2023,Jan,Dhaka,Dhaka,M/S Haque and Hasan Traders,13
2023-01-31,2023,Jan,North East,Noakhali,M/S Hoque and Brothers (Noakhali),1
2023-01-31,2023,Jan,South,Gopalganj,M/S J K Enterprise,13
2023-01-31,2023,Jan,South,Meherpur,M/S Jony Enterprise -Meherpur,78
2023-01-31,2023,Jan,South,Gopalganj,M/S Linkon Enterprise,26
2023-01-31,2023,Jan,Dhaka,Narayanganj,M/S Makam Trading Corporation,10
2023-01-31,2023,Jan,Dhaka,Gazipur,M/S Mawna Builders,83
2023-01-31,2023,Jan,North,Tangail,M/S Maya Traders,62
2023-01-31,2023,Jan,Dhaka,Gazipur,M/s Midul Enterprise,57
2023-01-31,2023,Jan,North,Rangpur,M/S Mondol Steel (Rangpur),26
2023-01-31,2023,Jan,South,Faridpur,M/S Nur Mahidi Nerman Vander,39
2023-01-31,2023,Jan,North,Dinajpur,M/S Popular Steel,26
2023-01-31,2023,Jan,Dhaka,Gazipur,M/S R.B Steel and Co.,62
2023-01-31,2023,Jan,Dhaka,Gazipur,M/S Rana Enterprise,291
2023-01-31,2023,Jan,South,Madaripur,M/S Saifullah Enterprise,46
2023-01-31,2023,Jan,North,Pabna,M/S Samir Traders,78
2023-01-31,2023,Jan,South,Rajbari,M/S Tahsin Hardware,13
2023-01-31,2023,Jan,South,Satkhira,M/S. Afroz Enterprise,36
2023-01-31,2023,Jan,North,Bogura,M/S. Bushra Traders,299
2023-01-31,2023,Jan,North,Dinajpur,M/S. Jom Jom Enterprise-Dinajpur,13
2023-01-31,2023,Jan,South,Barishal,M/S. Mahabub Traders,46
2023-01-31,2023,Jan,North,Tangail,M/S. Monira Enterprise,13
2023-01-31,2023,Jan,South,Barguna,M/S. Mridha Traders,4
2023-01-31,2023,Jan,Dhaka,Narayanganj,M/S. MUKTA ENTERPRISE-N.GONJ,5
2023-01-31,2023,Jan,North,Bogura,M/S. Mukta Traders,52
2023-01-31,2023,Jan,North,Bogura,M/S. Robin Traders,13
2023-01-31,2023,Jan,North East,Cumilla,M/S. RS Hardware,10
2023-01-31,2023,Jan,North East,Cumilla,M/S. Sadia Enterprise- Cumilla,14
2023-01-31,2023,Jan,North,Gaibandha,M/S. Sadikul Traders,39
2023-01-31,2023,Jan,Dhaka,Dhaka,M/S. Sawon Enterprise-Savar,10
2023-01-31,2023,Jan,South,Narail,M/S. Sikdar Enterprise- Norail,54
2023-01-31,2023,Jan,Dhaka,Gazipur,M/S. Tosher Enterprise,52
2023-01-31,2023,Jan,North,Rangpur,M/S. Zaman Traders-Rangpur,39
2023-01-31,2023,Jan,North East,Chandpur,M/S: Tafhim Enterprise,10
2023-01-31,2023,Jan,North East,Feni,Madani Traders,101
2023-01-31,2023,Jan,South,Shariatpur,Madbor Enterprise,26
2023-01-31,2023,Jan,Dhaka,Narayanganj,Madina Corporation,88
2023-01-31,2023,Jan,Dhaka,Narayanganj,Madina Trading Corporation Pvt. Ltd.,36
2023-01-31,2023,Jan,Dhaka,Dhaka,Mahadi Design and Construction,14
2023-01-31,2023,Jan,South,Jashore,Mahiya Kabir Corporation,43
2023-01-31,2023,Jan,Dhaka,Gazipur,Mamun Enterprise-Gazipur,169
2023-01-31,2023,Jan,North,Pabna,Mamun Traders-Pabna,39
2023-01-31,2023,Jan,North,Bogura,Master Traders (Shantahar),39
2023-01-31,2023,Jan,South,Barishal,Masud Enterprise,20
2023-01-31,2023,Jan,South,Madaripur,Mayer Doa Enterprise,65
2023-01-31,2023,Jan,Dhaka,Dhaka,Maysha Color Bank,17
2023-01-31,2023,Jan,Dhaka,Gazipur,MB Enterprise,60
2023-01-31,2023,Jan,Dhaka,Dhaka,Md. Hassan Kalu,5
2023-01-31,2023,Jan,Dhaka,Gazipur,Mim Enterprise,45
2023-01-31,2023,Jan,Dhaka,Dhaka,Misti Enterprise,9
2023-01-31,2023,Jan,North East,Jamalpur,Mizan and Son's,15
2023-01-31,2023,Jan,Dhaka,Dhaka,Modina Steel Corporation,99
2023-01-31,2023,Jan,North East,Sherpur,Mofazzal Enterprise,134
2023-01-31,2023,Jan,Dhaka,Munshiganj,Molla Enterprise and Traders,35
2023-01-31,2023,Jan,North East,Cumilla,Molla Traders- Comilla,44
2023-01-31,2023,Jan,Dhaka,Gazipur,Mowchak Steel Corporation,19
2023-01-31,2023,Jan,North East,Chandpur,MS.Billal Traders-Chandpur,13
2023-01-31,2023,Jan,North East,Cumilla,MS.Probashi G.I. Enterpries.,13
2023-01-31,2023,Jan,Dhaka,Dhaka,Munshigonj Steel House,47
2023-01-31,2023,Jan,North,Pabna,"Nabi Traders (Ishawrdi,  Pabna)",65
2023-01-31,2023,Jan,Dhaka,Dhaka,Nahar Steel,153
2023-01-31,2023,Jan,Dhaka,Dhaka,Nasrin Enterprise,54
2023-01-31,2023,Jan,Dhaka,Dhaka,Nayeef Trading Corporation,28
2023-01-31,2023,Jan,South,Jhenaidah,Nazmul Traders- Jhenaidah,45
2023-01-31,2023,Jan,Dhaka,Dhaka,Niloy Enterprise,7
2023-01-31,2023,Jan,Dhaka,Munshiganj,Nimtola Traders,5
2023-01-31,2023,Jan,South,Meherpur,Padma Enterprise,26
2023-01-31,2023,Jan,Dhaka,Dhaka,Popular Enterprise,20
2023-01-31,2023,Jan,North,Bogura,Priti Traders (Bogra),14
2023-01-31,2023,Jan,South,Kushtia,R. Rahman Corporation,156
2023-01-31,2023,Jan,South,Madaripur,R. S Enterprise-Madaripur,13
2023-01-31,2023,Jan,Dhaka,Narayanganj,R.S Enterprise,187
2023-01-31,2023,Jan,North East,Chandpur,Rabbi Traders,31
2023-01-31,2023,Jan,Dhaka,Dhaka,Radial International Ltd.,8
2023-01-31,2023,Jan,Dhaka,Dhaka,Radiance Fashion Ltd.,56
2023-01-31,2023,Jan,North East,Narsingdi,Rahman Steel House,80
2023-01-31,2023,Jan,North,Gaibandha,Raju Traders,13
2023-01-31,2023,Jan,South,Jashore,Razzaque Steel House,180
2023-01-31,2023,Jan,South,Patuakhali,Rema Enterprise,51
2023-01-31,2023,Jan,North East,Kishoreganj,Renu Traders,43
2023-01-31,2023,Jan,North,Bogura,Rezaul Bari (Bogra),39
2023-01-31,2023,Jan,Dhaka,Gazipur,Ridwan Traders,19
2023-01-31,2023,Jan,Dhaka,Gazipur,S T Enterprise,102
2023-01-31,2023,Jan,South,Dhaka,S.M Hasib,7
2023-01-31,2023,Jan,North,Joypurhat,Saha Traders,14
2023-01-31,2023,Jan,South,Kushtia,Salam and Sons,104
2023-01-31,2023,Jan,South,Kushtia,Saleha Traders,156
2023-01-31,2023,Jan,North,Sirajganj,Sarkar Trading (Sirajgonj),13
2023-01-31,2023,Jan,North East,Narsingdi,Satata Enterprise-Norsingdi,20
2023-01-31,2023,Jan,North,Rangpur,Shah Md Ashrafudulla,52
2023-01-31,2023,Jan,South,Narail,Shahin Traders - Narail,37
2023-01-31,2023,Jan,South,Bhola,Shanaullah Enterprise,60
2023-01-31,2023,Jan,South,Magura,Sharif Steel  Corner,92
2023-01-31,2023,Jan,South,Khulna,Shikder and Brothers,79
2023-01-31,2023,Jan,Dhaka,Dhaka,Sikder Enterprise (Keranigonj),26
2023-01-31,2023,Jan,North,Pabna,Sikder Traders (Pabna),52
2023-01-31,2023,Jan,Dhaka,Dhaka,Soma Enterprise,1
2023-01-31,2023,Jan,North,Gaibandha,Sorif Traders,104
2023-01-31,2023,Jan,Dhaka,Gazipur,Suma Enterprise - Sofipur,70
2023-01-31,2023,Jan,North,Rangpur,T.S.Enterprise(Rangpur),180
2023-01-31,2023,Jan,North,Rajshahi,Tariq  Enterprise,153
2023-01-31,2023,Jan,Dhaka,Dhaka,The Barik Brothers,1105.00
2023-01-31,2023,Jan,Dhaka,Dhaka,"Tipu and Co.( Rayerbag, Jatrabari)",56
2023-01-31,2023,Jan,South,Meherpur,Tohmina Engineering Workshop,13
2023-01-31,2023,Jan,North,Sirajganj,Ullapara Variety Store,39
2023-01-31,2023,Jan,Dhaka,Manikganj,Wazuddin Traders,61
2023-01-31,2023,Jan,North East,Noakhali,Yeasin Traders,18
2023-01-31,2023,Jan,Dhaka,Dhaka,Younus Traders,32
2023-01-31,2023,Jan,Dhaka,Dhaka,Z Well Homes Pvt. Ltd.,17
2023-01-31,2023,Jan,South,Bhola,Zabbar Biswas Traders,52
2023-01-31,2023,Jan,Dhaka,Dhaka,Zaman Traders ( Savar),22
2023-02-28,2023,Feb,Dhaka,Dhaka,A.R Corporation,35
2023-02-28,2023,Feb,Dhaka,Dhaka,Abir Enterprise,42
2023-02-28,2023,Feb,Dhaka,Narayanganj,Abu Mohammad Yousuf and Sons,39
2023-02-28,2023,Feb,North,Pabna,Abul Hossain Traders,13
2023-02-28,2023,Feb,South,Barguna,Agrani Traders,41
2023-02-28,2023,Feb,North,Bogura,Ahmed Traders-Bogra,13
2023-02-28,2023,Feb,North East,Dhaka,AK Developers Ltd.,16
2023-02-28,2023,Feb,Dhaka,Dhaka,Akhter Traders,19
2023-02-28,2023,Feb,Dhaka,Dhaka,Al Baraka Steel Corporation- Mirpur,9
2023-02-28,2023,Feb,North,Rajshahi,Al Manar Steel,351
2023-02-28,2023,Feb,Dhaka,Dhaka,Amin and Brother,21
2023-02-28,2023,Feb,South,Shariatpur,Amin Store,52
2023-02-28,2023,Feb,South,Rajbari,Anwar Traders,26
2023-02-28,2023,Feb,Dhaka,Gazipur,Arifa Enterprise,80
2023-02-28,2023,Feb,North,Sirajganj,Ariful Islam Traders,39
2023-02-28,2023,Feb,Dhaka,Dhaka,Arowa Traders,582
2023-02-28,2023,Feb,Dhaka,Dhaka,ASSK AMARI WAY LTD.,5
2023-02-28,2023,Feb,North,Rangpur,Bengal and Company,13
2023-02-28,2023,Feb,North,Kurigram,Bhai Bhai Trading,130
2023-02-28,2023,Feb,South,Chuadanga,Brothers Traders,71
2023-02-28,2023,Feb,Dhaka,Dhaka,Build Asia (D),4
2023-02-28,2023,Feb,Dhaka,Dhaka,Capital Builders,94
2023-02-28,2023,Feb,North,Tangail,Chunailal Traders,32
2023-02-28,2023,Feb,North East,Mymensingh,Community Health Foundation Bangladesh,25
2023-02-28,2023,Feb,North,Pabna,D.K Traders,12
2023-02-28,2023,Feb,South,Gopalganj,Delwar and Brothers - Gopalgonj,13
2023-02-28,2023,Feb,South,Kushtia,Dhaka Steel,53
2023-02-28,2023,Feb,Dhaka,Gazipur,Dhaka Trade Centre,19
2023-02-28,2023,Feb,North,Naogaon,Dipak Kumar Deb,104
2023-02-28,2023,Feb,North East,Cumilla,Engr. Mozammel Hoque,6
2023-02-28,2023,Feb,Dhaka,Dhaka,Estia Enterprise (Manda),163
2023-02-28,2023,Feb,Dhaka,Gazipur,Evan Enterprise,52
2023-02-28,2023,Feb,Dhaka,Dhaka,Experience Textile Limited,13
2023-02-28,2023,Feb,North East,Mymensingh,F.S Enterprise,93
2023-02-28,2023,Feb,North,Kurigram,Farhad and Brothers,26
2023-02-28,2023,Feb,Dhaka,Dhaka,Farid Enterprise,43
2023-02-28,2023,Feb,Dhaka,Manikganj,Faruk and Brothers,147
2023-02-28,2023,Feb,Dhaka,Dhaka,Gawsia Enterprise,232
2023-02-28,2023,Feb,Dhaka,Gazipur,Giash Steel,82
2023-02-28,2023,Feb,Dhaka,Dhaka,H.S Corporation,64
2023-02-28,2023,Feb,South,Faridpur,Habib Enterprise (Faridpur),52
2023-02-28,2023,Feb,North,Dinajpur,Hamana Traders,26
2023-02-28,2023,Feb,North,Bogura,Hannan Traders,26
2023-02-28,2023,Feb,North,Tangail,Harun Enterprise,195
2023-02-28,2023,Feb,Dhaka,Narayanganj,Hazi Traders,16
2023-02-28,2023,Feb,Dhaka,Dhaka,Hobigonj Traders,20
2023-02-28,2023,Feb,Dhaka,Dhaka,Howlader Enterprise,251
2023-02-28,2023,Feb,Dhaka,Dhaka,Human Resource Welfare Multipurpose Co-operative Society Ltd.,15
2023-02-28,2023,Feb,Dhaka,Narayanganj,Ikhwan Construction,50
2023-02-28,2023,Feb,North,Rangpur,Imarat Trading,117
2023-02-28,2023,Feb,Dhaka,Dhaka,Infinity Engineering Ltd.,9
2023-02-28,2023,Feb,South,Faridpur,Iron and Steel House,13
2023-02-28,2023,Feb,Dhaka,Dhaka,Jaroms Industries Ltd.,21
2023-02-28,2023,Feb,South,Faridpur,Jaseka Traders,52
2023-02-28,2023,Feb,North East,Noakhali,Jashim Steel House,52
2023-02-28,2023,Feb,Dhaka,Gazipur,Jidni Enterprise,19
2023-02-28,2023,Feb,North,Tangail,Joy Joya Enterprise,49
2023-02-28,2023,Feb,Dhaka,Gazipur,Kamrul Trading Corporation,42
2023-02-28,2023,Feb,Dhaka,Gazipur,Kashem and Sons,53
2023-02-28,2023,Feb,Dhaka,Dhaka,Khaja Mohammad Arifur Rahman,13
2023-02-28,2023,Feb,Dhaka,Dhaka,Khan Enterprise,158
2023-02-28,2023,Feb,South,Khulna,Khan Traders -Khulna,26
2023-02-28,2023,Feb,South,Madaripur,Khan Traders- Madaripur,26
2023-02-28,2023,Feb,Dhaka,Dhaka,Khan Traders- Nowabganj,10
2023-02-28,2023,Feb,Dhaka,Gazipur,Khurshida Builders,59
2023-02-28,2023,Feb,Dhaka,Dhaka,Kolatia Traders,4
2023-02-28,2023,Feb,North,Nilphamari,L.N Trading Co.,78
2023-02-28,2023,Feb,South,Patuakhali,Lila Enterprise,39
2023-02-28,2023,Feb,South,Jhalokati,M Khan Ltd.,20
2023-02-28,2023,Feb,North East,Cumilla,M/S Abedin Enterprise,19
2023-02-28,2023,Feb,Dhaka,Dhaka,M/S Adil Enterprise,28
2023-02-28,2023,Feb,Dhaka,Gazipur,M/S Alam Traders-Gazipur,3
2023-02-28,2023,Feb,Dhaka,Dhaka,M/S Apurba Build Bazar,62
2023-02-28,2023,Feb,South,Faridpur,M/S Asraf  and Sons,13
2023-02-28,2023,Feb,Dhaka,Dhaka,M/s Aswad Construction,6
2023-02-28,2023,Feb,South,Jashore,M/S Azim Shah Traders,66
2023-02-28,2023,Feb,South,Jashore,M/S Babu Traders,33
2023-02-28,2023,Feb,Dhaka,Dhaka,M/S Bhai Bhai Traders and Engineering Works,17
2023-02-28,2023,Feb,South,Jhenaidah,M/S Bondhu Enterprise,146
2023-02-28,2023,Feb,North East,Narsingdi,M/S Easy Builders,20
2023-02-28,2023,Feb,South,Satkhira,M/S Faruk Traders-Sathkhira,13
2023-02-28,2023,Feb,South,Bhola,M/S H Rahman and Son's,20
2023-02-28,2023,Feb,Dhaka,Dhaka,M/S Haque and Hasan Traders,14
2023-02-28,2023,Feb,North East,Noakhali,M/S Hoque and Brothers (Noakhali),15
2023-02-28,2023,Feb,South,Meherpur,M/S Jony Enterprise -Meherpur,26
2023-02-28,2023,Feb,South,Gopalganj,M/S Linkon Enterprise,39
2023-02-28,2023,Feb,Dhaka,Gazipur,M/S Mawna Builders,61
2023-02-28,2023,Feb,North,Tangail,M/S Maya Traders,29
2023-02-28,2023,Feb,South,Bhola,M/S Md Jamal Uddin Golder,18
2023-02-28,2023,Feb,Dhaka,Gazipur,M/s Midul Enterprise,59
2023-02-28,2023,Feb,North,Rangpur,M/S Mondol Steel (Rangpur),13
2023-02-28,2023,Feb,South,Pirojpur,M/S Nahar Enterprise- Pirojpur,13
2023-02-28,2023,Feb,South,Faridpur,M/S Nur Mahidi Nerman Vander,59
2023-02-28,2023,Feb,North,Dinajpur,M/S Popular Steel,26
2023-02-28,2023,Feb,Dhaka,Gazipur,M/S R.B Steel and Co.,97
2023-02-28,2023,Feb,Dhaka,Gazipur,M/S Rana Enterprise,42
2023-02-28,2023,Feb,North,Dinajpur,M/S Ripon Traders,13
2023-02-28,2023,Feb,South,Madaripur,M/S Saifullah Enterprise,13
2023-02-28,2023,Feb,North,Pabna,M/S Samir Traders,91
2023-02-28,2023,Feb,South,Faridpur,M/S Sony Vander,22
2023-02-28,2023,Feb,South,Rajbari,M/S Tahsin Hardware,13
2023-02-28,2023,Feb,South,Bhola,M/S. Adi Enterprise,13
2023-02-28,2023,Feb,South,Satkhira,M/S. Afroz Enterprise,16
2023-02-28,2023,Feb,North,Nilphamari,M/S. Al Amin Traders-Nilphamary,13
2023-02-28,2023,Feb,North,Rangpur,M/S. Billah Traders,13
2023-02-28,2023,Feb,North,Bogura,M/S. Bushra Traders,234
2023-02-28,2023,Feb,South,Jashore,M/S. Dipro Enterprise,20
2023-02-28,2023,Feb,North,Dinajpur,M/S. Jom Jom Enterprise-Dinajpur,39
2023-02-28,2023,Feb,Dhaka,Dhaka,M/S. Kamal Traders,7
2023-02-28,2023,Feb,South,Barishal,M/S. Mahabub Traders,21
2023-02-28,2023,Feb,North East,Brahmanbaria,M/S. Malek and Sons,20
2023-02-28,2023,Feb,South,Satkhira,M/S. Mayer Doa Sanitary and Anwar Sheet Enterprise,13
2023-02-28,2023,Feb,North,Tangail,M/S. Monira Enterprise,30
2023-02-28,2023,Feb,Dhaka,Narayanganj,M/S. MUKTA ENTERPRISE-N.GONJ,11
2023-02-28,2023,Feb,North,Bogura,M/S. Mukta Traders,13
2023-02-28,2023,Feb,North,Panchagarh,M/S. Rashad Traders,13
2023-02-28,2023,Feb,North,Bogura,M/S. Robin Traders,26
2023-02-28,2023,Feb,North East,Cumilla,M/S. RS Hardware,5
2023-02-28,2023,Feb,North,Gaibandha,M/S. Sadikul Traders,13
2023-02-28,2023,Feb,South,Gopalganj,M/S. Sharif Enterprise,59
2023-02-28,2023,Feb,South,Pirojpur,M/S. Shikder Enterprise-Pirojpur,13
2023-02-28,2023,Feb,South,Narail,M/S. Sikdar Enterprise- Norail,40
2023-02-28,2023,Feb,Dhaka,Gazipur,M/S. Tosher Enterprise,19
2023-02-28,2023,Feb,North,Rangpur,M/S. Zaman Traders-Rangpur,78
2023-02-28,2023,Feb,North East,Chandpur,M/S: Tafhim Enterprise,27
2023-02-28,2023,Feb,North East,Feni,Madani Traders,75
2023-02-28,2023,Feb,South,Shariatpur,Madbor Enterprise,26
2023-02-28,2023,Feb,Dhaka,Narayanganj,Madina Corporation,77
2023-02-28,2023,Feb,Dhaka,Narayanganj,Madina Trading Corporation Pvt. Ltd.,63
2023-02-28,2023,Feb,Dhaka,Dhaka,Mahadi Design and Construction,4
2023-02-28,2023,Feb,South,Jashore,Mahiya Kabir Corporation,91
2023-02-28,2023,Feb,Dhaka,Dhaka,Makkah Traders,11
2023-02-28,2023,Feb,Dhaka,Gazipur,Mamun Enterprise-Gazipur,69
2023-02-28,2023,Feb,North,Pabna,Mamun Traders-Pabna,52
2023-02-28,2023,Feb,North,Bogura,Master Traders (Shantahar),26
2023-02-28,2023,Feb,South,Barishal,Masud Enterprise,32
2023-02-28,2023,Feb,South,Madaripur,Mayer Doa Enterprise,26
2023-02-28,2023,Feb,Dhaka,Dhaka,Maysha Color Bank,5
2023-02-28,2023,Feb,Dhaka,Gazipur,MB Enterprise,105
2023-02-28,2023,Feb,Dhaka,Gazipur,Mim Enterprise,96
2023-02-28,2023,Feb,Dhaka,Dhaka,Misti Enterprise,15
2023-02-28,2023,Feb,North East,Jamalpur,Mizan and Son's,20
2023-02-28,2023,Feb,Dhaka,Dhaka,Modina Steel Corporation,70
2023-02-28,2023,Feb,North East,Sherpur,Mofazzal Enterprise,56
2023-02-28,2023,Feb,South,Magura,Molla Banijjo Vander,13
2023-02-28,2023,Feb,Dhaka,Munshiganj,Molla Enterprise and Traders,8
2023-02-28,2023,Feb,North East,Cumilla,Molla Traders- Comilla,26
2023-02-28,2023,Feb,North East,Chandpur,MS.Billal Traders-Chandpur,13
2023-02-28,2023,Feb,North East,Cumilla,MS.Probashi G.I. Enterpries.,8
2023-02-28,2023,Feb,Dhaka,Dhaka,Munshigonj Steel House,36
2023-02-28,2023,Feb,North,Pabna,"Nabi Traders (Ishawrdi,  Pabna)",39
2023-02-28,2023,Feb,Dhaka,Dhaka,Nahar Steel,115
2023-02-28,2023,Feb,Dhaka,Dhaka,Nasrin Enterprise,52
2023-02-28,2023,Feb,Dhaka,Dhaka,Nayeef Trading Corporation,40
2023-02-28,2023,Feb,South,Jhenaidah,Nazmul Traders- Jhenaidah,30
2023-02-28,2023,Feb,Dhaka,Dhaka,Niloy Enterprise,4
2023-02-28,2023,Feb,South,Meherpur,Padma Enterprise,13
2023-02-28,2023,Feb,Dhaka,Dhaka,Popular Enterprise,6
2023-02-28,2023,Feb,North,Bogura,Priti Traders (Bogra),13
2023-02-28,2023,Feb,South,Kushtia,R. Rahman Corporation,104
2023-02-28,2023,Feb,South,Madaripur,R. S Enterprise-Madaripur,52
2023-02-28,2023,Feb,Dhaka,Narayanganj,R.S Enterprise,83
2023-02-28,2023,Feb,North East,Chandpur,Rabbi Traders,19
2023-02-28,2023,Feb,North East,Narsingdi,Rahman Steel House,64
2023-02-28,2023,Feb,South,Narail,Rakhi Enterprise,20
2023-02-28,2023,Feb,South,Jashore,Razzaque Steel House,105
2023-02-28,2023,Feb,South,Patuakhali,Rema Enterprise,130
2023-02-28,2023,Feb,North East,Kishoreganj,Renu Traders,100
2023-02-28,2023,Feb,Dhaka,Gazipur,Ridwan Traders,13
2023-02-28,2023,Feb,Dhaka,Gazipur,S T Enterprise,88
2023-02-28,2023,Feb,South,Khulna,S. S. Syndicate,13
2023-02-28,2023,Feb,South,Dhaka,S.M Hasib,8
2023-02-28,2023,Feb,North,Joypurhat,Saha Traders,13
2023-02-28,2023,Feb,South,Kushtia,Salam and Sons,169
2023-02-28,2023,Feb,South,Kushtia,Saleha Traders,117
2023-02-28,2023,Feb,North,Sirajganj,Sarkar Trading (Sirajgonj),13
2023-02-28,2023,Feb,North East,Narsingdi,Satata Enterprise-Norsingdi,20
2023-02-28,2023,Feb,North,Rangpur,Shah Md Ashrafudulla,52
2023-02-28,2023,Feb,South,Narail,Shahin Traders - Narail,60
2023-02-28,2023,Feb,South,Bhola,Shanaullah Enterprise,22
2023-02-28,2023,Feb,South,Magura,Sharif Steel  Corner,105
2023-02-28,2023,Feb,South,Khulna,Shikder and Brothers,10
2023-02-28,2023,Feb,North,Pabna,Sikder Traders (Pabna),52
2023-02-28,2023,Feb,North,Gaibandha,Sorif Traders,39
2023-02-28,2023,Feb,Dhaka,Gazipur,Suma Enterprise - Sofipur,3
2023-02-28,2023,Feb,North,Pabna,Swapan Traders,13
2023-02-28,2023,Feb,North,Rangpur,T.S.Enterprise(Rangpur),247
2023-02-28,2023,Feb,North,Rajshahi,Tariq  Enterprise,26
2023-02-28,2023,Feb,South,Narail,Tazmin Enterprise,13
2023-02-28,2023,Feb,Dhaka,Gazipur,Texeurop (BD) Ltd.,11
2023-02-28,2023,Feb,Dhaka,Dhaka,The Barik Brothers,758
2023-02-28,2023,Feb,Dhaka,Dhaka,"Tipu and Co.( Rayerbag, Jatrabari)",59
2023-02-28,2023,Feb,North,Sirajganj,Ullapara Variety Store,52
2023-02-28,2023,Feb,Dhaka,Manikganj,Wazuddin Traders,65
2023-02-28,2023,Feb,North East,Noakhali,Yeasin Traders,7
2023-02-28,2023,Feb,Dhaka,Dhaka,Younus Traders,32
2023-02-28,2023,Feb,Dhaka,Dhaka,Z Well Homes Pvt. Ltd.,8
2023-02-28,2023,Feb,South,Bhola,Zabbar Biswas Traders,13
2023-02-28,2023,Feb,Dhaka,Dhaka,Zaman Traders ( Savar),39
2023-03-31,2023,Mar,Dhaka,Dhaka,A.R Corporation,34
2023-03-31,2023,Mar,North,Lalmonirhat,Abdul Hakim,13
2023-03-31,2023,Mar,Dhaka,Dhaka,Abir Enterprise,64
2023-03-31,2023,Mar,Dhaka,Narayanganj,Abu Mohammad Yousuf and Sons,79
2023-03-31,2023,Mar,South,Barguna,Agrani Traders,42
2023-03-31,2023,Mar,North East,Narsingdi,Ahasan Store,10
2023-03-31,2023,Mar,Dhaka,Dhaka,Ahmed Jamal Baridhara,5
2023-03-31,2023,Mar,North East,Dhaka,AK Developers Ltd.,5
2023-03-31,2023,Mar,Dhaka,Dhaka,Akhter Traders,37
2023-03-31,2023,Mar,Dhaka,Dhaka,Al Baraka Steel Corporation- Mirpur,9
2023-03-31,2023,Mar,North,Dinajpur,Al Haj Traders,13
2023-03-31,2023,Mar,North,Rajshahi,Al Manar Steel,345
2023-03-31,2023,Mar,Dhaka,Narayanganj,Al-Ahamadiah Steel,55
2023-03-31,2023,Mar,Dhaka,Dhaka,Alamgir Steel Corporation,7
2023-03-31,2023,Mar,Dhaka,Dhaka,Amin and Brother,18
2023-03-31,2023,Mar,South,Shariatpur,Amin Store,91
2023-03-31,2023,Mar,South,Rajbari,Anupam Nirmata,26
2023-03-31,2023,Mar,South,Rajbari,Anwar Traders,39
2023-03-31,2023,Mar,South,Meherpur,Arif Enterprise,13
2023-03-31,2023,Mar,Dhaka,Gazipur,Arifa Enterprise,56
2023-03-31,2023,Mar,Dhaka,Dhaka,Arowa Traders,737
2023-03-31,2023,Mar,North,Kurigram,Bhai Bhai Trading,169
2023-03-31,2023,Mar,South,Chuadanga,Brothers Traders,13
2023-03-31,2023,Mar,Dhaka,Dhaka,Build Asia (D),46
2023-03-31,2023,Mar,Dhaka,Dhaka,Capital Builders,111
2023-03-31,2023,Mar,Dhaka,Dhaka,Chimbuk Cermic Bricks Ltd,7
2023-03-31,2023,Mar,North,Tangail,Chunailal Traders,22
2023-03-31,2023,Mar,North East,Mymensingh,Community Health Foundation Bangladesh,29
2023-03-31,2023,Mar,North,Naogaon,Dabi Moulik Unnayan Sangstha,14
2023-03-31,2023,Mar,South,Kushtia,Dhaka Steel,72
2023-03-31,2023,Mar,Dhaka,Gazipur,Dhaka Trade Centre,48
2023-03-31,2023,Mar,North,Naogaon,Dipak Kumar Deb,91
2023-03-31,2023,Mar,North East,Chandpur,Doha Traders,6
2023-03-31,2023,Mar,North East,Cumilla,Engr. Mozammel Hoque,6
2023-03-31,2023,Mar,Dhaka,Dhaka,ENTECH PROPERTIES LTD.,16
2023-03-31,2023,Mar,Dhaka,Dhaka,Estia Enterprise (Manda),88
2023-03-31,2023,Mar,Dhaka,Gazipur,Evan Enterprise,129
2023-03-31,2023,Mar,North East,Mymensingh,F.S Enterprise,131
2023-03-31,2023,Mar,North,Kurigram,Farhad and Brothers,39
2023-03-31,2023,Mar,Dhaka,Dhaka,Farid Enterprise,32
2023-03-31,2023,Mar,Dhaka,Manikganj,Faruk and Brothers,143
2023-03-31,2023,Mar,Dhaka,Dhaka,Gawsia Enterprise,253
2023-03-31,2023,Mar,Dhaka,Gazipur,Giash Steel,102
2023-03-31,2023,Mar,Dhaka,Dhaka,H.S Corporation,57
2023-03-31,2023,Mar,South,Faridpur,Habib Enterprise (Faridpur),78
2023-03-31,2023,Mar,Dhaka,Gazipur,Haji Enterprise - Gazipur,37
2023-03-31,2023,Mar,North,Dinajpur,Hamana Traders,26
2023-03-31,2023,Mar,North,Bogura,Hannan Traders,26
2023-03-31,2023,Mar,North,Tangail,Harun Enterprise,225
2023-03-31,2023,Mar,Dhaka,Narayanganj,Hazi Traders,10
2023-03-31,2023,Mar,Dhaka,Dhaka,Hobigonj Traders,20
2023-03-31,2023,Mar,Dhaka,Dhaka,Howlader Enterprise,220
2023-03-31,2023,Mar,Dhaka,Dhaka,Human Resource Welfare Multipurpose Co-operative Society Ltd.,19
2023-03-31,2023,Mar,Dhaka,Narayanganj,Ikhwan Construction,34
2023-03-31,2023,Mar,North,Rangpur,Imarat Trading,117
2023-03-31,2023,Mar,South,Jhenaidah,Islam Traders - Jhenaida,13
2023-03-31,2023,Mar,Dhaka,Dhaka,Jaroms Industries Ltd.,37
2023-03-31,2023,Mar,South,Faridpur,Jaseka Traders,104
2023-03-31,2023,Mar,North East,Noakhali,Jashim Steel House,69
2023-03-31,2023,Mar,Dhaka,Gazipur,Jidni Enterprise,25
2023-03-31,2023,Mar,North,Tangail,Joy Joya Enterprise,65
2023-03-31,2023,Mar,Dhaka,Dhaka,Kaizen Group,8
2023-03-31,2023,Mar,Dhaka,Gazipur,Kamrul Trading Corporation,49
2023-03-31,2023,Mar,Dhaka,Gazipur,Kashem and Sons,37
2023-03-31,2023,Mar,Dhaka,Dhaka,Khan Enterprise,207
2023-03-31,2023,Mar,South,Khulna,Khan Traders -Khulna,13
2023-03-31,2023,Mar,South,Madaripur,Khan Traders- Madaripur,13
2023-03-31,2023,Mar,Dhaka,Gazipur,Khurshida Builders,93
2023-03-31,2023,Mar,Dhaka,Dhaka,Kolatia Traders,13
2023-03-31,2023,Mar,North,Nilphamari,L.N Trading Co.,52
2023-03-31,2023,Mar,North East,Sylhet,Ludhi Steel Marchant,13
2023-03-31,2023,Mar,North East,Mymensingh,M K Traders,16
2023-03-31,2023,Mar,North East,Cumilla,M/S Abedin Enterprise,37
2023-03-31,2023,Mar,Dhaka,Dhaka,M/S Adil Enterprise,18
2023-03-31,2023,Mar,Dhaka,Gazipur,M/S Alam Traders-Gazipur,5
2023-03-31,2023,Mar,South,Shariatpur,M/S Aliuzzaman Mir Malot,13
2023-03-31,2023,Mar,Dhaka,Dhaka,M/S Apurba Build Bazar,46
2023-03-31,2023,Mar,South,Faridpur,M/S Asraf  and Sons,13
2023-03-31,2023,Mar,South,Jashore,M/S Azim Shah Traders,39
2023-03-31,2023,Mar,South,Jashore,M/S Babu Traders,27
2023-03-31,2023,Mar,Dhaka,Dhaka,M/S Barik and Brothers,10
2023-03-31,2023,Mar,Dhaka,Dhaka,M/S Bhai Bhai Traders and Engineering Works,13
2023-03-31,2023,Mar,South,Jhenaidah,M/S Bondhu Enterprise,190
2023-03-31,2023,Mar,South,Gopalganj,M/S Fakir and Sons,13
2023-03-31,2023,Mar,South,Satkhira,M/S Faruk Traders-Sathkhira,26
2023-03-31,2023,Mar,South,Bhola,M/S H Rahman and Son's,46
2023-03-31,2023,Mar,Dhaka,Dhaka,M/S Haque and Hasan Traders,13
2023-03-31,2023,Mar,North East,Noakhali,M/S Hoque and Brothers (Noakhali),10
2023-03-31,2023,Mar,South,Meherpur,M/S Jony Enterprise -Meherpur,26
2023-03-31,2023,Mar,North,Tangail,M/S Jony Traders,26
2023-03-31,2023,Mar,South,Gopalganj,M/S Linkon Enterprise,65
2023-03-31,2023,Mar,Dhaka,Gazipur,M/S Mawna Builders,43
2023-03-31,2023,Mar,North,Tangail,M/S Maya Traders,34
2023-03-31,2023,Mar,South,Bhola,M/S Md Jamal Uddin Golder,8
2023-03-31,2023,Mar,Dhaka,Gazipur,M/s Midul Enterprise,55
2023-03-31,2023,Mar,North,Bogura,M/S Minar Iron Store,13
2023-03-31,2023,Mar,North East,Narsingdi,M/S Mollah Enterprise-Narsingdi,13
2023-03-31,2023,Mar,North,Rangpur,M/S Mondol Steel (Rangpur),13
2023-03-31,2023,Mar,South,Faridpur,M/S Nur Mahidi Nerman Vander,26
2023-03-31,2023,Mar,North,Dinajpur,M/S Popular Steel,13
2023-03-31,2023,Mar,Dhaka,Gazipur,M/S R.B Steel and Co.,58
2023-03-31,2023,Mar,Dhaka,Gazipur,M/S Rana Enterprise,33
2023-03-31,2023,Mar,South,Madaripur,M/S Saifullah Enterprise,26
2023-03-31,2023,Mar,North,Pabna,M/S Samir Traders,190
2023-03-31,2023,Mar,Dhaka,Gazipur,M/s Shah Trading,17
2023-03-31,2023,Mar,South,Faridpur,M/S Sony Vander,64
2023-03-31,2023,Mar,North,Chapainawabganj,M/S Sweet Enterprise,13
2023-03-31,2023,Mar,South,Patuakhali,M/S. Abul Kalam Azad,42
2023-03-31,2023,Mar,North,Nilphamari,M/S. Al Amin Traders-Nilphamary,13
2023-03-31,2023,Mar,South,Barguna,M/S. Anower Brick,40
2023-03-31,2023,Mar,North,Rangpur,M/S. Billah Traders,13
2023-03-31,2023,Mar,North,Bogura,M/S. Bushra Traders,286
2023-03-31,2023,Mar,Dhaka,Dhaka,M/S. Feroza Enterprise,8
2023-03-31,2023,Mar,South,Barguna,M/S. Kamal Enterprise,33
2023-03-31,2023,Mar,Dhaka,Dhaka,M/S. Kamal Traders,9
2023-03-31,2023,Mar,South,Barishal,M/S. Mahabub Traders,70
2023-03-31,2023,Mar,North East,Brahmanbaria,M/S. Malek and Sons,14
2023-03-31,2023,Mar,North,Bogura,M/S. Mondol Traders-Shibgonj,13
2023-03-31,2023,Mar,North,Tangail,M/S. Monira Enterprise,42
2023-03-31,2023,Mar,North,Bogura,M/S. Mukta Traders,52
2023-03-31,2023,Mar,North,Dhaka,M/S. Purabi Traders,30
2023-03-31,2023,Mar,North,Bogura,M/S. Robin Traders,6
2023-03-31,2023,Mar,North East,Cumilla,M/S. RS Hardware,11
2023-03-31,2023,Mar,North East,Cumilla,M/S. Sadia Enterprise- Cumilla,12
2023-03-31,2023,Mar,North,Gaibandha,M/S. Sadikul Traders,18
2023-03-31,2023,Mar,Dhaka,Dhaka,M/S. Sawon Enterprise-Savar,7
2023-03-31,2023,Mar,South,Gopalganj,M/S. Sharif Enterprise,39
2023-03-31,2023,Mar,South,Narail,M/S. Sikdar Enterprise- Norail,66
2023-03-31,2023,Mar,Dhaka,Gazipur,M/S. Tosher Enterprise,27
2023-03-31,2023,Mar,North,Rangpur,M/S. Zaman Traders-Rangpur,91
2023-03-31,2023,Mar,North East,Chandpur,M/S: Tafhim Enterprise,20
2023-03-31,2023,Mar,North East,Feni,Madani Traders,28
2023-03-31,2023,Mar,Dhaka,Narayanganj,Madina Corporation,4
2023-03-31,2023,Mar,Dhaka,Narayanganj,Madina Trading Corporation Pvt. Ltd.,56
2023-03-31,2023,Mar,Dhaka,Dhaka,Mahadi Design and Construction,12
2023-03-31,2023,Mar,South,Jashore,Mahiya Kabir Corporation,40
2023-03-31,2023,Mar,Dhaka,Dhaka,Makkah Traders,46
2023-03-31,2023,Mar,Dhaka,Gazipur,Mamun Enterprise-Gazipur,103
2023-03-31,2023,Mar,North,Pabna,Mamun Traders-Pabna,26
2023-03-31,2023,Mar,North,Bogura,Master Traders (Shantahar),52
2023-03-31,2023,Mar,South,Barishal,Masud Enterprise,26
2023-03-31,2023,Mar,South,Madaripur,Mayer Doa Enterprise,39
2023-03-31,2023,Mar,Dhaka,Dhaka,Maysha Color Bank,12
2023-03-31,2023,Mar,Dhaka,Gazipur,MB Enterprise,10
2023-03-31,2023,Mar,Dhaka,Gazipur,Mim Enterprise,9
2023-03-31,2023,Mar,North East,Jamalpur,Mizan and Son's,6
2023-03-31,2023,Mar,Dhaka,Dhaka,Modina Steel Corporation,134
2023-03-31,2023,Mar,North East,Sherpur,Mofazzal Enterprise,177
2023-03-31,2023,Mar,South,Magura,Molla Banijjo Vander,13
2023-03-31,2023,Mar,Dhaka,Munshiganj,Molla Enterprise and Traders,17
2023-03-31,2023,Mar,North East,Cumilla,Molla Traders- Comilla,50
2023-03-31,2023,Mar,North,Kurigram,Mondol Traders- Kurigram,13
2023-03-31,2023,Mar,Dhaka,Gazipur,Mondol Traders-Gazipur,15
2023-03-31,2023,Mar,North East,Chandpur,MS.Billal Traders-Chandpur,11
2023-03-31,2023,Mar,North East,Cumilla,MS.Probashi G.I. Enterpries.,9
2023-03-31,2023,Mar,Dhaka,Dhaka,Munshigonj Steel House,24
2023-03-31,2023,Mar,North,Pabna,"Nabi Traders (Ishawrdi,  Pabna)",13
2023-03-31,2023,Mar,Dhaka,Dhaka,Nahar Steel,110
2023-03-31,2023,Mar,Dhaka,Dhaka,Nasrin Enterprise,34
2023-03-31,2023,Mar,Dhaka,Dhaka,Nayeef Trading Corporation,25
2023-03-31,2023,Mar,South,Jhenaidah,Nazmul Traders- Jhenaidah,54
2023-03-31,2023,Mar,South,Barishal,New Hasina Enterprise,13
2023-03-31,2023,Mar,Dhaka,Dhaka,Niloy Enterprise,0
2023-03-31,2023,Mar,Dhaka,Munshiganj,Nimtola Traders,5
2023-03-31,2023,Mar,South,Meherpur,Padma Enterprise,13
2023-03-31,2023,Mar,Dhaka,Dhaka,Popular Enterprise,12
2023-03-31,2023,Mar,South,Kushtia,R. Rahman Corporation,156
2023-03-31,2023,Mar,South,Madaripur,R. S Enterprise-Madaripur,27
2023-03-31,2023,Mar,Dhaka,Narayanganj,R.S Enterprise,104
2023-03-31,2023,Mar,North East,Chandpur,Rabbi Traders,34
2023-03-31,2023,Mar,Dhaka,Dhaka,Radial International Ltd.,13
2023-03-31,2023,Mar,North East,Narsingdi,Rahman Steel House,150
2023-03-31,2023,Mar,North,Gaibandha,Raju Traders,39
2023-03-31,2023,Mar,South,Narail,Rakhi Enterprise,40
2023-03-31,2023,Mar,South,Jashore,Razzaque Steel House,151
2023-03-31,2023,Mar,South,Patuakhali,Rema Enterprise,36
2023-03-31,2023,Mar,North East,Kishoreganj,Renu Traders,15
2023-03-31,2023,Mar,Dhaka,Gazipur,Ridwan Traders,20
2023-03-31,2023,Mar,Dhaka,Gazipur,S T Enterprise,58
2023-03-31,2023,Mar,South,Kushtia,Salam and Sons,156
2023-03-31,2023,Mar,South,Kushtia,Saleha Traders,117
2023-03-31,2023,Mar,North,Sirajganj,Sarkar Trading (Sirajgonj),26
2023-03-31,2023,Mar,North East,Narsingdi,Satata Enterprise-Norsingdi,20
2023-03-31,2023,Mar,North,Rangpur,Shah Md Ashrafudulla,65
2023-03-31,2023,Mar,Dhaka,Tangail,ShahatanNesa Nayabuddin Academy,20
2023-03-31,2023,Mar,South,Narail,Shahin Traders - Narail,66
2023-03-31,2023,Mar,South,Bhola,Shanaullah Enterprise,40
2023-03-31,2023,Mar,South,Khulna,Sharif and Co,24
2023-03-31,2023,Mar,South,Magura,Sharif Steel  Corner,129
2023-03-31,2023,Mar,South,Khulna,Shikder and Brothers,64
2023-03-31,2023,Mar,Dhaka,Dhaka,Sikder Enterprise (Keranigonj),13
2023-03-31,2023,Mar,North,Pabna,Sikder Traders (Pabna),130
2023-03-31,2023,Mar,Dhaka,Dhaka,Soma Enterprise,11
2023-03-31,2023,Mar,North,Gaibandha,Sorif Traders,104
2023-03-31,2023,Mar,Dhaka,Gazipur,Suma Enterprise - Sofipur,30
2023-03-31,2023,Mar,North,Rangpur,T.S.Enterprise(Rangpur),208
2023-03-31,2023,Mar,North,Rajshahi,Tariq  Enterprise,137
2023-03-31,2023,Mar,Dhaka,Dhaka,The Barik Brothers,838
2023-03-31,2023,Mar,Dhaka,Dhaka,"Tipu and Co.( Rayerbag, Jatrabari)",56
2023-03-31,2023,Mar,South,Meherpur,Tohmina Engineering Workshop,13
2023-03-31,2023,Mar,Dhaka,Manikganj,Wazuddin Traders,69
2023-03-31,2023,Mar,North East,Noakhali,Yeasin Traders,33
2023-03-31,2023,Mar,Dhaka,Dhaka,Younus Traders,35
2023-03-31,2023,Mar,Dhaka,Dhaka,Z Well Homes Pvt. Ltd.,19
2023-03-31,2023,Mar,South,Bhola,Zabbar Biswas Traders,65
2023-03-31,2023,Mar,Dhaka,Dhaka,Zaman Traders ( Savar),54
2023-04-30,2023,Apr,Dhaka,Dhaka,A.R Corporation,11
2023-04-30,2023,Apr,Dhaka,Dhaka,Abir Enterprise,28
2023-04-30,2023,Apr,Dhaka,Narayanganj,Abu Mohammad Yousuf and Sons,1
2023-04-30,2023,Apr,South,Barguna,Agrani Traders,14
2023-04-30,2023,Apr,North,Bogura,Ahmed Traders-Bogra,12
2023-04-30,2023,Apr,North East,Dhaka,AK Developers Ltd.,3
2023-04-30,2023,Apr,Dhaka,Dhaka,Akhter Traders,8
2023-04-30,2023,Apr,Dhaka,Dhaka,Al Baraka Steel Corporation- Mirpur,8
2023-04-30,2023,Apr,North,Rajshahi,Al Manar Steel,117
2023-04-30,2023,Apr,Dhaka,Dhaka,Alamgir Steel Corporation,4
2023-04-30,2023,Apr,Dhaka,Dhaka,Amin and Brother,6
2023-04-30,2023,Apr,South,Shariatpur,Amin Store,26
2023-04-30,2023,Apr,South,Rajbari,Anupam Nirmata,13
2023-04-30,2023,Apr,Dhaka,Gazipur,Arifa Enterprise,8
2023-04-30,2023,Apr,Dhaka,Dhaka,Arowa Traders,376
2023-04-30,2023,Apr,North,Rangpur,Bengal and Company,26
2023-04-30,2023,Apr,North,Kurigram,Bhai Bhai Trading,52
2023-04-30,2023,Apr,South,Dhaka,BRB Cable Industries Ltd. (Dr.),14
2023-04-30,2023,Apr,South,Chuadanga,Brothers Traders,26
2023-04-30,2023,Apr,Dhaka,Dhaka,Capital Builders,29
2023-04-30,2023,Apr,North,Pabna,D.K Traders,26
2023-04-30,2023,Apr,Dhaka,Dhaka,Delcot Limited Dr.,9
2023-04-30,2023,Apr,South,Kushtia,Dhaka Steel,13
2023-04-30,2023,Apr,Dhaka,Gazipur,Dhaka Trade Centre,13
2023-04-30,2023,Apr,North,Naogaon,Dipak Kumar Deb,26
2023-04-30,2023,Apr,Dhaka,Dhaka,Estia Enterprise (Manda),49
2023-04-30,2023,Apr,Dhaka,Gazipur,Evan Enterprise,63
2023-04-30,2023,Apr,North East,Mymensingh,F.S Enterprise,95
2023-04-30,2023,Apr,North,Kurigram,Farhad and Brothers,13
2023-04-30,2023,Apr,Dhaka,Manikganj,Faruk and Brothers,104
2023-04-30,2023,Apr,Dhaka,Dhaka,Gawsia Enterprise,138
2023-04-30,2023,Apr,Dhaka,Gazipur,Giash Steel,59
2023-04-30,2023,Apr,Dhaka,Dhaka,H.S Corporation,43
2023-04-30,2023,Apr,South,Faridpur,Habib Enterprise (Faridpur),65
2023-04-30,2023,Apr,Dhaka,Gazipur,Haji Enterprise - Gazipur,49
2023-04-30,2023,Apr,North,Dinajpur,Hamana Traders,13
2023-04-30,2023,Apr,North,Bogura,Hannan Traders,13
2023-04-30,2023,Apr,North,Tangail,Harun Enterprise,65
2023-04-30,2023,Apr,Dhaka,Dhaka,Hobigonj Traders,8
2023-04-30,2023,Apr,Dhaka,Dhaka,Howlader Enterprise,136
2023-04-30,2023,Apr,Dhaka,Dhaka,Human Resource Welfare Multipurpose Co-operative Society Ltd.,5
2023-04-30,2023,Apr,North,Rangpur,Imarat Trading,26
2023-04-30,2023,Apr,South,Faridpur,Iron and Steel House,13
2023-04-30,2023,Apr,South,Faridpur,Jaseka Traders,52
2023-04-30,2023,Apr,North East,Noakhali,Jashim Steel House,6
2023-04-30,2023,Apr,Dhaka,Gazipur,Jidni Enterprise,8
2023-04-30,2023,Apr,North,Tangail,Joy Joya Enterprise,26
2023-04-30,2023,Apr,Dhaka,Gazipur,Kamrul Trading Corporation,27
2023-04-30,2023,Apr,Dhaka,Gazipur,Kashem and Sons,21
2023-04-30,2023,Apr,Dhaka,Dhaka,Khan Enterprise,157
2023-04-30,2023,Apr,South,Khulna,Khan Traders -Khulna,13
2023-04-30,2023,Apr,South,Madaripur,Khan Traders- Madaripur,13
2023-04-30,2023,Apr,Dhaka,Gazipur,Khurshida Builders,75
2023-04-30,2023,Apr,Dhaka,Dhaka,Kolatia Traders,14
2023-04-30,2023,Apr,North,Nilphamari,L.N Trading Co.,78
2023-04-30,2023,Apr,South,Patuakhali,Lila Enterprise,10
2023-04-30,2023,Apr,North East,Mymensingh,M K Traders,12
2023-04-30,2023,Apr,South,Chuadanga,M/S - Younus Hardware,13
2023-04-30,2023,Apr,North East,Cumilla,M/S Abedin Enterprise,34
2023-04-30,2023,Apr,Dhaka,Dhaka,M/S Adil Enterprise,10
2023-04-30,2023,Apr,Dhaka,Gazipur,M/S Alam Traders-Gazipur,3
2023-04-30,2023,Apr,Dhaka,Dhaka,M/S Apurba Build Bazar,21
2023-04-30,2023,Apr,South,Faridpur,M/S Asraf  and Sons,13
2023-04-30,2023,Apr,South,Jashore,M/S Azim Shah Traders,26
2023-04-30,2023,Apr,North,Natore,M/S Azmir Enterprise,10
2023-04-30,2023,Apr,Dhaka,Dhaka,M/S Barik and Brothers,10
2023-04-30,2023,Apr,Dhaka,Dhaka,M/S Bhai Bhai Traders and Engineering Works,9
2023-04-30,2023,Apr,South,Jhenaidah,M/S Bondhu Enterprise,113
2023-04-30,2023,Apr,South,Gopalganj,M/S Fakir and Sons,20
2023-04-30,2023,Apr,South,Satkhira,M/S Faruk Traders-Sathkhira,26
2023-04-30,2023,Apr,South,Bhola,M/S H Rahman and Son's,39
2023-04-30,2023,Apr,Dhaka,Dhaka,M/S Haque and Hasan Traders,11
2023-04-30,2023,Apr,North East,Noakhali,M/S Hoque and Brothers (Noakhali),1
2023-04-30,2023,Apr,South,Gopalganj,M/S Linkon Enterprise,13
2023-04-30,2023,Apr,South,Jhalokati,M/S Mary Suppliers and Mary Bricks,13
2023-04-30,2023,Apr,Dhaka,Gazipur,M/S Mawna Builders,21
2023-04-30,2023,Apr,North,Tangail,M/S Maya Traders,39
2023-04-30,2023,Apr,South,Bhola,M/S Md Jamal Uddin Golder,11
2023-04-30,2023,Apr,Dhaka,Gazipur,M/s Midul Enterprise,31
2023-04-30,2023,Apr,South,Faridpur,M/S Nur Mahidi Nerman Vander,20
2023-04-30,2023,Apr,Dhaka,Gazipur,M/S R.B Steel and Co.,35
2023-04-30,2023,Apr,North,Pabna,M/S Samir Traders,39
2023-04-30,2023,Apr,South,Faridpur,M/S Sony Vander,26
2023-04-30,2023,Apr,South,Jhenaidah,M/S Zaman Traders-Jhenaidah,19
2023-04-30,2023,Apr,South,Patuakhali,M/S. Abul Kalam Azad,3
2023-04-30,2023,Apr,South,Barguna,M/S. Anower Brick,40
2023-04-30,2023,Apr,North,Bogura,M/S. Bushra Traders,156
2023-04-30,2023,Apr,South,Jashore,M/S. Dipro Enterprise,34
2023-04-30,2023,Apr,Dhaka,Dhaka,M/S. Feroza Enterprise,13
2023-04-30,2023,Apr,North East,Jamalpur,M/S. Jibon Traders,13
2023-04-30,2023,Apr,South,Barguna,M/S. Kamal Enterprise,10
2023-04-30,2023,Apr,Dhaka,Dhaka,M/S. Kamal Traders,5
2023-04-30,2023,Apr,North,Tangail,M/S. Monira Enterprise,28
2023-04-30,2023,Apr,Dhaka,Narayanganj,M/S. MUKTA ENTERPRISE-N.GONJ,5
2023-04-30,2023,Apr,North,Bogura,M/S. Mukta Traders,13
2023-04-30,2023,Apr,Dhaka,Dhaka,M/S. Rayhan Enterprise,28
2023-04-30,2023,Apr,North East,Cumilla,M/S. RS Hardware,6
2023-04-30,2023,Apr,North East,Cumilla,M/S. Sadia Enterprise- Cumilla,7
2023-04-30,2023,Apr,Dhaka,Dhaka,M/S. Sawon Enterprise-Savar,7
2023-04-30,2023,Apr,South,Narail,M/S. Sikdar Enterprise- Norail,40
2023-04-30,2023,Apr,Dhaka,Gazipur,M/S. Tosher Enterprise,18
2023-04-30,2023,Apr,North,Rangpur,M/S. Zaman Traders-Rangpur,65
2023-04-30,2023,Apr,North East,Feni,Madani Traders,2
2023-04-30,2023,Apr,South,Shariatpur,Madbor Enterprise,26
2023-04-30,2023,Apr,Dhaka,Narayanganj,Madina Corporation,8
2023-04-30,2023,Apr,Dhaka,Narayanganj,Madina Trading Corporation Pvt. Ltd.,20
2023-04-30,2023,Apr,Dhaka,Dhaka,Mahadi Design and Construction,11
2023-04-30,2023,Apr,South,Jashore,Mahiya Kabir Corporation,42
2023-04-30,2023,Apr,Dhaka,Dhaka,Makkah Traders,26
2023-04-30,2023,Apr,Dhaka,Gazipur,Mamun Enterprise-Gazipur,74
2023-04-30,2023,Apr,North,Pabna,Mamun Traders-Pabna,13
2023-04-30,2023,Apr,North,Bogura,Master Traders (Shantahar),39
2023-04-30,2023,Apr,South,Barishal,Masud Enterprise,20
2023-04-30,2023,Apr,South,Madaripur,Mayer Doa Enterprise,13
2023-04-30,2023,Apr,Dhaka,Dhaka,Maysha Color Bank,6
2023-04-30,2023,Apr,Dhaka,Gazipur,Mim Enterprise,0
2023-04-30,2023,Apr,North,Sirajganj,Mobasshirah Trading Co.,13
2023-04-30,2023,Apr,Dhaka,Dhaka,Modina Steel Corporation,42
2023-04-30,2023,Apr,North East,Sherpur,Mofazzal Enterprise,98
2023-04-30,2023,Apr,Dhaka,Munshiganj,Molla Enterprise and Traders,5
2023-04-30,2023,Apr,North East,Cumilla,Molla Traders- Comilla,12
2023-04-30,2023,Apr,Dhaka,Gazipur,Mowchak Steel Corporation,6
2023-04-30,2023,Apr,Dhaka,Dhaka,Munshigonj Steel House,32
2023-04-30,2023,Apr,North,Pabna,"Nabi Traders (Ishawrdi,  Pabna)",26
2023-04-30,2023,Apr,Dhaka,Dhaka,Nahar Steel,68
2023-04-30,2023,Apr,Dhaka,Dhaka,Nal Gulf Construction and Properties,6
2023-04-30,2023,Apr,Dhaka,Dhaka,Nasrin Enterprise,43
2023-04-30,2023,Apr,Dhaka,Dhaka,Nayeef Trading Corporation,6
2023-04-30,2023,Apr,South,Jhenaidah,Nazmul Traders- Jhenaidah,33
2023-04-30,2023,Apr,Dhaka,Dhaka,Niloy Enterprise,14
2023-04-30,2023,Apr,North,Dinajpur,Nur Steel,13
2023-04-30,2023,Apr,South,Meherpur,Padma Enterprise,26
2023-04-30,2023,Apr,Dhaka,Dhaka,Popular Enterprise,8
2023-04-30,2023,Apr,North,Bogura,Priti Traders (Bogra),13
2023-04-30,2023,Apr,South,Kushtia,R. Rahman Corporation,13
2023-04-30,2023,Apr,South,Madaripur,R. S Enterprise-Madaripur,13
2023-04-30,2023,Apr,Dhaka,Narayanganj,R.S Enterprise,93
2023-04-30,2023,Apr,North East,Chandpur,Rabbi Traders,32
2023-04-30,2023,Apr,North East,Narsingdi,Rahman Steel House,40
2023-04-30,2023,Apr,South,Jashore,Razzaque Steel House,91
2023-04-30,2023,Apr,South,Patuakhali,Rema Enterprise,17
2023-04-30,2023,Apr,North East,Kishoreganj,Renu Traders,24
2023-04-30,2023,Apr,Dhaka,Gazipur,Ridwan Traders,13
2023-04-30,2023,Apr,Dhaka,Gazipur,S T Enterprise,8
2023-04-30,2023,Apr,South,Kushtia,Salam and Sons,144
2023-04-30,2023,Apr,South,Kushtia,Saleha Traders,119
2023-04-30,2023,Apr,North,Sirajganj,Sarkar Trading (Sirajgonj),13
2023-04-30,2023,Apr,South,Narail,Shahin Traders - Narail,55
2023-04-30,2023,Apr,South,Bhola,Shanaullah Enterprise,35
2023-04-30,2023,Apr,South,Magura,Sharif Steel  Corner,59
2023-04-30,2023,Apr,South,Khulna,Shikder and Brothers,23
2023-04-30,2023,Apr,Dhaka,Dhaka,Sikder Enterprise (Keranigonj),7
2023-04-30,2023,Apr,North,Pabna,Sikder Traders (Pabna),13
2023-04-30,2023,Apr,Dhaka,Dhaka,Soma Enterprise,10
2023-04-30,2023,Apr,North,Gaibandha,Sorif Traders,39
2023-04-30,2023,Apr,Dhaka,Gazipur,Suma Enterprise - Sofipur,10
2023-04-30,2023,Apr,North,Rangpur,T.S.Enterprise(Rangpur),195
2023-04-30,2023,Apr,North,Rajshahi,Tariq  Enterprise,52
2023-04-30,2023,Apr,Dhaka,Dhaka,The Barik Brothers,440
2023-04-30,2023,Apr,Dhaka,Dhaka,"Tipu and Co.( Rayerbag, Jatrabari)",20
2023-04-30,2023,Apr,South,Meherpur,Tohmina Engineering Workshop,13
2023-04-30,2023,Apr,North,Sirajganj,Ullapara Variety Store,26
2023-04-30,2023,Apr,Dhaka,Manikganj,Wazuddin Traders,13
2023-04-30,2023,Apr,North East,Noakhali,Yeasin Traders,8
2023-04-30,2023,Apr,Dhaka,Dhaka,Younus Traders,16
2023-04-30,2023,Apr,Dhaka,Dhaka,Z Well Homes Pvt. Ltd.,24
2023-04-30,2023,Apr,South,Bhola,Zabbar Biswas Traders,26
2023-04-30,2023,Apr,Dhaka,Dhaka,Zaman Traders ( Savar),27
2023-05-31,2023,May,Dhaka,Dhaka,A.R Corporation,34
2023-05-31,2023,May,North,Lalmonirhat,Abdul Hakim,13
2023-05-31,2023,May,Dhaka,Dhaka,Abir Enterprise,92
2023-05-31,2023,May,North,Pabna,Abul Hossain Traders,26
2023-05-31,2023,May,Dhaka,Dhaka,AG Trading,6
2023-05-31,2023,May,South,Barguna,Agrani Traders,47
2023-05-31,2023,May,North,Bogura,Ahmed Traders-Bogra,12
2023-05-31,2023,May,Dhaka,Dhaka,Akhter Traders,14
2023-05-31,2023,May,Dhaka,Dhaka,Al Baraka Steel Corporation- Mirpur,22
2023-05-31,2023,May,North,Dinajpur,Al Haj Traders,13
2023-05-31,2023,May,North,Rajshahi,Al Manar Steel,355
2023-05-31,2023,May,Dhaka,Dhaka,Amin and Brother,17
2023-05-31,2023,May,South,Shariatpur,Amin Store,40
2023-05-31,2023,May,South,Rajbari,Anupam Nirmata,13
2023-05-31,2023,May,South,Rajbari,Anwar Traders,26
2023-05-31,2023,May,South,Meherpur,Arif Enterprise,13
2023-05-31,2023,May,Dhaka,Gazipur,Arifa Enterprise,23
2023-05-31,2023,May,Dhaka,Dhaka,Arowa Traders,1217.00
2023-05-31,2023,May,North,Rangpur,Bengal and Company,26
2023-05-31,2023,May,North,Kurigram,Bhai Bhai Trading,65
2023-05-31,2023,May,South,Chuadanga,Brothers Traders,13
2023-05-31,2023,May,Dhaka,Dhaka,Build Asia (D),45
2023-05-31,2023,May,Dhaka,Dhaka,Capital Builders,75
2023-05-31,2023,May,North East,Mymensingh,Community Health Foundation Bangladesh,50
2023-05-31,2023,May,North,Pabna,D.K Traders,26
2023-05-31,2023,May,South,Gopalganj,Delwar and Brothers - Gopalgonj,86
2023-05-31,2023,May,South,Kushtia,Dhaka Steel,53
2023-05-31,2023,May,Dhaka,Gazipur,Dhaka Trade Centre,36
2023-05-31,2023,May,North,Naogaon,Dipak Kumar Deb,52
2023-05-31,2023,May,Dhaka,Dhaka,Estia Enterprise (Manda),120
2023-05-31,2023,May,Dhaka,Gazipur,Evan Enterprise,1
2023-05-31,2023,May,North East,Mymensingh,F.S Enterprise,115
2023-05-31,2023,May,Dhaka,Dhaka,Fame Structure Ltd.,13
2023-05-31,2023,May,North,Kurigram,Farhad and Brothers,13
2023-05-31,2023,May,Dhaka,Dhaka,Farid Enterprise,12
2023-05-31,2023,May,Dhaka,Manikganj,Faruk and Brothers,179
2023-05-31,2023,May,South,Meherpur,Faruk Enterprise - Meherpur,39
2023-05-31,2023,May,North,Thakurgaon,Gallery Traders,26
2023-05-31,2023,May,Dhaka,Dhaka,Gawsia Enterprise,317
2023-05-31,2023,May,Dhaka,Gazipur,Giash Steel,120
2023-05-31,2023,May,North East,Cumilla,Grameen Traders,8
2023-05-31,2023,May,Dhaka,Dhaka,H.S Corporation,70
2023-05-31,2023,May,South,Faridpur,Habib Enterprise (Faridpur),78
2023-05-31,2023,May,Dhaka,Gazipur,Haji Enterprise - Gazipur,0
2023-05-31,2023,May,North,Dinajpur,Hamana Traders,13
2023-05-31,2023,May,North,Bogura,Hannan Traders,78
2023-05-31,2023,May,North,Tangail,Harun Enterprise,113
2023-05-31,2023,May,Dhaka,Dhaka,Hobigonj Traders,61
2023-05-31,2023,May,Dhaka,Dhaka,Howlader Enterprise,272
2023-05-31,2023,May,Dhaka,Dhaka,Human Resource Welfare Multipurpose Co-operative Society Ltd.,35
2023-05-31,2023,May,Dhaka,Narayanganj,Ikhwan Construction,30
2023-05-31,2023,May,North,Rangpur,Imarat Trading,91
2023-05-31,2023,May,South,Faridpur,Iron and Steel House,26
2023-05-31,2023,May,South,Faridpur,Jaseka Traders,72
2023-05-31,2023,May,North East,Noakhali,Jashim Steel House,57
2023-05-31,2023,May,Dhaka,Gazipur,Jidni Enterprise,5
2023-05-31,2023,May,North,Tangail,Joy Joya Enterprise,40
2023-05-31,2023,May,Dhaka,Gazipur,Kamrul Trading Corporation,20
2023-05-31,2023,May,Dhaka,Gazipur,Kashem and Sons,60
2023-05-31,2023,May,North East,Noakhali,Kashem Traders (Noakhali),13
2023-05-31,2023,May,Dhaka,Dhaka,Khan Enterprise,281
2023-05-31,2023,May,Dhaka,Gazipur,Khurshida Builders,110
2023-05-31,2023,May,Dhaka,Dhaka,Kolatia Traders,10
2023-05-31,2023,May,Dhaka,Gazipur,Konabari Trade Center,50
2023-05-31,2023,May,North,Nilphamari,L.N Trading Co.,78
2023-05-31,2023,May,North East,Sylhet,Ludhi Steel Marchant,200
2023-05-31,2023,May,South,Chuadanga,M/S - Younus Hardware,13
2023-05-31,2023,May,Dhaka,Dhaka,M/S Adil Enterprise,9
2023-05-31,2023,May,Dhaka,Gazipur,M/S Alam Traders-Gazipur,4
2023-05-31,2023,May,Dhaka,Dhaka,M/S Apurba Build Bazar,24
2023-05-31,2023,May,South,Faridpur,M/S Asraf  and Sons,26
2023-05-31,2023,May,South,Jashore,M/S Azim Shah Traders,60
2023-05-31,2023,May,North,Natore,M/S Azmir Enterprise,14
2023-05-31,2023,May,Dhaka,Dhaka,M/S Bhai Bhai Traders and Engineering Works,22
2023-05-31,2023,May,South,Jhenaidah,M/S Bondhu Enterprise,154
2023-05-31,2023,May,South,Gopalganj,M/S Fakir and Sons,26
2023-05-31,2023,May,South,Satkhira,M/S Faruk Traders-Sathkhira,13
2023-05-31,2023,May,South,Bhola,M/S H Rahman and Son's,26
2023-05-31,2023,May,Dhaka,Dhaka,M/S Haque and Hasan Traders,18
2023-05-31,2023,May,Dhaka,Dhaka,M/S Hazi Sarif Munshi Traders,9
2023-05-31,2023,May,North East,Noakhali,M/S Hoque and Brothers (Noakhali),15
2023-05-31,2023,May,South,Jashore,M/S Johir Enterprise,28
2023-05-31,2023,May,South,Gopalganj,M/S Linkon Enterprise,27
2023-05-31,2023,May,South,Jhalokati,M/S Mary Suppliers and Mary Bricks,46
2023-05-31,2023,May,Dhaka,Gazipur,M/S Mawna Builders,5
2023-05-31,2023,May,North,Tangail,M/S Maya Traders,42
2023-05-31,2023,May,South,Bhola,M/S Md Jamal Uddin Golder,5
2023-05-31,2023,May,Dhaka,Gazipur,M/s Midul Enterprise,63
2023-05-31,2023,May,North,Rangpur,M/S Mondol Steel (Rangpur),8
2023-05-31,2023,May,South,Faridpur,M/S Nur Mahidi Nerman Vander,54
2023-05-31,2023,May,North,Dinajpur,M/S Popular Steel,13
2023-05-31,2023,May,South,Gopalganj,M/s Porosh Enterprise,14
2023-05-31,2023,May,Dhaka,Gazipur,M/S R.B Steel and Co.,39
2023-05-31,2023,May,Dhaka,Gazipur,M/S Rana Enterprise,170
2023-05-31,2023,May,South,Madaripur,M/S Saifullah Enterprise,26
2023-05-31,2023,May,North,Pabna,M/S Samir Traders,120
2023-05-31,2023,May,Dhaka,Gazipur,M/s Shah Trading,51
2023-05-31,2023,May,South,Faridpur,M/S Sony Vander,25
2023-05-31,2023,May,South,Jhenaidah,M/S Zaman Traders-Jhenaidah,7
2023-05-31,2023,May,South,Barguna,M/S. Anower Brick,20
2023-05-31,2023,May,North,Rangpur,M/S. Billah Traders,13
2023-05-31,2023,May,North,Bogura,M/S. Bushra Traders,274
2023-05-31,2023,May,South,Barguna,M/S. Kamal Enterprise,14
2023-05-31,2023,May,South,Khulna,M/S. M. A Traders (Dr.),59
2023-05-31,2023,May,Dhaka,Dhaka,M/S. Maa Enterprise,21
2023-05-31,2023,May,South,Barishal,M/S. Mahabub Traders,40
2023-05-31,2023,May,North East,Brahmanbaria,M/S. Malek and Sons,39
2023-05-31,2023,May,South,Satkhira,M/S. Mayer Doa Sanitary and Anwar Sheet Enterprise,13
2023-05-31,2023,May,North,Tangail,M/S. Monira Enterprise,30
2023-05-31,2023,May,Dhaka,Narayanganj,M/S. MUKTA ENTERPRISE-N.GONJ,20
2023-05-31,2023,May,North,Bogura,M/S. Mukta Traders,39
2023-05-31,2023,May,North,Panchagarh,M/S. Rashad Traders,13
2023-05-31,2023,May,Dhaka,Dhaka,M/S. Rayhan Enterprise,98
2023-05-31,2023,May,North,Bogura,M/S. Robin Traders,27
2023-05-31,2023,May,North East,Cumilla,M/S. RS Hardware,6
2023-05-31,2023,May,North East,Cumilla,M/S. Sadia Enterprise- Cumilla,11
2023-05-31,2023,May,North,Gaibandha,M/S. Sadikul Traders,13
2023-05-31,2023,May,Dhaka,Dhaka,M/S. Sawon Enterprise-Savar,5
2023-05-31,2023,May,South,Gopalganj,M/S. Sharif Enterprise,13
2023-05-31,2023,May,South,Narail,M/S. Sikdar Enterprise- Norail,113
2023-05-31,2023,May,Dhaka,Gazipur,M/S. Tosher Enterprise,62
2023-05-31,2023,May,North,Rangpur,M/S. Zaman Traders-Rangpur,104
2023-05-31,2023,May,North East,Feni,Madani Traders,71
2023-05-31,2023,May,South,Shariatpur,Madbor Enterprise,26
2023-05-31,2023,May,Dhaka,Narayanganj,Madina Corporation,16
2023-05-31,2023,May,Dhaka,Narayanganj,Madina Trading Corporation Pvt. Ltd.,104
2023-05-31,2023,May,Dhaka,Dhaka,Mahadi Design and Construction,28
2023-05-31,2023,May,South,Jashore,Mahiya Kabir Corporation,66
2023-05-31,2023,May,Dhaka,Dhaka,Mahmud Ali,5
2023-05-31,2023,May,Dhaka,Dhaka,Makkah Traders,62
2023-05-31,2023,May,Dhaka,Gazipur,Mamun Enterprise-Gazipur,159
2023-05-31,2023,May,North,Pabna,Mamun Traders-Pabna,26
2023-05-31,2023,May,South,Barishal,Masud Enterprise,40
2023-05-31,2023,May,South,Madaripur,Mayer Doa Enterprise,39
2023-05-31,2023,May,Dhaka,Dhaka,Maysha Color Bank,17
2023-05-31,2023,May,Dhaka,Gazipur,MB Enterprise,44
2023-05-31,2023,May,Dhaka,Dhaka,Md. Hassan Kalu,4
2023-05-31,2023,May,Dhaka,Gazipur,Mim Enterprise,39
2023-05-31,2023,May,Dhaka,Dhaka,Misti Enterprise,10
2023-05-31,2023,May,North East,Jamalpur,Mizan and Son's,18
2023-05-31,2023,May,North,Sirajganj,Mobasshirah Trading Co.,13
2023-05-31,2023,May,Dhaka,Dhaka,Modina Steel Corporation,173
2023-05-31,2023,May,North East,Sherpur,Mofazzal Enterprise,49
2023-05-31,2023,May,North East,Cumilla,Molla Traders- Comilla,12
2023-05-31,2023,May,Dhaka,Gazipur,Mowchak Steel Corporation,4
2023-05-31,2023,May,North East,Chandpur,MS.Billal Traders-Chandpur,6
2023-05-31,2023,May,Dhaka,Dhaka,Munshigonj Steel House,23
2023-05-31,2023,May,North,Pabna,"Nabi Traders (Ishawrdi,  Pabna)",26
2023-05-31,2023,May,Dhaka,Dhaka,Nahar Steel,138
2023-05-31,2023,May,Dhaka,Dhaka,Nal Gulf Construction and Properties,17
2023-05-31,2023,May,Dhaka,Dhaka,Nasrin Enterprise,28
2023-05-31,2023,May,Dhaka,Dhaka,Nayeef Trading Corporation,15
2023-05-31,2023,May,South,Jhenaidah,Nazmul Traders- Jhenaidah,40
2023-05-31,2023,May,South,Dhaka,New Era Manufacturing Ltd.,10
2023-05-31,2023,May,South,Barishal,New Hasina Enterprise,13
2023-05-31,2023,May,Dhaka,Dhaka,Niloy Enterprise,16
2023-05-31,2023,May,Dhaka,Munshiganj,Nimtola Traders,10
2023-05-31,2023,May,Dhaka,Dhaka,Popular Enterprise,29
2023-05-31,2023,May,North,Bogura,Priti Traders (Bogra),14
2023-05-31,2023,May,South,Kushtia,R. Rahman Corporation,143
2023-05-31,2023,May,South,Madaripur,R. S Enterprise-Madaripur,13
2023-05-31,2023,May,Dhaka,Narayanganj,R.S Enterprise,233
2023-05-31,2023,May,North East,Chandpur,Rabbi Traders,7
2023-05-31,2023,May,North East,Narsingdi,Rahman Steel House,141
2023-05-31,2023,May,South,Narail,Rakhi Enterprise,20
2023-05-31,2023,May,South,Jashore,Razzaque Steel House,40
2023-05-31,2023,May,South,Patuakhali,Rema Enterprise,139
2023-05-31,2023,May,North East,Kishoreganj,Renu Traders,82
2023-05-31,2023,May,Dhaka,Gazipur,Ridwan Traders,17
2023-05-31,2023,May,Dhaka,Gazipur,S T Enterprise,1
2023-05-31,2023,May,South,Khulna,S. S. Syndicate,13
2023-05-31,2023,May,North,Joypurhat,Saha Traders,14
2023-05-31,2023,May,South,Kushtia,Salam and Sons,169
2023-05-31,2023,May,South,Kushtia,Saleha Traders,124
2023-05-31,2023,May,North,Sirajganj,Sarkar Trading (Sirajgonj),13
2023-05-31,2023,May,North East,Narsingdi,Satata Enterprise-Norsingdi,14
2023-05-31,2023,May,Dhaka,Gazipur,Selim Enterprise,5
2023-05-31,2023,May,North,Rangpur,Shah Md Ashrafudulla,65
2023-05-31,2023,May,South,Narail,Shahin Traders - Narail,106
2023-05-31,2023,May,Dhaka,Dhaka,Shams Steel Agency,6
2023-05-31,2023,May,South,Bhola,Shanaullah Enterprise,28
2023-05-31,2023,May,South,Magura,Sharif Steel  Corner,139
2023-05-31,2023,May,South,Khulna,Shikder and Brothers,20
2023-05-31,2023,May,Dhaka,Dhaka,Sikder Enterprise (Keranigonj),6
2023-05-31,2023,May,North,Pabna,Sikder Traders (Pabna),65
2023-05-31,2023,May,Dhaka,Dhaka,Soma Enterprise,10
2023-05-31,2023,May,North,Gaibandha,Sorif Traders,13
2023-05-31,2023,May,Dhaka,Gazipur,Suma Enterprise - Sofipur,26
2023-05-31,2023,May,North,Rangpur,T.S.Enterprise(Rangpur),182
2023-05-31,2023,May,North,Rajshahi,Tariq  Enterprise,167
2023-05-31,2023,May,South,Narail,Tazmin Enterprise,13
2023-05-31,2023,May,Dhaka,Dhaka,The Barik Brothers,736
2023-05-31,2023,May,Dhaka,Dhaka,"Tipu and Co.( Rayerbag, Jatrabari)",60
2023-05-31,2023,May,South,Meherpur,Tohmina Engineering Workshop,13
2023-05-31,2023,May,North,Sirajganj,Ullapara Variety Store,52
2023-05-31,2023,May,Dhaka,Manikganj,Wazuddin Traders,50
2023-05-31,2023,May,North East,Noakhali,Yeasin Traders,35
2023-05-31,2023,May,Dhaka,Dhaka,Younus Traders,35
2023-05-31,2023,May,Dhaka,Dhaka,Z Well Homes Pvt. Ltd.,20
2023-05-31,2023,May,South,Bhola,Zabbar Biswas Traders,79
2023-05-31,2023,May,Dhaka,Dhaka,Zaman Traders ( Savar),56
2023-06-30,2023,Jun,Dhaka,Dhaka,A.R Corporation,79
2023-06-30,2023,Jun,North,Lalmonirhat,Abdul Hakim,13
2023-06-30,2023,Jun,Dhaka,Dhaka,Abir Enterprise,57
2023-06-30,2023,Jun,Dhaka,Dhaka,Ahmed Jamal Baridhara,4
2023-06-30,2023,Jun,North,Bogura,Ahmed Traders-Bogra,13
2023-06-30,2023,Jun,North East,Dhaka,AK Developers Ltd.,10
2023-06-30,2023,Jun,Dhaka,Dhaka,Akhter Traders,28
2023-06-30,2023,Jun,Dhaka,Dhaka,Al Baraka Steel Corporation- Mirpur,7
2023-06-30,2023,Jun,North,Rajshahi,Al Manar Steel,117
2023-06-30,2023,Jun,Dhaka,Dhaka,Amin and Brother,8
2023-06-30,2023,Jun,South,Shariatpur,Amin Store,40
2023-06-30,2023,Jun,South,Rajbari,Anupam Nirmata,13
2023-06-30,2023,Jun,South,Rajbari,Anwar Traders,13
2023-06-30,2023,Jun,Dhaka,Gazipur,Arifa Enterprise,51
2023-06-30,2023,Jun,Dhaka,Dhaka,Arowa Traders,1007.00
2023-06-30,2023,Jun,Dhaka,Gazipur,Ashik Traders,5
2023-06-30,2023,Jun,North,Rangpur,Bengal and Company,14
2023-06-30,2023,Jun,North,Kurigram,Bhai Bhai Trading,117
2023-06-30,2023,Jun,Dhaka,Dhaka,Bismillah Traders-Dhaka,125
2023-06-30,2023,Jun,South,Chuadanga,Brothers Traders,78
2023-06-30,2023,Jun,Dhaka,Dhaka,Capital Builders,62
2023-06-30,2023,Jun,North,Tangail,Chunailal Traders,10
2023-06-30,2023,Jun,Dhaka,Dhaka,Cixing Bangladesh Limited,9
2023-06-30,2023,Jun,South,Kushtia,Dhaka Steel,26
2023-06-30,2023,Jun,Dhaka,Gazipur,Dhaka Trade Centre,45
2023-06-30,2023,Jun,North,Naogaon,Dipak Kumar Deb,39
2023-06-30,2023,Jun,Dhaka,Dhaka,Estia Enterprise (Manda),71
2023-06-30,2023,Jun,Dhaka,Gazipur,Evan Enterprise,280
2023-06-30,2023,Jun,North East,Mymensingh,F.S Enterprise,172
2023-06-30,2023,Jun,North,Kurigram,Farhad and Brothers,54
2023-06-30,2023,Jun,Dhaka,Manikganj,Faruk and Brothers,170
2023-06-30,2023,Jun,North,Thakurgaon,Gallery Traders,7
2023-06-30,2023,Jun,North,Dinajpur,Gausheyz Ventores,26
2023-06-30,2023,Jun,Dhaka,Dhaka,Gawsia Enterprise,266
2023-06-30,2023,Jun,Dhaka,Gazipur,Giash Steel,29
2023-06-30,2023,Jun,North East,Cumilla,Grameen Traders,6
2023-06-30,2023,Jun,Dhaka,Dhaka,H.S Corporation,40
2023-06-30,2023,Jun,South,Faridpur,Habib Enterprise (Faridpur),67
2023-06-30,2023,Jun,North,Dinajpur,Hamana Traders,26
2023-06-30,2023,Jun,North,Bogura,Hannan Traders,65
2023-06-30,2023,Jun,North,Tangail,Harun Enterprise,158
2023-06-30,2023,Jun,Dhaka,Dhaka,Hobigonj Traders,24
2023-06-30,2023,Jun,Dhaka,Dhaka,Howlader Enterprise,179
2023-06-30,2023,Jun,Dhaka,Dhaka,Human Resource Welfare Multipurpose Co-operative Society Ltd.,15
2023-06-30,2023,Jun,North,Rangpur,Imarat Trading,78
2023-06-30,2023,Jun,South,Faridpur,Jaseka Traders,78
2023-06-30,2023,Jun,North East,Noakhali,Jashim Steel House,26
2023-06-30,2023,Jun,North,Tangail,Joy Joya Enterprise,50
2023-06-30,2023,Jun,Dhaka,Gazipur,Kamrul Trading Corporation,50
2023-06-30,2023,Jun,Dhaka,Gazipur,Kashem and Sons,36
2023-06-30,2023,Jun,Dhaka,Dhaka,Khan Enterprise,276
2023-06-30,2023,Jun,South,Khulna,Khan Traders -Khulna,13
2023-06-30,2023,Jun,South,Madaripur,Khan Traders- Madaripur,13
2023-06-30,2023,Jun,Dhaka,Gazipur,Khurshida Builders,100
2023-06-30,2023,Jun,Dhaka,Dhaka,Kolatia Traders,4
2023-06-30,2023,Jun,North,Nilphamari,L.N Trading Co.,65
2023-06-30,2023,Jun,South,Patuakhali,Lila Enterprise,11
2023-06-30,2023,Jun,North East,Sylhet,Ludhi Steel Marchant,180
2023-06-30,2023,Jun,North East,Mymensingh,M K Traders,12
2023-06-30,2023,Jun,Dhaka,Gazipur,M/S Alam Traders-Gazipur,2
2023-06-30,2023,Jun,North,Sirajganj,M/S Anowar Enterprise,14
2023-06-30,2023,Jun,Dhaka,Dhaka,M/S Apurba Build Bazar,13
2023-06-30,2023,Jun,South,Jashore,M/S Azim Shah Traders,51
2023-06-30,2023,Jun,South,Jashore,M/S Babu Traders,40
2023-06-30,2023,Jun,Dhaka,Dhaka,M/S Bhai Bhai Traders and Engineering Works,20
2023-06-30,2023,Jun,South,Jhenaidah,M/S Bondhu Enterprise,208
2023-06-30,2023,Jun,South,Gopalganj,M/S Fakir and Sons,13
2023-06-30,2023,Jun,South,Bhola,M/S H Rahman and Son's,13
2023-06-30,2023,Jun,Dhaka,Dhaka,M/S Haque and Hasan Traders,13
2023-06-30,2023,Jun,Dhaka,Dhaka,M/S Hazi Sarif Munshi Traders,11
2023-06-30,2023,Jun,North East,Noakhali,M/S Hoque and Brothers (Noakhali),13
2023-06-30,2023,Jun,South,Jashore,M/S Johir Enterprise,27
2023-06-30,2023,Jun,South,Meherpur,M/S Jony Enterprise -Meherpur,78
2023-06-30,2023,Jun,North,Tangail,M/S Khan Traders-Tangail,41
2023-06-30,2023,Jun,South,Gopalganj,M/S Linkon Enterprise,13
2023-06-30,2023,Jun,South,Jhalokati,M/S Mary Suppliers and Mary Bricks,26
2023-06-30,2023,Jun,North,Tangail,M/S Maya Traders,36
2023-06-30,2023,Jun,South,Bhola,M/S Md Jamal Uddin Golder,13
2023-06-30,2023,Jun,Dhaka,Gazipur,M/s Midul Enterprise,60
2023-06-30,2023,Jun,South,Faridpur,M/S Nur Mahidi Nerman Vander,40
2023-06-30,2023,Jun,South,Pirojpur,M/S Oishani Enterprise,14
2023-06-30,2023,Jun,Dhaka,Gazipur,M/S R.B Steel and Co.,44
2023-06-30,2023,Jun,Dhaka,Gazipur,M/S Rana Enterprise,5
2023-06-30,2023,Jun,South,Madaripur,M/S Saifullah Enterprise,33
2023-06-30,2023,Jun,North,Pabna,M/S Samir Traders,52
2023-06-30,2023,Jun,Dhaka,Gazipur,M/s Shah Trading,10
2023-06-30,2023,Jun,South,Faridpur,M/S Sony Vander,70
2023-06-30,2023,Jun,South,Patuakhali,M/S. Abul Kalam Azad,5
2023-06-30,2023,Jun,South,Barguna,M/S. Anower Brick,143
2023-06-30,2023,Jun,North,Bogura,M/S. Bushra Traders,261
2023-06-30,2023,Jun,Dhaka,Dhaka,M/S. Feroza Enterprise,10
2023-06-30,2023,Jun,South,Barguna,M/S. Kamal Enterprise,13
2023-06-30,2023,Jun,North,Thakurgaon,M/S. Kibriya Enterprise,6
2023-06-30,2023,Jun,South,Khulna,M/S. M. A Traders (Dr.),106
2023-06-30,2023,Jun,Dhaka,Dhaka,M/S. Maa Enterprise,32
2023-06-30,2023,Jun,North East,Brahmanbaria,M/S. Malek and Sons,30
2023-06-30,2023,Jun,South,Satkhira,M/S. Mayer Doa Sanitary and Anwar Sheet Enterprise,13
2023-06-30,2023,Jun,North,Tangail,M/S. Monira Enterprise,13
2023-06-30,2023,Jun,North,Bogura,M/S. Mukta Traders,40
2023-06-30,2023,Jun,Dhaka,Dhaka,M/S. Rayhan Enterprise,142
2023-06-30,2023,Jun,North East,Cumilla,M/S. Sadia Enterprise- Cumilla,6
2023-06-30,2023,Jun,South,Gopalganj,M/S. Sharif Enterprise,68
2023-06-30,2023,Jun,South,Narail,M/S. Sikdar Enterprise- Norail,13
2023-06-30,2023,Jun,Dhaka,Gazipur,M/S. Tosher Enterprise,192
2023-06-30,2023,Jun,North,Rangpur,M/S. Zaman Traders-Rangpur,130
2023-06-30,2023,Jun,North East,Feni,Madani Traders,39
2023-06-30,2023,Jun,South,Shariatpur,Madbor Enterprise,26
2023-06-30,2023,Jun,Dhaka,Narayanganj,Madina Corporation,6
2023-06-30,2023,Jun,Dhaka,Narayanganj,Madina Trading Corporation Pvt. Ltd.,118
2023-06-30,2023,Jun,Dhaka,Dhaka,Mahadi Design and Construction,21
2023-06-30,2023,Jun,South,Jashore,Mahiya Kabir Corporation,50
2023-06-30,2023,Jun,Dhaka,Dhaka,Makkah Traders,60
2023-06-30,2023,Jun,Dhaka,Gazipur,Mamun Enterprise-Gazipur,111
2023-06-30,2023,Jun,North,Pabna,Mamun Traders-Pabna,26
2023-06-30,2023,Jun,North,Bogura,Master Traders (Shantahar),52
2023-06-30,2023,Jun,South,Barishal,Masud Enterprise,11
2023-06-30,2023,Jun,South,Madaripur,Mayer Doa Enterprise,53
2023-06-30,2023,Jun,Dhaka,Dhaka,Maysha Color Bank,8
2023-06-30,2023,Jun,Dhaka,Gazipur,Mim Enterprise,31
2023-06-30,2023,Jun,North East,Jamalpur,Mizan and Son's,13
2023-06-30,2023,Jun,North,Sirajganj,Mobasshirah Trading Co.,13
2023-06-30,2023,Jun,Dhaka,Dhaka,Modina Steel Corporation,107
2023-06-30,2023,Jun,North East,Sherpur,Mofazzal Enterprise,85
2023-06-30,2023,Jun,South,Magura,Molla Banijjo Vander,13
2023-06-30,2023,Jun,North East,Cumilla,Molla Traders- Comilla,26
2023-06-30,2023,Jun,Dhaka,Gazipur,Moti Brothers,12
2023-06-30,2023,Jun,North East,Chandpur,MS.Billal Traders-Chandpur,25
2023-06-30,2023,Jun,Dhaka,Dhaka,Munshigonj Steel House,23
2023-06-30,2023,Jun,North,Pabna,"Nabi Traders (Ishawrdi,  Pabna)",13
2023-06-30,2023,Jun,Dhaka,Dhaka,Nahar Steel,156
2023-06-30,2023,Jun,Dhaka,Dhaka,Nal Gulf Construction and Properties,20
2023-06-30,2023,Jun,Dhaka,Dhaka,Nasrin Enterprise,5
2023-06-30,2023,Jun,Dhaka,Dhaka,Nayeef Trading Corporation,5
2023-06-30,2023,Jun,South,Jhenaidah,Nazmul Traders- Jhenaidah,20
2023-06-30,2023,Jun,South,Dhaka,New Era Manufacturing Ltd.,7
2023-06-30,2023,Jun,Dhaka,Dhaka,Niloy Enterprise,15
2023-06-30,2023,Jun,Dhaka,Munshiganj,Nimtola Traders,5
2023-06-30,2023,Jun,South,Meherpur,Padma Enterprise,13
2023-06-30,2023,Jun,Dhaka,Dhaka,Popular Enterprise,39
2023-06-30,2023,Jun,North,Bogura,Priti Traders (Bogra),14
2023-06-30,2023,Jun,South,Kushtia,R. Rahman Corporation,117
2023-06-30,2023,Jun,South,Madaripur,R. S Enterprise-Madaripur,13
2023-06-30,2023,Jun,Dhaka,Narayanganj,R.S Enterprise,110
2023-06-30,2023,Jun,North East,Chandpur,Rabbi Traders,26
2023-06-30,2023,Jun,North East,Narsingdi,Rahman Steel House,110
2023-06-30,2023,Jun,South,Narail,Rakhi Enterprise,40
2023-06-30,2023,Jun,South,Jashore,Razzaque Steel House,111
2023-06-30,2023,Jun,South,Patuakhali,Rema Enterprise,8
2023-06-30,2023,Jun,North East,Kishoreganj,Renu Traders,21
2023-06-30,2023,Jun,Dhaka,Gazipur,Ridwan Traders,6
2023-06-30,2023,Jun,South,Kushtia,Salam and Sons,182
2023-06-30,2023,Jun,South,Kushtia,Saleha Traders,104
2023-06-30,2023,Jun,North,Sirajganj,Sarkar Trading (Sirajgonj),13
2023-06-30,2023,Jun,North,Rangpur,Shah Md Ashrafudulla,26
2023-06-30,2023,Jun,South,Narail,Shahin Traders - Narail,73
2023-06-30,2023,Jun,South,Bhola,Shanaullah Enterprise,16
2023-06-30,2023,Jun,South,Magura,Sharif Steel  Corner,60
2023-06-30,2023,Jun,Dhaka,Dhaka,Sikder Enterprise (Keranigonj),10
2023-06-30,2023,Jun,North,Pabna,Sikder Traders (Pabna),39
2023-06-30,2023,Jun,Dhaka,Dhaka,Soma Enterprise,8
2023-06-30,2023,Jun,North,Gaibandha,Sorif Traders,91
2023-06-30,2023,Jun,North,Pabna,Swapan Traders,13
2023-06-30,2023,Jun,North,Rangpur,T.S.Enterprise(Rangpur),234
2023-06-30,2023,Jun,North,Rajshahi,Tariq  Enterprise,91
2023-06-30,2023,Jun,South,Narail,Tazmin Enterprise,13
2023-06-30,2023,Jun,Dhaka,Dhaka,The Barik Brothers,581
2023-06-30,2023,Jun,North,Sirajganj,Ullapara Variety Store,13
2023-06-30,2023,Jun,Dhaka,Manikganj,Wazuddin Traders,48
2023-06-30,2023,Jun,North East,Noakhali,Yeasin Traders,12
2023-06-30,2023,Jun,Dhaka,Dhaka,Younus Traders,5
2023-06-30,2023,Jun,South,Bhola,Zabbar Biswas Traders,20
2023-06-30,2023,Jun,Dhaka,Dhaka,Zaman Traders ( Savar),26
2023-07-31,2023,Jul,North,Lalmonirhat,Abdul Hakim,14
2023-07-31,2023,Jul,Dhaka,Dhaka,Abir Enterprise,38
2023-07-31,2023,Jul,Dhaka,Narayanganj,Abu Mohammad Yousuf and Sons,19
2023-07-31,2023,Jul,Dhaka,Gazipur,Advocate Ismail,6
2023-07-31,2023,Jul,Dhaka,Dhaka,Akhter Traders,17
2023-07-31,2023,Jul,North,Rajshahi,Al Manar Steel,156
2023-07-31,2023,Jul,Dhaka,Dhaka,Alamgir Steel Corporation,9
2023-07-31,2023,Jul,Dhaka,Dhaka,Amin and Brother,11
2023-07-31,2023,Jul,South,Shariatpur,Amin Store,26
2023-07-31,2023,Jul,Dhaka,Gazipur,Arifa Enterprise,23
2023-07-31,2023,Jul,North,Sirajganj,Ariful Islam Traders,13
2023-07-31,2023,Jul,Dhaka,Dhaka,Arowa Traders,742
2023-07-31,2023,Jul,North,Kurigram,Bhai Bhai Trading,52
2023-07-31,2023,Jul,Dhaka,Dhaka,Bismillah Traders-Dhaka,157
2023-07-31,2023,Jul,South,Chuadanga,Brothers Traders,39
2023-07-31,2023,Jul,Dhaka,Dhaka,Capital Builders,61
2023-07-31,2023,Jul,Dhaka,Dhaka,Cixing Bangladesh Limited,11
2023-07-31,2023,Jul,North East,Mymensingh,Community Health Foundation Bangladesh,50
2023-07-31,2023,Jul,South,Gopalganj,Delwar and Brothers - Gopalgonj,27
2023-07-31,2023,Jul,South,Kushtia,Dhaka Steel,26
2023-07-31,2023,Jul,Dhaka,Gazipur,Dhaka Trade Centre,14
2023-07-31,2023,Jul,North,Naogaon,Dipak Kumar Deb,52
2023-07-31,2023,Jul,Dhaka,Dhaka,Earth Properties Ltd.,14
2023-07-31,2023,Jul,Dhaka,Dhaka,Estia Enterprise (Manda),56
2023-07-31,2023,Jul,Dhaka,Gazipur,Evan Enterprise,46
2023-07-31,2023,Jul,North East,Mymensingh,F.S Enterprise,103
2023-07-31,2023,Jul,North,Kurigram,Farhad and Brothers,13
2023-07-31,2023,Jul,Dhaka,Dhaka,Farid Enterprise,5
2023-07-31,2023,Jul,Dhaka,Manikganj,Faruk and Brothers,157
2023-07-31,2023,Jul,South,Meherpur,Faruk Enterprise - Meherpur,13
2023-07-31,2023,Jul,North,Dinajpur,Gausheyz Ventores,13
2023-07-31,2023,Jul,Dhaka,Dhaka,Gawsia Enterprise,237
2023-07-31,2023,Jul,Dhaka,Gazipur,Giash Steel,35
2023-07-31,2023,Jul,South,Faridpur,Habib Enterprise (Faridpur),100
2023-07-31,2023,Jul,North,Dinajpur,Hamana Traders,26
2023-07-31,2023,Jul,North,Bogura,Hannan Traders,39
2023-07-31,2023,Jul,North,Tangail,Harun Enterprise,55
2023-07-31,2023,Jul,Dhaka,Dhaka,Hobigonj Traders,34
2023-07-31,2023,Jul,Dhaka,Dhaka,Howlader Enterprise,165
2023-07-31,2023,Jul,Dhaka,Dhaka,Human Resource Welfare Multipurpose Co-operative Society Ltd.,12
2023-07-31,2023,Jul,Dhaka,Narayanganj,Ikhwan Construction,26
2023-07-31,2023,Jul,North,Rangpur,Imarat Trading,65
2023-07-31,2023,Jul,South,Jhenaidah,Islam Traders - Jhenaida,13
2023-07-31,2023,Jul,South,Faridpur,Jaseka Traders,65
2023-07-31,2023,Jul,North East,Noakhali,Jashim Steel House,40
2023-07-31,2023,Jul,North,Tangail,Joy Joya Enterprise,52
2023-07-31,2023,Jul,Dhaka,Gazipur,Kamrul Trading Corporation,26
2023-07-31,2023,Jul,Dhaka,Gazipur,Kashem and Sons,46
2023-07-31,2023,Jul,Dhaka,Dhaka,Khan Enterprise,224
2023-07-31,2023,Jul,South,Khulna,Khan Traders -Khulna,13
2023-07-31,2023,Jul,Dhaka,Gazipur,Khurshida Builders,100
2023-07-31,2023,Jul,Dhaka,Dhaka,Kolatia Traders,5
2023-07-31,2023,Jul,North,Nilphamari,L.N Trading Co.,52
2023-07-31,2023,Jul,Dhaka,Dhaka,M/S Adil Enterprise,22
2023-07-31,2023,Jul,Dhaka,Gazipur,M/S Alam Traders-Gazipur,6
2023-07-31,2023,Jul,Dhaka,Dhaka,M/S Apurba Build Bazar,7
2023-07-31,2023,Jul,South,Jashore,M/S Azim Shah Traders,59
2023-07-31,2023,Jul,North,Natore,M/S Azmir Enterprise,14
2023-07-31,2023,Jul,South,Jashore,M/S Babu Traders,20
2023-07-31,2023,Jul,Dhaka,Dhaka,M/S Bhai Bhai Traders and Engineering Works,28
2023-07-31,2023,Jul,South,Jhenaidah,M/S Bondhu Enterprise,127
2023-07-31,2023,Jul,South,Satkhira,M/S Faruk Traders-Sathkhira,26
2023-07-31,2023,Jul,South,Bhola,M/S H Rahman and Son's,15
2023-07-31,2023,Jul,Dhaka,Dhaka,M/S Haque and Hasan Traders,13
2023-07-31,2023,Jul,Dhaka,Dhaka,M/S Hazi Sarif Munshi Traders,15
2023-07-31,2023,Jul,South,Jashore,M/S Johir Enterprise,27
2023-07-31,2023,Jul,South,Meherpur,M/S Jony Enterprise -Meherpur,26
2023-07-31,2023,Jul,North,Tangail,M/S Khan Traders-Tangail,1
2023-07-31,2023,Jul,South,Gopalganj,M/S Linkon Enterprise,13
2023-07-31,2023,Jul,South,Jhalokati,M/S Mary Suppliers and Mary Bricks,33
2023-07-31,2023,Jul,North,Tangail,M/S Maya Traders,11
2023-07-31,2023,Jul,Dhaka,Gazipur,M/s Midul Enterprise,31
2023-07-31,2023,Jul,South,Gopalganj,M/s Porosh Enterprise,27
2023-07-31,2023,Jul,Dhaka,Gazipur,M/S Rana Enterprise,127
2023-07-31,2023,Jul,North,Pabna,M/S Samir Traders,26
2023-07-31,2023,Jul,South,Faridpur,M/S Sony Vander,25
2023-07-31,2023,Jul,South,Barguna,M/S. Anower Brick,113
2023-07-31,2023,Jul,North,Bogura,M/S. Bushra Traders,156
2023-07-31,2023,Jul,North East,Jamalpur,M/S. Jibon Traders,13
2023-07-31,2023,Jul,South,Khulna,M/S. M. A Traders (Dr.),106
2023-07-31,2023,Jul,North,Bogura,M/S. M.M Jahid Traders,13
2023-07-31,2023,Jul,Dhaka,Dhaka,M/S. Maa Enterprise,16
2023-07-31,2023,Jul,South,Barishal,M/S. Mahabub Traders,20
2023-07-31,2023,Jul,South,Bhola,M/S. Masaallah Traders,15
2023-07-31,2023,Jul,North,Tangail,M/S. Monira Enterprise,15
2023-07-31,2023,Jul,Dhaka,Narayanganj,M/S. MUKTA ENTERPRISE-N.GONJ,5
2023-07-31,2023,Jul,North,Bogura,M/S. Mukta Traders,26
2023-07-31,2023,Jul,Dhaka,Dhaka,M/S. Rayhan Enterprise,74
2023-07-31,2023,Jul,North East,Cumilla,M/S. Sadia Enterprise- Cumilla,15
2023-07-31,2023,Jul,Dhaka,Dhaka,M/S. Sawon Enterprise-Savar,5
2023-07-31,2023,Jul,South,Gopalganj,M/S. Sharif Enterprise,13
2023-07-31,2023,Jul,South,Pirojpur,M/S. Shikder Enterprise-Pirojpur,20
2023-07-31,2023,Jul,South,Narail,M/S. Sikdar Enterprise- Norail,53
2023-07-31,2023,Jul,Dhaka,Gazipur,M/S. Tosher Enterprise,130
2023-07-31,2023,Jul,North,Rangpur,M/S. Zaman Traders-Rangpur,78
2023-07-31,2023,Jul,North East,Chandpur,M/S: Tafhim Enterprise,7
2023-07-31,2023,Jul,North East,Feni,Madani Traders,52
2023-07-31,2023,Jul,Dhaka,Narayanganj,Madina Corporation,6
2023-07-31,2023,Jul,Dhaka,Dhaka,Mahadi Design and Construction,16
2023-07-31,2023,Jul,South,Jashore,Mahiya Kabir Corporation,50
2023-07-31,2023,Jul,Dhaka,Dhaka,Makkah Traders,36
2023-07-31,2023,Jul,Dhaka,Gazipur,Mamun Enterprise-Gazipur,114
2023-07-31,2023,Jul,North,Bogura,Master Traders (Shantahar),26
2023-07-31,2023,Jul,South,Barishal,Masud Enterprise,20
2023-07-31,2023,Jul,South,Madaripur,Mayer Doa Enterprise,13
2023-07-31,2023,Jul,Dhaka,Dhaka,Maysha Color Bank,9
2023-07-31,2023,Jul,Dhaka,Gazipur,MB Enterprise,5
2023-07-31,2023,Jul,North East,Sylhet,Md. Abdul Kahir,13
2023-07-31,2023,Jul,Dhaka,Dhaka,Misti Enterprise,5
2023-07-31,2023,Jul,North East,Jamalpur,Mizan and Son's,13
2023-07-31,2023,Jul,North,Sirajganj,Mobasshirah Trading Co.,13
2023-07-31,2023,Jul,Dhaka,Dhaka,Modina Steel Corporation,100
2023-07-31,2023,Jul,North East,Sherpur,Mofazzal Enterprise,71
2023-07-31,2023,Jul,North East,Cumilla,Molla Traders- Comilla,38
2023-07-31,2023,Jul,Dhaka,Gazipur,Moti Brothers,12
2023-07-31,2023,Jul,North East,Chandpur,MS.Billal Traders-Chandpur,18
2023-07-31,2023,Jul,Dhaka,Dhaka,Munshigonj Steel House,51
2023-07-31,2023,Jul,Dhaka,Dhaka,Nahar Steel,92
2023-07-31,2023,Jul,Dhaka,Dhaka,Nasrin Enterprise,7
2023-07-31,2023,Jul,Dhaka,Dhaka,Nayeef Trading Corporation,28
2023-07-31,2023,Jul,South,Jhenaidah,Nazmul Traders- Jhenaidah,41
2023-07-31,2023,Jul,Dhaka,Dhaka,New Sharmin Enterprise,5
2023-07-31,2023,Jul,Dhaka,Dhaka,Niloy Enterprise,20
2023-07-31,2023,Jul,Dhaka,Dhaka,Popular Enterprise,10
2023-07-31,2023,Jul,South,Kushtia,R. Rahman Corporation,104
2023-07-31,2023,Jul,South,Madaripur,R. S Enterprise-Madaripur,13
2023-07-31,2023,Jul,Dhaka,Narayanganj,R.S Enterprise,118
2023-07-31,2023,Jul,North East,Narsingdi,Rahman Steel House,96
2023-07-31,2023,Jul,South,Jashore,Razzaque Steel House,91
2023-07-31,2023,Jul,North East,Kishoreganj,Renu Traders,28
2023-07-31,2023,Jul,Dhaka,Gazipur,Ridwan Traders,27
2023-07-31,2023,Jul,Dhaka,Gazipur,S T Enterprise,54
2023-07-31,2023,Jul,South,Kushtia,Salam and Sons,142
2023-07-31,2023,Jul,South,Kushtia,Saleha Traders,122
2023-07-31,2023,Jul,North,Sirajganj,Sarkar Trading (Sirajgonj),26
2023-07-31,2023,Jul,Dhaka,Dhaka,Selim Malik Traders,5
2023-07-31,2023,Jul,North,Rangpur,Shah Md Ashrafudulla,52
2023-07-31,2023,Jul,South,Narail,Shahin Traders - Narail,46
2023-07-31,2023,Jul,South,Bhola,Shanaullah Enterprise,20
2023-07-31,2023,Jul,South,Magura,Sharif Steel  Corner,40
2023-07-31,2023,Jul,North,Pabna,Sikder Traders (Pabna),26
2023-07-31,2023,Jul,Dhaka,Dhaka,Soma Enterprise,10
2023-07-31,2023,Jul,North,Gaibandha,Sorif Traders,13
2023-07-31,2023,Jul,Dhaka,Gazipur,Suma Enterprise - Sofipur,10
2023-07-31,2023,Jul,North,Pabna,Swapan Traders,13
2023-07-31,2023,Jul,North,Rangpur,T.S.Enterprise(Rangpur),143
2023-07-31,2023,Jul,North,Rajshahi,Tariq  Enterprise,117
2023-07-31,2023,Jul,Dhaka,Dhaka,The Barik Brothers,524
2023-07-31,2023,Jul,Dhaka,Dhaka,"Tipu and Co.( Rayerbag, Jatrabari)",37
2023-07-31,2023,Jul,Dhaka,Manikganj,Wazuddin Traders,30
2023-07-31,2023,Jul,North East,Noakhali,Yeasin Traders,16
2023-07-31,2023,Jul,Dhaka,Dhaka,Younus Traders,18
2023-07-31,2023,Jul,South,Bhola,Zabbar Biswas Traders,20
2023-07-31,2023,Jul,Dhaka,Dhaka,Zaman Traders ( Savar),6
2023-08-31,2023,Aug,Dhaka,Dhaka,A.R Corporation,15
2023-08-31,2023,Aug,Dhaka,Dhaka,Abir Enterprise,46
2023-08-31,2023,Aug,Dhaka,Gazipur,Advocate Ismail,5
2023-08-31,2023,Aug,South,Barguna,Agrani Traders,20
2023-08-31,2023,Aug,North East,Narsingdi,Ahasan Store,10
2023-08-31,2023,Aug,Dhaka,Dhaka,Ahmed Jamal Baridhara,6
2023-08-31,2023,Aug,North,Bogura,Ahmed Traders-Bogra,13
2023-08-31,2023,Aug,North East,Dhaka,AK Developers Ltd.,8
2023-08-31,2023,Aug,Dhaka,Dhaka,Akhter Traders,20
2023-08-31,2023,Aug,Dhaka,Dhaka,Akter Uddin Mehadi (B.B),7
2023-08-31,2023,Aug,North,Rajshahi,Al Manar Steel,247
2023-08-31,2023,Aug,Dhaka,Dhaka,Amin and Brother,4
2023-08-31,2023,Aug,South,Shariatpur,Amin Store,27
2023-08-31,2023,Aug,South,Rajbari,Anupam Nirmata,13
2023-08-31,2023,Aug,South,Rajbari,Anwar Traders,14
2023-08-31,2023,Aug,Dhaka,Gazipur,Arifa Enterprise,28
2023-08-31,2023,Aug,Dhaka,Dhaka,Arowa Traders,824
2023-08-31,2023,Aug,North,Kurigram,Bhai Bhai Trading,64
2023-08-31,2023,Aug,Dhaka,Dhaka,Bismillah Traders-Dhaka,113
2023-08-31,2023,Aug,South,Chuadanga,Brothers Traders,20
2023-08-31,2023,Aug,Dhaka,Dhaka,Capital Builders,79
2023-08-31,2023,Aug,Dhaka,Dhaka,Cixing Bangladesh Limited,10
2023-08-31,2023,Aug,Dhaka,Dhaka,Delcot Limited Dr.,5
2023-08-31,2023,Aug,South,Gopalganj,Delwar and Brothers - Gopalgonj,14
2023-08-31,2023,Aug,South,Kushtia,Dhaka Steel,13
2023-08-31,2023,Aug,North,Naogaon,Dipak Kumar Deb,39
2023-08-31,2023,Aug,South,Dhaka,Ensure Developers Ltd.,13
2023-08-31,2023,Aug,Dhaka,Dhaka,Estia Enterprise (Manda),50
2023-08-31,2023,Aug,Dhaka,Gazipur,Evan Enterprise,25
2023-08-31,2023,Aug,North East,Mymensingh,F.S Enterprise,160
2023-08-31,2023,Aug,Dhaka,Dhaka,Farid Enterprise,10
2023-08-31,2023,Aug,Dhaka,Manikganj,Faruk and Brothers,194
2023-08-31,2023,Aug,North,Thakurgaon,Gallery Traders,13
2023-08-31,2023,Aug,Dhaka,Dhaka,Gawsia Enterprise,176
2023-08-31,2023,Aug,Dhaka,Gazipur,Giash Steel,72
2023-08-31,2023,Aug,North East,Cumilla,Grameen Traders,9
2023-08-31,2023,Aug,South,Faridpur,Habib Enterprise (Faridpur),12
2023-08-31,2023,Aug,North,Dinajpur,Hamana Traders,13
2023-08-31,2023,Aug,North,Bogura,Hannan Traders,50
2023-08-31,2023,Aug,North,Tangail,Harun Enterprise,66
2023-08-31,2023,Aug,Dhaka,Dhaka,Hobigonj Traders,52
2023-08-31,2023,Aug,Dhaka,Dhaka,Howlader Enterprise,159
2023-08-31,2023,Aug,Dhaka,Dhaka,Human Resource Welfare Multipurpose Co-operative Society Ltd.,11
2023-08-31,2023,Aug,Dhaka,Narayanganj,Ikhwan Construction,9
2023-08-31,2023,Aug,North,Rangpur,Imarat Trading,65
2023-08-31,2023,Aug,South,Faridpur,Jaseka Traders,52
2023-08-31,2023,Aug,North East,Noakhali,Jashim Steel House,13
2023-08-31,2023,Aug,North,Tangail,Joy Joya Enterprise,50
2023-08-31,2023,Aug,Dhaka,Gazipur,Kamrul Trading Corporation,36
2023-08-31,2023,Aug,Dhaka,Gazipur,Kashem and Sons,44
2023-08-31,2023,Aug,North East,Noakhali,Kashem Traders (Noakhali),13
2023-08-31,2023,Aug,Dhaka,Dhaka,Khan Enterprise,216
2023-08-31,2023,Aug,South,Khulna,Khan Traders -Khulna,13
2023-08-31,2023,Aug,Dhaka,Gazipur,Khurshida Builders,42
2023-08-31,2023,Aug,Dhaka,Dhaka,Kolatia Traders,7
2023-08-31,2023,Aug,Dhaka,Gazipur,Konabari Trade Center,13
2023-08-31,2023,Aug,North,Nilphamari,L.N Trading Co.,39
2023-08-31,2023,Aug,South,Patuakhali,Lila Enterprise,8
2023-08-31,2023,Aug,North East,Sylhet,Ludhi Steel Marchant,13
2023-08-31,2023,Aug,South,Chuadanga,M/S - Younus Hardware,13
2023-08-31,2023,Aug,Dhaka,Dhaka,M/S Adil Enterprise,16
2023-08-31,2023,Aug,North,Sirajganj,M/S Anowar Enterprise,13
2023-08-31,2023,Aug,Dhaka,Dhaka,M/S Apurba Build Bazar,25
2023-08-31,2023,Aug,South,Faridpur,M/S Asraf  and Sons,27
2023-08-31,2023,Aug,South,Jashore,M/S Azim Shah Traders,39
2023-08-31,2023,Aug,Dhaka,Dhaka,M/S Bhai Bhai Traders and Engineering Works,19
2023-08-31,2023,Aug,South,Jhenaidah,M/S Bondhu Enterprise,107
2023-08-31,2023,Aug,South,Satkhira,M/S Faruk Traders-Sathkhira,13
2023-08-31,2023,Aug,South,Bhola,M/S H Rahman and Son's,15
2023-08-31,2023,Aug,North East,Cumilla,M/S Hanif Enterprise,13
2023-08-31,2023,Aug,Dhaka,Dhaka,M/S Haque and Hasan Traders,11
2023-08-31,2023,Aug,Dhaka,Dhaka,M/S Hazi Sarif Munshi Traders,9
2023-08-31,2023,Aug,South,Jashore,M/S Islam Traders- Keshabpur,13
2023-08-31,2023,Aug,South,Meherpur,M/S Jony Enterprise -Meherpur,13
2023-08-31,2023,Aug,South,Gopalganj,M/S Linkon Enterprise,13
2023-08-31,2023,Aug,South,Jhalokati,M/S Mary Suppliers and Mary Bricks,26
2023-08-31,2023,Aug,Dhaka,Gazipur,M/S Mawna Builders,32
2023-08-31,2023,Aug,Dhaka,Gazipur,M/s Midul Enterprise,18
2023-08-31,2023,Aug,North East,Cumilla,M/S Molla Traders-Chouddogram,18
2023-08-31,2023,Aug,South,Faridpur,M/S Nur Mahidi Nerman Vander,40
2023-08-31,2023,Aug,Dhaka,Gazipur,M/S R.B Steel and Co.,25
2023-08-31,2023,Aug,Dhaka,Gazipur,M/S Rana Enterprise,161
2023-08-31,2023,Aug,South,Madaripur,M/S Saifullah Enterprise,27
2023-08-31,2023,Aug,North,Pabna,M/S Samir Traders,93
2023-08-31,2023,Aug,Dhaka,Gazipur,M/s Shah Trading,1
2023-08-31,2023,Aug,South,Faridpur,M/S Sony Vander,13
2023-08-31,2023,Aug,Dhaka,Dhaka,M/S Zam Zam Trading (Dhaka),13
2023-08-31,2023,Aug,South,Barguna,M/S. Anower Brick,40
2023-08-31,2023,Aug,North,Bogura,M/S. Bushra Traders,130
2023-08-31,2023,Aug,North East,Jamalpur,M/S. Jibon Traders,13
2023-08-31,2023,Aug,South,Barguna,M/S. Kamal Enterprise,33
2023-08-31,2023,Aug,South,Khulna,M/S. M. A Traders (Dr.),74
2023-08-31,2023,Aug,Dhaka,Dhaka,M/S. Maa Enterprise,39
2023-08-31,2023,Aug,South,Barishal,M/S. Mahabub Traders,20
2023-08-31,2023,Aug,Dhaka,Dhaka,M/S. Marks Trading,6
2023-08-31,2023,Aug,North,Tangail,M/S. Monira Enterprise,26
2023-08-31,2023,Aug,Dhaka,Narayanganj,M/S. MUKTA ENTERPRISE-N.GONJ,5
2023-08-31,2023,Aug,North,Bogura,M/S. Mukta Traders,13
2023-08-31,2023,Aug,South,Gopalganj,M/S. New Sikder Traders,13
2023-08-31,2023,Aug,Dhaka,Dhaka,M/S. Rayhan Enterprise,93
2023-08-31,2023,Aug,North,Bogura,M/S. Robin Traders,3
2023-08-31,2023,Aug,North,Gaibandha,M/S. Sadikul Traders,13
2023-08-31,2023,Aug,Dhaka,Dhaka,M/S. Sawon Enterprise-Savar,5
2023-08-31,2023,Aug,Dhaka,Gazipur,M/S. Tosher Enterprise,135
2023-08-31,2023,Aug,North,Rangpur,M/S. Zaman Traders-Rangpur,130
2023-08-31,2023,Aug,North East,Chandpur,M/S: Tafhim Enterprise,4
2023-08-31,2023,Aug,North East,Feni,Madani Traders,72
2023-08-31,2023,Aug,South,Shariatpur,Madbor Enterprise,26
2023-08-31,2023,Aug,Dhaka,Narayanganj,Madina Trading Corporation Pvt. Ltd.,27
2023-08-31,2023,Aug,Dhaka,Dhaka,Mahadi Design and Construction,10
2023-08-31,2023,Aug,South,Jashore,Mahiya Kabir Corporation,45
2023-08-31,2023,Aug,Dhaka,Dhaka,Makkah Traders,50
2023-08-31,2023,Aug,Dhaka,Gazipur,Mamun Enterprise-Gazipur,53
2023-08-31,2023,Aug,North,Pabna,Mamun Traders-Pabna,26
2023-08-31,2023,Aug,North,Bogura,Master Traders (Shantahar),13
2023-08-31,2023,Aug,South,Madaripur,Mayer Doa Enterprise,13
2023-08-31,2023,Aug,Dhaka,Dhaka,Maysha Color Bank,9
2023-08-31,2023,Aug,Dhaka,Gazipur,MB Enterprise,3
2023-08-31,2023,Aug,Dhaka,Gazipur,Mim Enterprise,20
2023-08-31,2023,Aug,Dhaka,Dhaka,Misti Enterprise,9
2023-08-31,2023,Aug,Dhaka,Dhaka,Modina Steel Corporation,186
2023-08-31,2023,Aug,North East,Sherpur,Mofazzal Enterprise,113
2023-08-31,2023,Aug,North East,Cumilla,Molla Traders- Comilla,13
2023-08-31,2023,Aug,North East,Chandpur,MS.Billal Traders-Chandpur,8
2023-08-31,2023,Aug,Dhaka,Dhaka,Munshigonj Steel House,61
2023-08-31,2023,Aug,North,Pabna,"Nabi Traders (Ishawrdi,  Pabna)",13
2023-08-31,2023,Aug,Dhaka,Dhaka,Nahar Steel,137
2023-08-31,2023,Aug,Dhaka,Dhaka,Nal Gulf Construction and Properties,24
2023-08-31,2023,Aug,Dhaka,Dhaka,Nasrin Enterprise,4
2023-08-31,2023,Aug,Dhaka,Dhaka,Nayeef Trading Corporation,7
2023-08-31,2023,Aug,South,Jhenaidah,Nazmul Traders- Jhenaidah,26
2023-08-31,2023,Aug,Dhaka,Dhaka,New Sharmin Enterprise,5
2023-08-31,2023,Aug,Dhaka,Dhaka,Popular Enterprise,8
2023-08-31,2023,Aug,South,Kushtia,R. Rahman Corporation,104
2023-08-31,2023,Aug,South,Madaripur,R. S Enterprise-Madaripur,26
2023-08-31,2023,Aug,Dhaka,Narayanganj,R.S Enterprise,169
2023-08-31,2023,Aug,North East,Chandpur,Rabbi Traders,15
2023-08-31,2023,Aug,North East,Narsingdi,Rahman Steel House,119
2023-08-31,2023,Aug,South,Jashore,Razzaque Steel House,116
2023-08-31,2023,Aug,South,Patuakhali,Rema Enterprise,40
2023-08-31,2023,Aug,North East,Kishoreganj,Renu Traders,25
2023-08-31,2023,Aug,Dhaka,Gazipur,Ridwan Traders,8
2023-08-31,2023,Aug,Dhaka,Gazipur,S T Enterprise,124
2023-08-31,2023,Aug,South,Kushtia,Salam and Sons,166
2023-08-31,2023,Aug,South,Kushtia,Saleha Traders,130
2023-08-31,2023,Aug,South,Narail,Shahin Traders - Narail,40
2023-08-31,2023,Aug,South,Bhola,Shanaullah Enterprise,20
2023-08-31,2023,Aug,South,Magura,Sharif Steel  Corner,104
2023-08-31,2023,Aug,North East,Sylhet,Siddiquey Construction,13
2023-08-31,2023,Aug,North,Pabna,Sikder Traders (Pabna),26
2023-08-31,2023,Aug,North,Gaibandha,Sorif Traders,39
2023-08-31,2023,Aug,Dhaka,Gazipur,Suma Enterprise - Sofipur,20
2023-08-31,2023,Aug,North,Rangpur,T.S.Enterprise(Rangpur),142
2023-08-31,2023,Aug,North,Rajshahi,Tariq  Enterprise,102
2023-08-31,2023,Aug,South,Narail,Tazmin Enterprise,13
2023-08-31,2023,Aug,Dhaka,Dhaka,The Barik Brothers,548
2023-08-31,2023,Aug,Dhaka,Dhaka,"Tipu and Co.( Rayerbag, Jatrabari)",24
2023-08-31,2023,Aug,South,Meherpur,Tohmina Engineering Workshop,13
2023-08-31,2023,Aug,North,Sirajganj,Ullapara Variety Store,26
2023-08-31,2023,Aug,Dhaka,Manikganj,Wazuddin Traders,50
2023-08-31,2023,Aug,North East,Noakhali,Yeasin Traders,12
2023-08-31,2023,Aug,Dhaka,Dhaka,Younus Traders,19
2023-08-31,2023,Aug,South,Bhola,Zabbar Biswas Traders,42
2023-09-30,2023,Sep,Dhaka,Dhaka,Abir Enterprise,19
2023-09-30,2023,Sep,Dhaka,Dhaka,ACCURATE REAL ESTATE LIMITED,8
2023-09-30,2023,Sep,Dhaka,Dhaka,Akhter Traders,15
2023-09-30,2023,Sep,North,Rajshahi,Al Manar Steel,150
2023-09-30,2023,Sep,Dhaka,Dhaka,Amin and Brother,9
2023-09-30,2023,Sep,South,Shariatpur,Amin Store,27
2023-09-30,2023,Sep,Dhaka,Gazipur,Arifa Enterprise,10
2023-09-30,2023,Sep,Dhaka,Dhaka,Arowa Traders,700
2023-09-30,2023,Sep,North,Kurigram,Bhai Bhai Trading,39
2023-09-30,2023,Sep,Dhaka,Dhaka,Bismillah Traders-Dhaka,145
2023-09-30,2023,Sep,South,Chuadanga,Brothers Traders,52
2023-09-30,2023,Sep,Dhaka,Dhaka,Capital Builders,8
2023-09-30,2023,Sep,Dhaka,Dhaka,Cixing Bangladesh Limited,19
2023-09-30,2023,Sep,North East,Mymensingh,Community Health Foundation Bangladesh,25
2023-09-30,2023,Sep,South,Gopalganj,Delwar and Brothers - Gopalgonj,34
2023-09-30,2023,Sep,South,Kushtia,Dhaka Steel,26
2023-09-30,2023,Sep,North,Naogaon,Dipak Kumar Deb,39
2023-09-30,2023,Sep,Dhaka,Dhaka,Earth Properties Ltd.,25
2023-09-30,2023,Sep,North East,Cumilla,Engr. Shafiqul Islam Build and Consultancy,10
2023-09-30,2023,Sep,Dhaka,Dhaka,Estia Enterprise (Manda),90
2023-09-30,2023,Sep,Dhaka,Gazipur,Evan Enterprise,33
2023-09-30,2023,Sep,North East,Mymensingh,F.S Enterprise,96
2023-09-30,2023,Sep,Dhaka,Manikganj,Faruk and Brothers,134
2023-09-30,2023,Sep,North,Dinajpur,Gausheyz Ventores,13
2023-09-30,2023,Sep,Dhaka,Dhaka,Gawsia Enterprise,203
2023-09-30,2023,Sep,Dhaka,Gazipur,Giash Steel,16
2023-09-30,2023,Sep,North East,Cumilla,Grameen Traders,5
2023-09-30,2023,Sep,Dhaka,Dhaka,H.S Corporation,22
2023-09-30,2023,Sep,South,Faridpur,Habib Enterprise (Faridpur),13
2023-09-30,2023,Sep,North,Dinajpur,Hamana Traders,13
2023-09-30,2023,Sep,North,Bogura,Hannan Traders,26
2023-09-30,2023,Sep,North,Tangail,Harun Enterprise,40
2023-09-30,2023,Sep,Dhaka,Dhaka,Hobigonj Traders,40
2023-09-30,2023,Sep,Dhaka,Dhaka,Howlader Enterprise,163
2023-09-30,2023,Sep,Dhaka,Dhaka,Human Resource Welfare Multipurpose Co-operative Society Ltd.,8
2023-09-30,2023,Sep,Dhaka,Narayanganj,Ikhwan Construction,5
2023-09-30,2023,Sep,North,Rangpur,Imarat Trading,78
2023-09-30,2023,Sep,South,Faridpur,Jaseka Traders,52
2023-09-30,2023,Sep,North East,Noakhali,Jashim Steel House,30
2023-09-30,2023,Sep,North,Tangail,Joy Joya Enterprise,54
2023-09-30,2023,Sep,Dhaka,Gazipur,Kamrul Trading Corporation,40
2023-09-30,2023,Sep,Dhaka,Gazipur,Kashem and Sons,24
2023-09-30,2023,Sep,Dhaka,Dhaka,Khan Enterprise,231
2023-09-30,2023,Sep,South,Madaripur,Khan Traders- Madaripur,25
2023-09-30,2023,Sep,Dhaka,Gazipur,Khurshida Builders,90
2023-09-30,2023,Sep,Dhaka,Dhaka,Kolatia Traders,4
2023-09-30,2023,Sep,Dhaka,Gazipur,Konabari Trade Center,13
2023-09-30,2023,Sep,North,Nilphamari,L.N Trading Co.,27
2023-09-30,2023,Sep,South,Patuakhali,Lila Enterprise,33
2023-09-30,2023,Sep,North East,Sylhet,Ludhi Steel Marchant,60
2023-09-30,2023,Sep,Dhaka,Dhaka,M/S Adil Enterprise,28
2023-09-30,2023,Sep,Dhaka,Dhaka,M/S Apurba Build Bazar,8
2023-09-30,2023,Sep,South,Jashore,M/S Azim Shah Traders,26
2023-09-30,2023,Sep,North,Natore,M/S Azmir Enterprise,13
2023-09-30,2023,Sep,South,Jashore,M/S Babu Traders,13
2023-09-30,2023,Sep,Dhaka,Dhaka,M/S Bhai Bhai Traders and Engineering Works,7
2023-09-30,2023,Sep,South,Jhenaidah,M/S Bondhu Enterprise,87
2023-09-30,2023,Sep,South,Bhola,M/S H Rahman and Son's,20
2023-09-30,2023,Sep,North East,Cumilla,M/S Hanif Enterprise,5
2023-09-30,2023,Sep,Dhaka,Dhaka,M/S Haque and Hasan Traders,12
2023-09-30,2023,Sep,Dhaka,Dhaka,M/S Hazi Sarif Munshi Traders,10
2023-09-30,2023,Sep,South,Meherpur,M/S Jony Enterprise -Meherpur,13
2023-09-30,2023,Sep,South,Gopalganj,M/S Linkon Enterprise,14
2023-09-30,2023,Sep,Dhaka,Gazipur,M/s Manobi Construction,20
2023-09-30,2023,Sep,Dhaka,Gazipur,M/S Mawna Builders,23
2023-09-30,2023,Sep,North,Tangail,M/S Maya Traders,12
2023-09-30,2023,Sep,Dhaka,Gazipur,M/s Midul Enterprise,20
2023-09-30,2023,Sep,North East,Cumilla,M/S Molla Traders-Chouddogram,5
2023-09-30,2023,Sep,South,Faridpur,M/S Nur Mahidi Nerman Vander,13
2023-09-30,2023,Sep,Dhaka,Gazipur,M/S R.B Steel and Co.,30
2023-09-30,2023,Sep,Dhaka,Gazipur,M/S Rana Enterprise,102
2023-09-30,2023,Sep,North,Pabna,M/S Samir Traders,39
2023-09-30,2023,Sep,Dhaka,Gazipur,M/s Shah Trading,4
2023-09-30,2023,Sep,South,Faridpur,M/S Sony Vander,27
2023-09-30,2023,Sep,Dhaka,Dhaka,M/S Zam Zam Trading (Dhaka),48
2023-09-30,2023,Sep,North,Bogura,M/S. Bushra Traders,130
2023-09-30,2023,Sep,South,Khulna,M/S. M. A Traders (Dr.),36
2023-09-30,2023,Sep,Dhaka,Dhaka,M/S. Maa Enterprise,38
2023-09-30,2023,Sep,North,Tangail,M/S. Monira Enterprise,15
2023-09-30,2023,Sep,Dhaka,Narayanganj,M/S. MUKTA ENTERPRISE-N.GONJ,8
2023-09-30,2023,Sep,North,Bogura,M/S. Mukta Traders,52
2023-09-30,2023,Sep,Dhaka,Dhaka,M/S. Rayhan Enterprise,69
2023-09-30,2023,Sep,South,Gopalganj,M/S. Sharif Enterprise,10
2023-09-30,2023,Sep,Dhaka,Gazipur,M/S. Tosher Enterprise,18
2023-09-30,2023,Sep,North,Rangpur,M/S. Zaman Traders-Rangpur,117
2023-09-30,2023,Sep,North East,Feni,Madani Traders,77
2023-09-30,2023,Sep,South,Shariatpur,Madbor Enterprise,13
2023-09-30,2023,Sep,Dhaka,Narayanganj,Madina Corporation,5
2023-09-30,2023,Sep,Dhaka,Dhaka,Mahadi Design and Construction,22
2023-09-30,2023,Sep,Dhaka,Dhaka,Makkah Traders,69
2023-09-30,2023,Sep,Dhaka,Gazipur,Mamun Enterprise-Gazipur,73
2023-09-30,2023,Sep,North,Bogura,Master Traders (Shantahar),13
2023-09-30,2023,Sep,South,Madaripur,Mayer Doa Enterprise,13
2023-09-30,2023,Sep,Dhaka,Gazipur,MB Enterprise,47
2023-09-30,2023,Sep,North,Rangpur,Md. Mofijur Rahman,13
2023-09-30,2023,Sep,Dhaka,Dhaka,Misti Enterprise,23
2023-09-30,2023,Sep,Dhaka,Dhaka,Modina Steel Corporation,149
2023-09-30,2023,Sep,North East,Sherpur,Mofazzal Enterprise,70
2023-09-30,2023,Sep,Dhaka,Gazipur,Moti Brothers,59
2023-09-30,2023,Sep,Dhaka,Gazipur,Mr. Iltutmish,5
2023-09-30,2023,Sep,Dhaka,Dhaka,Munshigonj Steel House,20
2023-09-30,2023,Sep,Dhaka,Dhaka,Nahar Steel,85
2023-09-30,2023,Sep,Dhaka,Dhaka,Nal Gulf Construction and Properties,18
2023-09-30,2023,Sep,Dhaka,Dhaka,Nasrin Enterprise,4
2023-09-30,2023,Sep,Dhaka,Dhaka,Nayeef Trading Corporation,12
2023-09-30,2023,Sep,South,Jhenaidah,Nazmul Traders- Jhenaidah,20
2023-09-30,2023,Sep,Dhaka,Dhaka,New M/S Beg and Brothers,10
2023-09-30,2023,Sep,Dhaka,Dhaka,Niloy Enterprise,5
2023-09-30,2023,Sep,Dhaka,Munshiganj,Nimtola Traders,3
2023-09-30,2023,Sep,Dhaka,Dhaka,Popular Enterprise,12
2023-09-30,2023,Sep,South,Kushtia,R. Rahman Corporation,26
2023-09-30,2023,Sep,South,Madaripur,R. S Enterprise-Madaripur,13
2023-09-30,2023,Sep,Dhaka,Narayanganj,R.S Enterprise,132
2023-09-30,2023,Sep,North East,Chandpur,Rabbi Traders,21
2023-09-30,2023,Sep,North East,Narsingdi,Rahman Steel House,78
2023-09-30,2023,Sep,South,Jashore,Razzaque Steel House,40
2023-09-30,2023,Sep,South,Patuakhali,Rema Enterprise,19
2023-09-30,2023,Sep,North East,Kishoreganj,Renu Traders,35
2023-09-30,2023,Sep,Dhaka,Gazipur,Ridwan Traders,50
2023-09-30,2023,Sep,Dhaka,Gazipur,S T Enterprise,63
2023-09-30,2023,Sep,South,Kushtia,Salam and Sons,130
2023-09-30,2023,Sep,South,Kushtia,Saleha Traders,13
2023-09-30,2023,Sep,North,Sirajganj,Sarkar Trading (Sirajgonj),7
2023-09-30,2023,Sep,North,Rangpur,Shah Md Ashrafudulla,26
2023-09-30,2023,Sep,South,Narail,Shahin Traders - Narail,52
2023-09-30,2023,Sep,South,Bhola,Shanaullah Enterprise,14
2023-09-30,2023,Sep,South,Magura,Sharif Steel  Corner,46
2023-09-30,2023,Sep,Dhaka,Dhaka,Sikder Enterprise (Keranigonj),5
2023-09-30,2023,Sep,North,Pabna,Sikder Traders (Pabna),13
2023-09-30,2023,Sep,Dhaka,Dhaka,Soma Enterprise,6
2023-09-30,2023,Sep,North,Gaibandha,Sorif Traders,39
2023-09-30,2023,Sep,North,Rangpur,T.S.Enterprise(Rangpur),91
2023-09-30,2023,Sep,North,Rajshahi,Tariq  Enterprise,91
2023-09-30,2023,Sep,Dhaka,Dhaka,The Barik Brothers,517
2023-09-30,2023,Sep,Dhaka,Dhaka,"Tipu and Co.( Rayerbag, Jatrabari)",35
2023-09-30,2023,Sep,North,Sirajganj,Ullapara Variety Store,13
2023-09-30,2023,Sep,Dhaka,Manikganj,Wazuddin Traders,18
2023-09-30,2023,Sep,North East,Noakhali,Yeasin Traders,7
2023-09-30,2023,Sep,Dhaka,Dhaka,Younus Traders,27
2023-09-30,2023,Sep,Dhaka,Dhaka,Zaman Traders ( Savar),9
2023-10-31,2023,Oct,Dhaka,Dhaka,A.R Corporation,42
2023-10-31,2023,Oct,Dhaka,Dhaka,Abir Enterprise,53
2023-10-31,2023,Oct,South,Barguna,Agrani Traders,47
2023-10-31,2023,Oct,North,Bogura,Ahmed Traders-Bogra,13
2023-10-31,2023,Oct,Dhaka,Dhaka,Akhter Traders,15
2023-10-31,2023,Oct,Dhaka,Dhaka,Al Baraka Steel Corporation- Mirpur,6
2023-10-31,2023,Oct,North,Rajshahi,Al Manar Steel,299
2023-10-31,2023,Oct,South,Patuakhali,Al-Amin Traders-Patuakhali,20
2023-10-31,2023,Oct,Dhaka,Dhaka,Amin and Brother,3
2023-10-31,2023,Oct,South,Shariatpur,Amin Store,13
2023-10-31,2023,Oct,South,Rajbari,Anupam Nirmata,13
2023-10-31,2023,Oct,South,Rajbari,Anwar Traders,14
2023-10-31,2023,Oct,South,Meherpur,Arif Enterprise,13
2023-10-31,2023,Oct,Dhaka,Gazipur,Arifa Enterprise,38
2023-10-31,2023,Oct,Dhaka,Dhaka,Arowa Traders,877
2023-10-31,2023,Oct,North,Rangpur,Bengal and Company,52
2023-10-31,2023,Oct,North,Kurigram,Bhai Bhai Trading,65
2023-10-31,2023,Oct,Dhaka,Dhaka,Bismillah Traders-Dhaka,209
2023-10-31,2023,Oct,South,Chuadanga,Brothers Traders,78
2023-10-31,2023,Oct,Dhaka,Dhaka,Build Asia (D),29
2023-10-31,2023,Oct,Dhaka,Dhaka,Capital Builders,31
2023-10-31,2023,Oct,Dhaka,Dhaka,Capital Garden Flat Malik Samabay Samity Ltd.,20
2023-10-31,2023,Oct,North East,Mymensingh,Community Health Foundation Bangladesh,50
2023-10-31,2023,Oct,North,Pabna,D.K Traders,13
2023-10-31,2023,Oct,South,Gopalganj,Delwar and Brothers - Gopalgonj,34
2023-10-31,2023,Oct,South,Kushtia,Dhaka Steel,52
2023-10-31,2023,Oct,Dhaka,Gazipur,Dhaka Trade Centre,32
2023-10-31,2023,Oct,North,Naogaon,Dipak Kumar Deb,39
2023-10-31,2023,Oct,Dhaka,Dhaka,Earth Properties Ltd.,15
2023-10-31,2023,Oct,Dhaka,Dhaka,Estia Enterprise (Manda),104
2023-10-31,2023,Oct,North East,Mymensingh,F.S Enterprise,67
2023-10-31,2023,Oct,Dhaka,Manikganj,Faruk and Brothers,225
2023-10-31,2023,Oct,South,Meherpur,Faruk Enterprise - Meherpur,13
2023-10-31,2023,Oct,North,Dinajpur,Gausheyz Ventores,14
2023-10-31,2023,Oct,Dhaka,Dhaka,Gawsia Enterprise,256
2023-10-31,2023,Oct,Dhaka,Gazipur,Giash Steel,120
2023-10-31,2023,Oct,Dhaka,Dhaka,H.S Corporation,50
2023-10-31,2023,Oct,South,Faridpur,Habib Enterprise (Faridpur),39
2023-10-31,2023,Oct,North,Dinajpur,Hamana Traders,39
2023-10-31,2023,Oct,North,Bogura,Hannan Traders,65
2023-10-31,2023,Oct,North,Tangail,Harun Enterprise,105
2023-10-31,2023,Oct,Dhaka,Dhaka,Hobigonj Traders,51
2023-10-31,2023,Oct,Dhaka,Dhaka,Howlader Enterprise,194
2023-10-31,2023,Oct,Dhaka,Dhaka,Human Resource Welfare Multipurpose Co-operative Society Ltd.,16
2023-10-31,2023,Oct,North,Rangpur,Imarat Trading,49
2023-10-31,2023,Oct,Dhaka,Dhaka,Jaroms Industries Ltd.,5
2023-10-31,2023,Oct,South,Faridpur,Jaseka Traders,91
2023-10-31,2023,Oct,North East,Noakhali,Jashim Steel House,23
2023-10-31,2023,Oct,Dhaka,Gazipur,Jidni Enterprise,4
2023-10-31,2023,Oct,North,Tangail,Joy Joya Enterprise,117
2023-10-31,2023,Oct,Dhaka,Gazipur,Kamrul Trading Corporation,47
2023-10-31,2023,Oct,Dhaka,Gazipur,Kashem and Sons,76
2023-10-31,2023,Oct,Dhaka,Dhaka,Khaja Mohammad Arifur Rahman,7
2023-10-31,2023,Oct,Dhaka,Dhaka,Khan Enterprise,340
2023-10-31,2023,Oct,South,Khulna,Khan Traders -Khulna,26
2023-10-31,2023,Oct,South,Madaripur,Khan Traders- Madaripur,13
2023-10-31,2023,Oct,Dhaka,Gazipur,Khurshida Builders,200
2023-10-31,2023,Oct,Dhaka,Dhaka,Kolatia Traders,5
2023-10-31,2023,Oct,North,Nilphamari,L.N Trading Co.,39
2023-10-31,2023,Oct,North East,Sylhet,Ludhi Steel Marchant,458
2023-10-31,2023,Oct,Dhaka,Dhaka,M. Hossain & Sons (Dr),13
2023-10-31,2023,Oct,North East,Cumilla,M/S Abedin Enterprise,5
2023-10-31,2023,Oct,Dhaka,Dhaka,M/S Adil Enterprise,34
2023-10-31,2023,Oct,Dhaka,Gazipur,M/S Al-Madina Enterprise,10
2023-10-31,2023,Oct,Dhaka,Dhaka,M/S Apurba Build Bazar,2
2023-10-31,2023,Oct,North,Natore,M/S Azmir Enterprise,11
2023-10-31,2023,Oct,South,Jashore,M/S Babu Traders,20
2023-10-31,2023,Oct,Dhaka,Munshiganj,M/S Bepari Enterprise,6
2023-10-31,2023,Oct,Dhaka,Dhaka,M/S Bhai Bhai Traders and Engineering Works,4
2023-10-31,2023,Oct,South,Jhenaidah,M/S Bondhu Enterprise,166
2023-10-31,2023,Oct,Dhaka,Manikganj,M/S Emon Traders,10
2023-10-31,2023,Oct,South,Satkhira,M/S Faruk Traders-Sathkhira,13
2023-10-31,2023,Oct,South,Bhola,M/S H Rahman and Son's,54
2023-10-31,2023,Oct,Dhaka,Dhaka,M/S Hazi Sarif Munshi Traders,7
2023-10-31,2023,Oct,South,Jashore,M/S Johir Enterprise,39
2023-10-31,2023,Oct,South,Meherpur,M/S Jony Enterprise -Meherpur,13
2023-10-31,2023,Oct,South,Gopalganj,M/S Linkon Enterprise,14
2023-10-31,2023,Oct,South,Jhalokati,M/S Mary Suppliers and Mary Bricks,20
2023-10-31,2023,Oct,Dhaka,Gazipur,M/S Mawna Builders,47
2023-10-31,2023,Oct,Dhaka,Gazipur,M/s Midul Enterprise,44
2023-10-31,2023,Oct,North East,Cumilla,M/S Molla Traders-Chouddogram,43
2023-10-31,2023,Oct,South,Gopalganj,M/S Molla Traders-Gopalgonj,39
2023-10-31,2023,Oct,South,Pirojpur,M/S New Hope Traders,20
2023-10-31,2023,Oct,South,Madaripur,M/s Nirman,13
2023-10-31,2023,Oct,South,Faridpur,M/S Nur Mahidi Nerman Vander,52
2023-10-31,2023,Oct,North,Naogaon,M/S Parvez Trading-Naogaon,107
2023-10-31,2023,Oct,South,Gopalganj,M/s Porosh Enterprise,26
2023-10-31,2023,Oct,Dhaka,Gazipur,M/S R.B Steel and Co.,57
2023-10-31,2023,Oct,North,Rajshahi,M/S Rafikul Traders,13
2023-10-31,2023,Oct,Dhaka,Gazipur,M/S Rana Enterprise,224
2023-10-31,2023,Oct,South,Madaripur,M/S Saifullah Enterprise,46
2023-10-31,2023,Oct,North,Pabna,M/S Samir Traders,78
2023-10-31,2023,Oct,Dhaka,Dhaka,M/S Zam Zam Trading (Dhaka),25
2023-10-31,2023,Oct,South,Patuakhali,M/S. Abul Kalam Azad,42
2023-10-31,2023,Oct,South,Satkhira,M/S. Afroz Enterprise,14
2023-10-31,2023,Oct,North,Rangpur,M/S. Billah Traders,13
2023-10-31,2023,Oct,North,Bogura,M/S. Bushra Traders,262
2023-10-31,2023,Oct,South,Khulna,M/S. M. A Traders (Dr.),124
2023-10-31,2023,Oct,Dhaka,Dhaka,M/S. Maa Enterprise,30
2023-10-31,2023,Oct,South,Barishal,M/S. Mahabub Traders,13
2023-10-31,2023,Oct,North,Tangail,M/S. Monira Enterprise,61
2023-10-31,2023,Oct,Dhaka,Narayanganj,M/S. MUKTA ENTERPRISE-N.GONJ,7
2023-10-31,2023,Oct,North,Bogura,M/S. Mukta Traders,104
2023-10-31,2023,Oct,Dhaka,Dhaka,M/S. Rayhan Enterprise,150
2023-10-31,2023,Oct,North East,Cumilla,M/S. RS Hardware,14
2023-10-31,2023,Oct,Dhaka,Gazipur,M/S. Tosher Enterprise,10
2023-10-31,2023,Oct,South,Bhola,M/S. Yakub Traders,11
2023-10-31,2023,Oct,North,Rangpur,M/S. Zaman Traders-Rangpur,233
2023-10-31,2023,Oct,North East,Chandpur,M/S: Tafhim Enterprise,5
2023-10-31,2023,Oct,North East,Feni,Madani Traders,121
2023-10-31,2023,Oct,South,Shariatpur,Madbor Enterprise,13
2023-10-31,2023,Oct,Dhaka,Narayanganj,Madina Trading Corporation Pvt. Ltd.,150
2023-10-31,2023,Oct,Dhaka,Dhaka,Mahadi Design and Construction,9
2023-10-31,2023,Oct,South,Jashore,Mahiya Kabir Corporation,78
2023-10-31,2023,Oct,Dhaka,Dhaka,Makkah Traders,58
2023-10-31,2023,Oct,Dhaka,Gazipur,Mamun Enterprise-Gazipur,118
2023-10-31,2023,Oct,North,Pabna,Mamun Traders-Pabna,65
2023-10-31,2023,Oct,North,Bogura,Master Traders (Shantahar),13
2023-10-31,2023,Oct,South,Barishal,Masud Enterprise,33
2023-10-31,2023,Oct,Dhaka,Dhaka,Maysha Color Bank,8
2023-10-31,2023,Oct,Dhaka,Gazipur,Mim Enterprise,38
2023-10-31,2023,Oct,Dhaka,Dhaka,Misti Enterprise,22
2023-10-31,2023,Oct,North East,Jamalpur,Mizan and Son's,12
2023-10-31,2023,Oct,Dhaka,Dhaka,Modina Steel Corporation,368
2023-10-31,2023,Oct,North East,Sherpur,Mofazzal Enterprise,172
2023-10-31,2023,Oct,Dhaka,Munshiganj,Molla Enterprise and Traders,5
2023-10-31,2023,Oct,North East,Cumilla,Molla Traders- Comilla,27
2023-10-31,2023,Oct,Dhaka,Dhaka,Munshigonj Steel House,87
2023-10-31,2023,Oct,South,Madaripur,Nabila Traders (Madaripur),13
2023-10-31,2023,Oct,Dhaka,Dhaka,Nahar Steel,148
2023-10-31,2023,Oct,Dhaka,Dhaka,Nal Gulf Construction and Properties,23
2023-10-31,2023,Oct,Dhaka,Dhaka,Nasrin Enterprise,4
2023-10-31,2023,Oct,Dhaka,Dhaka,Nayeef Trading Corporation,10
2023-10-31,2023,Oct,South,Jhenaidah,Nazmul Traders- Jhenaidah,80
2023-10-31,2023,Oct,Dhaka,Dhaka,New Sharmin Enterprise,3
2023-10-31,2023,Oct,Dhaka,Dhaka,Niloy Enterprise,10
2023-10-31,2023,Oct,Dhaka,Munshiganj,Nimtola Traders,5
2023-10-31,2023,Oct,Dhaka,Dhaka,Popular Enterprise,31
2023-10-31,2023,Oct,South,Kushtia,R. Rahman Corporation,143
2023-10-31,2023,Oct,South,Madaripur,R. S Enterprise-Madaripur,25
2023-10-31,2023,Oct,Dhaka,Narayanganj,R.S Enterprise,189
2023-10-31,2023,Oct,North East,Chandpur,Rabbi Traders,6
2023-10-31,2023,Oct,North East,Narsingdi,Rahman Steel House,101
2023-10-31,2023,Oct,South,Narail,Rakhi Enterprise,20
2023-10-31,2023,Oct,South,Jashore,Razzaque Steel House,80
2023-10-31,2023,Oct,South,Patuakhali,Rema Enterprise,68
2023-10-31,2023,Oct,North East,Kishoreganj,Renu Traders,28
2023-10-31,2023,Oct,Dhaka,Gazipur,Ridwan Traders,8
2023-10-31,2023,Oct,Dhaka,Munshiganj,S K Bazar Trading,5
2023-10-31,2023,Oct,Dhaka,Gazipur,S T Enterprise,89
2023-10-31,2023,Oct,South,Kushtia,Salam and Sons,203
2023-10-31,2023,Oct,South,Kushtia,Saleha Traders,153
2023-10-31,2023,Oct,South,Shariatpur,Seba Trading Corporation,27
2023-10-31,2023,Oct,South,Narail,Shahin Traders - Narail,80
2023-10-31,2023,Oct,South,Bhola,Shanaullah Enterprise,40
2023-10-31,2023,Oct,South,Magura,Sharif Steel  Corner,159
2023-10-31,2023,Oct,South,Bagerhat,Shotota Enterprise,13
2023-10-31,2023,Oct,Dhaka,Dhaka,Sikder Enterprise (Keranigonj),5
2023-10-31,2023,Oct,North,Pabna,Sikder Traders (Pabna),26
2023-10-31,2023,Oct,Dhaka,Dhaka,Soma Enterprise,10
2023-10-31,2023,Oct,North,Gaibandha,Sorif Traders,65
2023-10-31,2023,Oct,Dhaka,Gazipur,Suma Enterprise - Sofipur,45
2023-10-31,2023,Oct,North,Rangpur,T.S.Enterprise(Rangpur),143
2023-10-31,2023,Oct,North,Rajshahi,Tariq  Enterprise,130
2023-10-31,2023,Oct,South,Narail,Tazmin Enterprise,13
2023-10-31,2023,Oct,Dhaka,Dhaka,The Barik Brothers,586
2023-10-31,2023,Oct,Dhaka,Dhaka,"Tipu and Co.( Rayerbag, Jatrabari)",50
2023-10-31,2023,Oct,North,Sirajganj,Ullapara Variety Store,25
2023-10-31,2023,Oct,Dhaka,Manikganj,Wazuddin Traders,50
2023-10-31,2023,Oct,North East,Noakhali,Yeasin Traders,15
2023-10-31,2023,Oct,Dhaka,Dhaka,Younus Traders,51
2023-10-31,2023,Oct,South,Bhola,Zabbar Biswas Traders,66
2023-11-30,2023,Nov,Dhaka,Dhaka,A.R Corporation,44
2023-11-30,2023,Nov,North,Pabna,Abul Hossain Traders,13
2023-11-30,2023,Nov,Dhaka,Dhaka,ACCURATE REAL ESTATE LIMITED,13
2023-11-30,2023,Nov,North East,Dhaka,AK Developers Ltd.,8
2023-11-30,2023,Nov,Dhaka,Dhaka,Akhter Traders,6
2023-11-30,2023,Nov,North,Rajshahi,Al Manar Steel,286
2023-11-30,2023,Nov,North,Dinajpur,Alif Trading,13
2023-11-30,2023,Nov,Dhaka,Dhaka,Amin and Brother,8
2023-11-30,2023,Nov,South,Shariatpur,Amin Store,26
2023-11-30,2023,Nov,Dhaka,Gazipur,Arifa Enterprise,9
2023-11-30,2023,Nov,Dhaka,Dhaka,Arowa Traders,851
2023-11-30,2023,Nov,North,Kurigram,Bhai Bhai Trading,177
2023-11-30,2023,Nov,Dhaka,Dhaka,Bismillah Traders-Dhaka,201
2023-11-30,2023,Nov,South,Chuadanga,Brothers Traders,26
2023-11-30,2023,Nov,Dhaka,Dhaka,Capital Builders,75
2023-11-30,2023,Nov,North,Tangail,Chunailal Traders,11
2023-11-30,2023,Nov,Dhaka,Dhaka,Cixing Bangladesh Limited,7
2023-11-30,2023,Nov,North East,Mymensingh,Community Health Foundation Bangladesh,30
2023-11-30,2023,Nov,North,Pabna,D.K Traders,13
2023-11-30,2023,Nov,South,Gopalganj,Delwar and Brothers - Gopalgonj,13
2023-11-30,2023,Nov,South,Kushtia,Dhaka Steel,13
2023-11-30,2023,Nov,Dhaka,Gazipur,Dhaka Trade Centre,28
2023-11-30,2023,Nov,North,Naogaon,Dipak Kumar Deb,39
2023-11-30,2023,Nov,Dhaka,Dhaka,Estia Enterprise (Manda),127
2023-11-30,2023,Nov,North East,Mymensingh,F.S Enterprise,164
2023-11-30,2023,Nov,North,Kurigram,Farhad and Brothers,13
2023-11-30,2023,Nov,Dhaka,Manikganj,Faruk and Brothers,125
2023-11-30,2023,Nov,North,Dinajpur,Gausheyz Ventores,13
2023-11-30,2023,Nov,Dhaka,Dhaka,Gawsia Enterprise,207
2023-11-30,2023,Nov,Dhaka,Gazipur,Giash Steel,55
2023-11-30,2023,Nov,South,Faridpur,Habib Enterprise (Faridpur),91
2023-11-30,2023,Nov,North,Bogura,Hannan Traders,78
2023-11-30,2023,Nov,North,Tangail,Harun Enterprise,163
2023-11-30,2023,Nov,Dhaka,Dhaka,Hobigonj Traders,124
2023-11-30,2023,Nov,Dhaka,Dhaka,Howlader Enterprise,242
2023-11-30,2023,Nov,Dhaka,Dhaka,Human Resource Welfare Multipurpose Co-operative Society Ltd.,14
2023-11-30,2023,Nov,Dhaka,Narayanganj,Ikhwan Construction,11
2023-11-30,2023,Nov,North,Rangpur,Imarat Trading,91
2023-11-30,2023,Nov,South,Faridpur,Jaseka Traders,104
2023-11-30,2023,Nov,North East,Noakhali,Jashim Steel House,26
2023-11-30,2023,Nov,North,Tangail,Joy Joya Enterprise,80
2023-11-30,2023,Nov,Dhaka,Gazipur,Kamrul Trading Corporation,38
2023-11-30,2023,Nov,Dhaka,Gazipur,Kashem and Sons,33
2023-11-30,2023,Nov,North East,Noakhali,Kashem Traders (Noakhali),26
2023-11-30,2023,Nov,Dhaka,Dhaka,Khan Enterprise,337
2023-11-30,2023,Nov,South,Khulna,Khan Traders -Khulna,13
2023-11-30,2023,Nov,South,Madaripur,Khan Traders- Madaripur,13
2023-11-30,2023,Nov,Dhaka,Gazipur,Khurshida Builders,170
2023-11-30,2023,Nov,Dhaka,Dhaka,Kolatia Traders,10
2023-11-30,2023,Nov,Dhaka,Gazipur,Konabari Trade Center,39
2023-11-30,2023,Nov,North,Nilphamari,L.N Trading Co.,65
2023-11-30,2023,Nov,North East,Sylhet,Ludhi Steel Marchant,42
2023-11-30,2023,Nov,South,Chuadanga,M/S - Younus Hardware,26
2023-11-30,2023,Nov,Dhaka,Dhaka,M/S Adil Enterprise,29
2023-11-30,2023,Nov,Dhaka,Gazipur,M/S Al-Madina Enterprise,10
2023-11-30,2023,Nov,Dhaka,Dhaka,M/S Apurba Build Bazar,4
2023-11-30,2023,Nov,South,Jashore,M/S Azim Shah Traders,20
2023-11-30,2023,Nov,Dhaka,Dhaka,M/S Bhai Bhai Traders and Engineering Works,5
2023-11-30,2023,Nov,South,Jhenaidah,M/S Bondhu Enterprise,132
2023-11-30,2023,Nov,Dhaka,Manikganj,M/S Emon Traders,5
2023-11-30,2023,Nov,South,Gopalganj,M/S Fakir and Sons,20
2023-11-30,2023,Nov,Dhaka,Dhaka,M/S Fatema Steel Agency,10
2023-11-30,2023,Nov,Dhaka,Dhaka,M/S Hazi Sarif Munshi Traders,10
2023-11-30,2023,Nov,North East,Jamalpur,M/S Jibon Enterprise,15
2023-11-30,2023,Nov,North,Tangail,M/S Khan Traders-Tangail,13
2023-11-30,2023,Nov,Dhaka,Gazipur,M/s Manobi Construction,40
2023-11-30,2023,Nov,South,Jhalokati,M/S Mary Suppliers and Mary Bricks,20
2023-11-30,2023,Nov,Dhaka,Gazipur,M/S Mawna Builders,221
2023-11-30,2023,Nov,Dhaka,Gazipur,M/s Midul Enterprise,50
2023-11-30,2023,Nov,North East,Cumilla,M/S Molla Traders-Chouddogram,16
2023-11-30,2023,Nov,South,Gopalganj,M/S Molla Traders-Gopalgonj,13
2023-11-30,2023,Nov,South,Faridpur,M/S Nur Mahidi Nerman Vander,26
2023-11-30,2023,Nov,North,Naogaon,M/S Parvez Trading-Naogaon,95
2023-11-30,2023,Nov,Dhaka,Gazipur,M/S R.B Steel and Co.,86
2023-11-30,2023,Nov,Dhaka,Gazipur,M/S Rana Enterprise,134
2023-11-30,2023,Nov,South,Madaripur,M/S Saifullah Enterprise,13
2023-11-30,2023,Nov,North,Pabna,M/S Samir Traders,65
2023-11-30,2023,Nov,North,Bogura,M/S Sazid Traders,13
2023-11-30,2023,Nov,Dhaka,Dhaka,M/S Zam Zam Trading (Dhaka),44
2023-11-30,2023,Nov,South,Patuakhali,M/S. Abul Kalam Azad,17
2023-11-30,2023,Nov,South,Satkhira,M/S. Afroz Enterprise,14
2023-11-30,2023,Nov,North,Bogura,M/S. Bushra Traders,210
2023-11-30,2023,Nov,North East,Brahmanbaria,M/S. Hasan Enterprise,28
2023-11-30,2023,Nov,North East,Jamalpur,M/S. Jibon Traders,2
2023-11-30,2023,Nov,North,Dinajpur,M/S. Jom Jom Enterprise-Dinajpur,52
2023-11-30,2023,Nov,South,Khulna,M/S. M. A Traders (Dr.),100
2023-11-30,2023,Nov,Dhaka,Dhaka,M/S. Maa Enterprise,38
2023-11-30,2023,Nov,South,Barishal,M/S. Mahabub Traders,13
2023-11-30,2023,Nov,North East,Brahmanbaria,M/S. Malek and Sons,21
2023-11-30,2023,Nov,North,Tangail,M/S. Monira Enterprise,16
2023-11-30,2023,Nov,Dhaka,Narayanganj,M/S. MUKTA ENTERPRISE-N.GONJ,5
2023-11-30,2023,Nov,North,Bogura,M/S. Mukta Traders,78
2023-11-30,2023,Nov,Dhaka,Dhaka,M/S. Rayhan Enterprise,109
2023-11-30,2023,Nov,North East,Cumilla,M/S. RS Hardware,3
2023-11-30,2023,Nov,South,Gopalganj,M/S. Sharif Enterprise,53
2023-11-30,2023,Nov,South,Pirojpur,M/S. Shikder Enterprise-Pirojpur,11
2023-11-30,2023,Nov,South,Narail,M/S. Sikdar Enterprise- Norail,20
2023-11-30,2023,Nov,Dhaka,Gazipur,M/S. Tosher Enterprise,9
2023-11-30,2023,Nov,North,Rangpur,M/S. Zaman Traders-Rangpur,288
2023-11-30,2023,Nov,North East,Chandpur,M/S: Tafhim Enterprise,10
2023-11-30,2023,Nov,North East,Feni,Madani Traders,65
2023-11-30,2023,Nov,South,Shariatpur,Madbor Enterprise,26
2023-11-30,2023,Nov,Dhaka,Narayanganj,Madina Trading Corporation Pvt. Ltd.,94
2023-11-30,2023,Nov,Dhaka,Dhaka,Mahadi Design and Construction,41
2023-11-30,2023,Nov,Dhaka,Dhaka,Makkah Traders,46
2023-11-30,2023,Nov,Dhaka,Gazipur,Mamun Enterprise-Gazipur,93
2023-11-30,2023,Nov,North,Bogura,Master Traders (Shantahar),39
2023-11-30,2023,Nov,South,Barishal,Masud Enterprise,44
2023-11-30,2023,Nov,South,Madaripur,Mayer Doa Enterprise,27
2023-11-30,2023,Nov,Dhaka,Dhaka,Maysha Color Bank,4
2023-11-30,2023,Nov,Dhaka,Gazipur,Mim Enterprise,4
2023-11-30,2023,Nov,Dhaka,Dhaka,Misti Enterprise,50
2023-11-30,2023,Nov,North East,Jamalpur,Mizan and Son's,3
2023-11-30,2023,Nov,Dhaka,Dhaka,Modina Steel Corporation,202
2023-11-30,2023,Nov,North East,Sherpur,Mofazzal Enterprise,104
2023-11-30,2023,Nov,South,Magura,Molla Banijjo Vander,93
2023-11-30,2023,Nov,North East,Cumilla,Molla Traders- Comilla,26
2023-11-30,2023,Nov,Dhaka,Dhaka,Munshigonj Steel House,54
2023-11-30,2023,Nov,North,Pabna,"Nabi Traders (Ishawrdi,  Pabna)",13
2023-11-30,2023,Nov,Dhaka,Dhaka,Nahar Steel,122
2023-11-30,2023,Nov,Dhaka,Dhaka,Nal Gulf Construction and Properties,22
2023-11-30,2023,Nov,Dhaka,Dhaka,Nasrin Enterprise,6
2023-11-30,2023,Nov,Dhaka,Dhaka,Nayeef Trading Corporation,12
2023-11-30,2023,Nov,South,Jhenaidah,Nazmul Traders- Jhenaidah,124
2023-11-30,2023,Nov,Dhaka,Dhaka,Popular Enterprise,28
2023-11-30,2023,Nov,South,Kushtia,R. Rahman Corporation,13
2023-11-30,2023,Nov,South,Madaripur,R. S Enterprise-Madaripur,13
2023-11-30,2023,Nov,Dhaka,Narayanganj,R.S Enterprise,249
2023-11-30,2023,Nov,North East,Chandpur,Rabbi Traders,24
2023-11-30,2023,Nov,North East,Narsingdi,Rahman Steel House,139
2023-11-30,2023,Nov,South,Narail,Rakhi Enterprise,20
2023-11-30,2023,Nov,South,Jashore,Razzaque Steel House,79
2023-11-30,2023,Nov,South,Patuakhali,Rema Enterprise,94
2023-11-30,2023,Nov,North East,Kishoreganj,Renu Traders,50
2023-11-30,2023,Nov,Dhaka,Gazipur,Ridwan Traders,6
2023-11-30,2023,Nov,Dhaka,Gazipur,S T Enterprise,150
2023-11-30,2023,Nov,South,Kushtia,Salam and Sons,57
2023-11-30,2023,Nov,South,Kushtia,Saleha Traders,234
2023-11-30,2023,Nov,North,Rangpur,Shah Md Ashrafudulla,13
2023-11-30,2023,Nov,South,Narail,Shahin Traders - Narail,117
2023-11-30,2023,Nov,South,Bhola,Shanaullah Enterprise,20
2023-11-30,2023,Nov,South,Magura,Sharif Steel  Corner,27
2023-11-30,2023,Nov,Dhaka,Dhaka,Sikder Enterprise (Keranigonj),5
2023-11-30,2023,Nov,North,Pabna,Sikder Traders (Pabna),13
2023-11-30,2023,Nov,Dhaka,Dhaka,Soma Enterprise,13
2023-11-30,2023,Nov,Dhaka,Gazipur,Suma Enterprise - Sofipur,5
2023-11-30,2023,Nov,North,Rangpur,T.S.Enterprise(Rangpur),143
2023-11-30,2023,Nov,North,Rajshahi,Tariq  Enterprise,130
2023-11-30,2023,Nov,Dhaka,Dhaka,The Barik Brothers,575
2023-11-30,2023,Nov,Dhaka,Dhaka,"Tipu and Co.( Rayerbag, Jatrabari)",14
2023-11-30,2023,Nov,North,Sirajganj,Ullapara Variety Store,13
2023-11-30,2023,Nov,Dhaka,Manikganj,Wazuddin Traders,18
2023-11-30,2023,Nov,North East,Noakhali,Yeasin Traders,8
2023-11-30,2023,Nov,Dhaka,Dhaka,Younus Traders,41
2023-12-31,2023,Dec,Dhaka,Dhaka,A.R Corporation,111
2023-12-31,2023,Dec,Dhaka,Dhaka,Abir Enterprise,25
2023-12-31,2023,Dec,Dhaka,Dhaka,ACCURATE REAL ESTATE LIMITED,6
2023-12-31,2023,Dec,North East,Dhaka,AK Developers Ltd.,3
2023-12-31,2023,Dec,Dhaka,Dhaka,Akhter Traders,12
2023-12-31,2023,Dec,North,Rajshahi,Al Manar Steel,416
2023-12-31,2023,Dec,Dhaka,Dhaka,Amin and Brother,8
2023-12-31,2023,Dec,South,Shariatpur,Amin Store,13
2023-12-31,2023,Dec,South,Rajbari,Anwar Traders,26
2023-12-31,2023,Dec,South,Meherpur,Arif Enterprise,13
2023-12-31,2023,Dec,Dhaka,Gazipur,Arifa Enterprise,13
2023-12-31,2023,Dec,Dhaka,Dhaka,Arowa Traders,954
2023-12-31,2023,Dec,Dhaka,Dhaka,Bangladesh Shishu Kallyan Porishod (BCCW),7
2023-12-31,2023,Dec,North,Kurigram,Bhai Bhai Trading,39
2023-12-31,2023,Dec,Dhaka,Dhaka,Bismillah Traders-Dhaka,204
2023-12-31,2023,Dec,Dhaka,Dhaka,Capital Builders,54
2023-12-31,2023,Dec,North East,Mymensingh,Community Health Foundation Bangladesh,13
2023-12-31,2023,Dec,North,Pabna,D.K Traders,26
2023-12-31,2023,Dec,South,Kushtia,Dhaka Steel,26
2023-12-31,2023,Dec,Dhaka,Gazipur,Dhaka Trade Centre,6
2023-12-31,2023,Dec,North,Naogaon,Dipak Kumar Deb,52
2023-12-31,2023,Dec,Dhaka,Dhaka,Earth Properties Ltd.,15
2023-12-31,2023,Dec,Dhaka,Dhaka,Estia Enterprise (Manda),81
2023-12-31,2023,Dec,Dhaka,Gazipur,Evan Enterprise,40
2023-12-31,2023,Dec,North East,Mymensingh,F.S Enterprise,118
2023-12-31,2023,Dec,North,Kurigram,Farhad and Brothers,26
2023-12-31,2023,Dec,Dhaka,Manikganj,Faruk and Brothers,161
2023-12-31,2023,Dec,Dhaka,Dhaka,Gawsia Enterprise,392
2023-12-31,2023,Dec,Dhaka,Gazipur,Giash Steel,41
2023-12-31,2023,Dec,Dhaka,Dhaka,H.S Corporation,72
2023-12-31,2023,Dec,South,Faridpur,Habib Enterprise (Faridpur),52
2023-12-31,2023,Dec,North,Dinajpur,Hamana Traders,39
2023-12-31,2023,Dec,North,Bogura,Hannan Traders,52
2023-12-31,2023,Dec,North,Tangail,Harun Enterprise,76
2023-12-31,2023,Dec,Dhaka,Dhaka,Hobigonj Traders,58
2023-12-31,2023,Dec,Dhaka,Dhaka,Howlader Enterprise,153
2023-12-31,2023,Dec,Dhaka,Dhaka,Human Resource Welfare Multipurpose Co-operative Society Ltd.,5
2023-12-31,2023,Dec,Dhaka,Narayanganj,Ikhwan Construction,24
2023-12-31,2023,Dec,North,Rangpur,Imarat Trading,13
2023-12-31,2023,Dec,South,Faridpur,Jaseka Traders,92
2023-12-31,2023,Dec,North East,Noakhali,Jashim Steel House,38
2023-12-31,2023,Dec,Dhaka,Gazipur,Jidni Enterprise,8
2023-12-31,2023,Dec,North,Tangail,Joy Joya Enterprise,93
2023-12-31,2023,Dec,South,Barishal,K K Enterprise,20
2023-12-31,2023,Dec,Dhaka,Gazipur,Kamrul Trading Corporation,35
2023-12-31,2023,Dec,Dhaka,Gazipur,Kashem and Sons,44
2023-12-31,2023,Dec,Dhaka,Dhaka,Khan Enterprise,267
2023-12-31,2023,Dec,South,Khulna,Khan Traders -Khulna,13
2023-12-31,2023,Dec,South,Madaripur,Khan Traders- Madaripur,33
2023-12-31,2023,Dec,Dhaka,Gazipur,Khurshida Builders,231
2023-12-31,2023,Dec,Dhaka,Dhaka,Kolatia Traders,5
2023-12-31,2023,Dec,Dhaka,Gazipur,Konabari Trade Center,50
2023-12-31,2023,Dec,North,Nilphamari,L.N Trading Co.,81
2023-12-31,2023,Dec,South,Patuakhali,Lila Enterprise,8
2023-12-31,2023,Dec,North East,Sylhet,Ludhi Steel Marchant,13
2023-12-31,2023,Dec,Dhaka,Dhaka,M. Hossain & Sons (Dr),20
2023-12-31,2023,Dec,North,Pabna,M/S Adi Saha Trading,13
2023-12-31,2023,Dec,Dhaka,Dhaka,M/S Adil Enterprise,6
2023-12-31,2023,Dec,Dhaka,Dhaka,M/S Apurba Build Bazar,6
2023-12-31,2023,Dec,South,Jashore,M/S Azim Shah Traders,54
2023-12-31,2023,Dec,Dhaka,Munshiganj,M/S Bepari Enterprise,6
2023-12-31,2023,Dec,Dhaka,Dhaka,M/S Bhai Bhai Traders and Engineering Works,8
2023-12-31,2023,Dec,South,Jhenaidah,M/S Bondhu Enterprise,140
2023-12-31,2023,Dec,Dhaka,Dhaka,M/S Fatema Steel Agency,10
2023-12-31,2023,Dec,South,Bhola,M/S H Rahman and Son's,20
2023-12-31,2023,Dec,North East,Cumilla,M/S Hanif Enterprise,6
2023-12-31,2023,Dec,Dhaka,Dhaka,M/S Haque and Hasan Traders,9
2023-12-31,2023,Dec,North East,Jamalpur,M/S Jibon Enterprise,13
2023-12-31,2023,Dec,South,Jashore,M/S Johir Enterprise,27
2023-12-31,2023,Dec,South,Meherpur,M/S Jony Enterprise -Meherpur,13
2023-12-31,2023,Dec,South,Gopalganj,M/S Linkon Enterprise,14
2023-12-31,2023,Dec,Dhaka,Gazipur,M/s Manobi Construction,5
2023-12-31,2023,Dec,South,Jhalokati,M/S Mary Suppliers and Mary Bricks,18
2023-12-31,2023,Dec,Dhaka,Gazipur,M/S Mawna Builders,95
2023-12-31,2023,Dec,Dhaka,Gazipur,M/s Midul Enterprise,32
2023-12-31,2023,Dec,North East,Cumilla,M/S Molla Traders-Chouddogram,19
2023-12-31,2023,Dec,South,Faridpur,M/S Nur Mahidi Nerman Vander,40
2023-12-31,2023,Dec,North,Naogaon,M/S Parvez Trading-Naogaon,108
2023-12-31,2023,Dec,South,Gopalganj,M/s Porosh Enterprise,13
2023-12-31,2023,Dec,Dhaka,Gazipur,M/S R.B Steel and Co.,32
2023-12-31,2023,Dec,Dhaka,Gazipur,M/S Rana Enterprise,141
2023-12-31,2023,Dec,North,Pabna,M/S Samir Traders,26
2023-12-31,2023,Dec,North,Bogura,M/S Sazid Traders,13
2023-12-31,2023,Dec,South,Faridpur,M/S Sony Vander,39
2023-12-31,2023,Dec,Dhaka,Dhaka,M/S Zam Zam Trading (Dhaka),56
2023-12-31,2023,Dec,South,Patuakhali,M/S. Abul Kalam Azad,46
2023-12-31,2023,Dec,North,Rangpur,M/S. Billah Traders,14
2023-12-31,2023,Dec,North,Bogura,M/S. Bushra Traders,231
2023-12-31,2023,Dec,North East,Brahmanbaria,M/S. Hasan Enterprise,30
2023-12-31,2023,Dec,South,Khulna,M/S. M. A Traders (Dr.),100
2023-12-31,2023,Dec,Dhaka,Dhaka,M/S. Maa Enterprise,25
2023-12-31,2023,Dec,South,Barishal,M/S. Mahabub Traders,13
2023-12-31,2023,Dec,Dhaka,Dhaka,M/S. Marks Trading,5
2023-12-31,2023,Dec,North,Tangail,M/S. Monira Enterprise,20
2023-12-31,2023,Dec,Dhaka,Narayanganj,M/S. MUKTA ENTERPRISE-N.GONJ,8
2023-12-31,2023,Dec,North,Bogura,M/S. Mukta Traders,39
2023-12-31,2023,Dec,Dhaka,Dhaka,M/S. Rayhan Enterprise,107
2023-12-31,2023,Dec,Dhaka,Gazipur,M/S. Tosher Enterprise,12
2023-12-31,2023,Dec,North,Rangpur,M/S. Zaman Traders-Rangpur,223
2023-12-31,2023,Dec,North East,Feni,Madani Traders,39
2023-12-31,2023,Dec,Dhaka,Narayanganj,Madina Corporation,8
2023-12-31,2023,Dec,Dhaka,Narayanganj,Madina Trading Corporation Pvt. Ltd.,7
2023-12-31,2023,Dec,Dhaka,Dhaka,Mahadi Design and Construction,28
2023-12-31,2023,Dec,South,Jashore,Mahiya Kabir Corporation,50
2023-12-31,2023,Dec,Dhaka,Dhaka,Makkah Traders,67
2023-12-31,2023,Dec,Dhaka,Gazipur,Mamun Enterprise-Gazipur,142
2023-12-31,2023,Dec,North,Pabna,Mamun Traders-Pabna,40
2023-12-31,2023,Dec,South,Barishal,Masud Enterprise,13
2023-12-31,2023,Dec,Dhaka,Dhaka,Maysha Color Bank,12
2023-12-31,2023,Dec,Dhaka,Gazipur,Mim Enterprise,21
2023-12-31,2023,Dec,Dhaka,Dhaka,Misti Enterprise,23
2023-12-31,2023,Dec,Dhaka,Dhaka,Modina Steel Corporation,183
2023-12-31,2023,Dec,North East,Sherpur,Mofazzal Enterprise,60
2023-12-31,2023,Dec,South,Magura,Molla Banijjo Vander,13
2023-12-31,2023,Dec,North East,Cumilla,Molla Traders- Comilla,43
2023-12-31,2023,Dec,Dhaka,Dhaka,Munshigonj Steel House,28
2023-12-31,2023,Dec,Dhaka,Dhaka,Nahar Steel,125
2023-12-31,2023,Dec,Dhaka,Dhaka,Nal Gulf Construction and Properties,22
2023-12-31,2023,Dec,Dhaka,Dhaka,Nasrin Enterprise,8
2023-12-31,2023,Dec,Dhaka,Dhaka,Nayeef Trading Corporation,17
2023-12-31,2023,Dec,South,Jhenaidah,Nazmul Traders- Jhenaidah,20
2023-12-31,2023,Dec,South,Meherpur,Padma Enterprise,13
2023-12-31,2023,Dec,Dhaka,Dhaka,Popular Enterprise,50
2023-12-31,2023,Dec,Dhaka,Narayanganj,R.S Enterprise,217
2023-12-31,2023,Dec,North East,Chandpur,Rabbi Traders,8
2023-12-31,2023,Dec,North East,Narsingdi,Rahman Steel House,116
2023-12-31,2023,Dec,South,Narail,Rakhi Enterprise,20
2023-12-31,2023,Dec,South,Jashore,Razzaque Steel House,93
2023-12-31,2023,Dec,South,Patuakhali,Rema Enterprise,40
2023-12-31,2023,Dec,North East,Kishoreganj,Renu Traders,30
2023-12-31,2023,Dec,Dhaka,Gazipur,Ridwan Traders,5
2023-12-31,2023,Dec,Dhaka,Gazipur,S T Enterprise,115
2023-12-31,2023,Dec,South,Kushtia,Salam and Sons,182
2023-12-31,2023,Dec,South,Kushtia,Saleha Traders,203
2023-12-31,2023,Dec,South,Shariatpur,Seba Trading Corporation,28
2023-12-31,2023,Dec,Dhaka,Dhaka,Selim Malik Traders,6
2023-12-31,2023,Dec,North,Rangpur,Shah Md Ashrafudulla,13
2023-12-31,2023,Dec,South,Narail,Shahin Traders - Narail,79
2023-12-31,2023,Dec,South,Magura,Sharif Steel  Corner,80
2023-12-31,2023,Dec,South,Khulna,Shikder and Brothers,14
2023-12-31,2023,Dec,Dhaka,Dhaka,Sikder Enterprise (Keranigonj),5
2023-12-31,2023,Dec,North,Pabna,Sikder Traders (Pabna),39
2023-12-31,2023,Dec,Dhaka,Dhaka,Soma Enterprise,17
2023-12-31,2023,Dec,Dhaka,Gazipur,Suma Enterprise - Sofipur,26
2023-12-31,2023,Dec,North,Pabna,Swapan Traders,13
2023-12-31,2023,Dec,North,Rangpur,T.S.Enterprise(Rangpur),65
2023-12-31,2023,Dec,North,Rajshahi,Tariq  Enterprise,182
2023-12-31,2023,Dec,Dhaka,Dhaka,The Barik Brothers,602
2023-12-31,2023,Dec,Dhaka,Dhaka,"Tipu and Co.( Rayerbag, Jatrabari)",44
2023-12-31,2023,Dec,South,Meherpur,Tohmina Engineering Workshop,13
2023-12-31,2023,Dec,Dhaka,Gazipur,Turag Tower,5
2023-12-31,2023,Dec,North,Sirajganj,Ullapara Variety Store,27
2023-12-31,2023,Dec,Dhaka,Manikganj,Wazuddin Traders,23
2023-12-31,2023,Dec,North East,Noakhali,Yeasin Traders,13
2023-12-31,2023,Dec,Dhaka,Dhaka,Younus Traders,17
2023-12-31,2023,Dec,South,Bhola,Zabbar Biswas Traders,44
2023-12-31,2023,Dec,Dhaka,Dhaka,Zaman Traders ( Savar),7
2024-01-31,2024,Jan,Dhaka,Dhaka,A.R Corporation,88
2024-01-31,2024,Jan,Dhaka,Dhaka,Abir Enterprise,10
2024-01-31,2024,Jan,Dhaka,Dhaka,ACCURATE REAL ESTATE LIMITED,20
2024-01-31,2024,Jan,South,Barguna,Agrani Traders,39
2024-01-31,2024,Jan,North,Bogura,Ahmed Traders-Bogra,26
2024-01-31,2024,Jan,North East,Dhaka,AK Developers Ltd.,8
2024-01-31,2024,Jan,Dhaka,Dhaka,Akhter Traders,55
2024-01-31,2024,Jan,North,Rajshahi,Al Manar Steel,260
2024-01-31,2024,Jan,Dhaka,Dhaka,Amin and Brother,11
2024-01-31,2024,Jan,South,Shariatpur,Amin Store,13
2024-01-31,2024,Jan,Dhaka,Gazipur,Arifa Enterprise,135
2024-01-31,2024,Jan,Dhaka,Dhaka,Arowa Traders,802
2024-01-31,2024,Jan,Dhaka,Dhaka,Bangladesh Shishu Kallyan Porishod (BCCW),19
2024-01-31,2024,Jan,North,Kurigram,Bhai Bhai Trading,78
2024-01-31,2024,Jan,Dhaka,Dhaka,Bismillah Traders-Dhaka,169
2024-01-31,2024,Jan,South,Chuadanga,Brothers Traders,52
2024-01-31,2024,Jan,Dhaka,Dhaka,Capital Builders,34
2024-01-31,2024,Jan,North East,Mymensingh,Community Health Foundation Bangladesh,30
2024-01-31,2024,Jan,South,Gopalganj,Delwar and Brothers - Gopalgonj,39
2024-01-31,2024,Jan,South,Kushtia,Dhaka Steel,26
2024-01-31,2024,Jan,Dhaka,Gazipur,Dhaka Trade Centre,118
2024-01-31,2024,Jan,North,Naogaon,Dipak Kumar Deb,39
2024-01-31,2024,Jan,South,Jhenaidah,Emon Enterprise,34
2024-01-31,2024,Jan,Dhaka,Dhaka,Estia Enterprise (Manda),102
2024-01-31,2024,Jan,Dhaka,Gazipur,Evan Enterprise,233
2024-01-31,2024,Jan,North East,Mymensingh,F.S Enterprise,148
2024-01-31,2024,Jan,North,Kurigram,Farhad and Brothers,14
2024-01-31,2024,Jan,Dhaka,Manikganj,Faruk and Brothers,203
2024-01-31,2024,Jan,North,Dinajpur,Gausheyz Ventores,26
2024-01-31,2024,Jan,Dhaka,Dhaka,Gawsia Enterprise,139
2024-01-31,2024,Jan,Dhaka,Gazipur,Giash Steel,63
2024-01-31,2024,Jan,North East,Cumilla,Grameen Traders,4
2024-01-31,2024,Jan,Dhaka,Dhaka,H.S Corporation,93
2024-01-31,2024,Jan,South,Faridpur,Habib Enterprise (Faridpur),106
2024-01-31,2024,Jan,North,Bogura,Hannan Traders,52
2024-01-31,2024,Jan,North,Tangail,Harun Enterprise,200
2024-01-31,2024,Jan,Dhaka,Dhaka,Hobigonj Traders,3
2024-01-31,2024,Jan,Dhaka,Dhaka,Howlader Enterprise,218
2024-01-31,2024,Jan,Dhaka,Dhaka,Human Resource Welfare Multipurpose Co-operative Society Ltd.,3
2024-01-31,2024,Jan,Dhaka,Narayanganj,Ikhwan Construction,25
2024-01-31,2024,Jan,North,Rangpur,Imarat Trading,65
2024-01-31,2024,Jan,South,Faridpur,Jaseka Traders,92
2024-01-31,2024,Jan,North East,Noakhali,Jashim Steel House,39
2024-01-31,2024,Jan,North,Tangail,Joy Joya Enterprise,124
2024-01-31,2024,Jan,Dhaka,Gazipur,Kamrul Trading Corporation,4
2024-01-31,2024,Jan,Dhaka,Gazipur,Kashem and Sons,49
2024-01-31,2024,Jan,Dhaka,Dhaka,Khan Enterprise,285
2024-01-31,2024,Jan,South,Khulna,Khan Traders -Khulna,26
2024-01-31,2024,Jan,South,Madaripur,Khan Traders- Madaripur,13
2024-01-31,2024,Jan,Dhaka,Gazipur,Khurshida Builders,75
2024-01-31,2024,Jan,North,Nilphamari,L.N Trading Co.,39
2024-01-31,2024,Jan,North East,Sylhet,Ludhi Steel Marchant,125
2024-01-31,2024,Jan,Dhaka,Dhaka,M. Hossain & Sons (Dr),7
2024-01-31,2024,Jan,Dhaka,Dhaka,M/S Adil Enterprise,10
2024-01-31,2024,Jan,Dhaka,Gazipur,M/S Al-Madina Enterprise,13
2024-01-31,2024,Jan,South,Jashore,M/S Azim Shah Traders,44
2024-01-31,2024,Jan,North,Natore,M/S Azmir Enterprise,13
2024-01-31,2024,Jan,South,Jashore,M/S Babu Traders,26
2024-01-31,2024,Jan,Dhaka,Dhaka,M/S Bhai Bhai Traders and Engineering Works,5
2024-01-31,2024,Jan,South,Jhenaidah,M/S Bondhu Enterprise,113
2024-01-31,2024,Jan,Dhaka,Dhaka,M/S Fatema Steel Agency,6
2024-01-31,2024,Jan,South,Bhola,M/S H Rahman and Son's,40
2024-01-31,2024,Jan,Dhaka,Dhaka,M/S Haque and Hasan Traders,10
2024-01-31,2024,Jan,Dhaka,Dhaka,M/S Hazi Sarif Munshi Traders,17
2024-01-31,2024,Jan,North East,Jamalpur,M/S Jibon Enterprise,13
2024-01-31,2024,Jan,South,Jashore,M/S Johir Enterprise,53
2024-01-31,2024,Jan,South,Meherpur,M/S Jony Enterprise -Meherpur,25
2024-01-31,2024,Jan,North,Tangail,M/S Khan Traders-Tangail,13
2024-01-31,2024,Jan,South,Jhalokati,M/S Mary Suppliers and Mary Bricks,27
2024-01-31,2024,Jan,Dhaka,Gazipur,M/S Mawna Builders,40
2024-01-31,2024,Jan,Dhaka,Gazipur,M/s Midul Enterprise,41
2024-01-31,2024,Jan,North East,Cumilla,M/S Molla Traders-Chouddogram,8
2024-01-31,2024,Jan,South,Gopalganj,M/S Molla Traders-Gopalgonj,13
2024-01-31,2024,Jan,South,Pirojpur,M/S New Hope Traders,26
2024-01-31,2024,Jan,South,Faridpur,M/S Nur Mahidi Nerman Vander,26
2024-01-31,2024,Jan,North,Naogaon,M/S Parvez Trading-Naogaon,108
2024-01-31,2024,Jan,Dhaka,Gazipur,M/S R.B Steel and Co.,58
2024-01-31,2024,Jan,Dhaka,Gazipur,M/S Rana Enterprise,61
2024-01-31,2024,Jan,South,Madaripur,M/S Saifullah Enterprise,13
2024-01-31,2024,Jan,North,Pabna,M/S Samir Traders,119
2024-01-31,2024,Jan,North,Bogura,M/S Sazid Traders,13
2024-01-31,2024,Jan,South,Faridpur,M/S Sony Vander,39
2024-01-31,2024,Jan,Dhaka,Dhaka,M/S Zam Zam Trading (Dhaka),66
2024-01-31,2024,Jan,South,Patuakhali,M/S. Abul Kalam Azad,14
2024-01-31,2024,Jan,North,Bogura,M/S. Bushra Traders,208
2024-01-31,2024,Jan,North East,Brahmanbaria,M/S. Hasan Enterprise,30
2024-01-31,2024,Jan,North,Dinajpur,M/S. Jom Jom Enterprise-Dinajpur,13
2024-01-31,2024,Jan,South,Barguna,M/S. Kamal Enterprise,13
2024-01-31,2024,Jan,South,Khulna,M/S. M. A Traders (Dr.),85
2024-01-31,2024,Jan,Dhaka,Dhaka,M/S. Maa Enterprise,16
2024-01-31,2024,Jan,South,Barishal,M/S. Mahabub Traders,27
2024-01-31,2024,Jan,Dhaka,Narayanganj,M/S. MUKTA ENTERPRISE-N.GONJ,10
2024-01-31,2024,Jan,North,Bogura,M/S. Mukta Traders,39
2024-01-31,2024,Jan,Dhaka,Dhaka,M/S. Rayhan Enterprise,168
2024-01-31,2024,Jan,South,Gopalganj,M/S. Sharif Enterprise,26
2024-01-31,2024,Jan,South,Narail,M/S. Sikdar Enterprise- Norail,13
2024-01-31,2024,Jan,Dhaka,Gazipur,M/S. Tosher Enterprise,11
2024-01-31,2024,Jan,North,Rangpur,M/S. Zaman Traders-Rangpur,208
2024-01-31,2024,Jan,North East,Feni,Madani Traders,64
2024-01-31,2024,Jan,South,Shariatpur,Madbor Enterprise,13
2024-01-31,2024,Jan,Dhaka,Narayanganj,Madina Trading Corporation Pvt. Ltd.,71
2024-01-31,2024,Jan,Dhaka,Dhaka,Mahadi Design and Construction,34
2024-01-31,2024,Jan,South,Jashore,Mahiya Kabir Corporation,78
2024-01-31,2024,Jan,Dhaka,Dhaka,Makkah Traders,51
2024-01-31,2024,Jan,Dhaka,Gazipur,Mamun Enterprise-Gazipur,67
2024-01-31,2024,Jan,North,Pabna,Mamun Traders-Pabna,52
2024-01-31,2024,Jan,North,Bogura,Master Traders (Shantahar),26
2024-01-31,2024,Jan,South,Madaripur,Mayer Doa Enterprise,39
2024-01-31,2024,Jan,Dhaka,Dhaka,Maysha Color Bank,7
2024-01-31,2024,Jan,Dhaka,Dhaka,Misti Enterprise,7
2024-01-31,2024,Jan,Dhaka,Dhaka,Modina Steel Corporation,230
2024-01-31,2024,Jan,North East,Sherpur,Mofazzal Enterprise,85
2024-01-31,2024,Jan,North East,Cumilla,Molla Traders- Comilla,45
2024-01-31,2024,Jan,North,Sirajganj,Mondol Traders- Sirajgonj,13
2024-01-31,2024,Jan,Dhaka,Dhaka,Munshigonj Steel House,74
2024-01-31,2024,Jan,Dhaka,Dhaka,Nahar Steel,179
2024-01-31,2024,Jan,Dhaka,Dhaka,Nal Gulf Construction and Properties,8
2024-01-31,2024,Jan,Dhaka,Dhaka,Nasrin Enterprise,20
2024-01-31,2024,Jan,Dhaka,Dhaka,Nayeef Trading Corporation,8
2024-01-31,2024,Jan,South,Jhenaidah,Nazmul Traders- Jhenaidah,34
2024-01-31,2024,Jan,Dhaka,Munshiganj,Nimtola Traders,5
2024-01-31,2024,Jan,Dhaka,Dhaka,Popular Enterprise,13
2024-01-31,2024,Jan,South,Kushtia,R. Rahman Corporation,104
2024-01-31,2024,Jan,Dhaka,Narayanganj,R.S Enterprise,178
2024-01-31,2024,Jan,North East,Narsingdi,Rahman Steel House,111
2024-01-31,2024,Jan,South,Jashore,Raju Zakir Enterprise,20
2024-01-31,2024,Jan,South,Jashore,Razzaque Steel House,139
2024-01-31,2024,Jan,South,Patuakhali,Rema Enterprise,67
2024-01-31,2024,Jan,North East,Kishoreganj,Renu Traders,30
2024-01-31,2024,Jan,Dhaka,Gazipur,Ridwan Traders,11
2024-01-31,2024,Jan,Dhaka,Gazipur,S T Enterprise,103
2024-01-31,2024,Jan,South,Kushtia,Salam and Sons,91
2024-01-31,2024,Jan,South,Kushtia,Saleha Traders,144
2024-01-31,2024,Jan,North,Sirajganj,Sarkar Trading (Sirajgonj),13
2024-01-31,2024,Jan,South,Shariatpur,Seba Trading Corporation,13
2024-01-31,2024,Jan,North,Rangpur,Shah Md Ashrafudulla,26
2024-01-31,2024,Jan,South,Narail,Shahin Traders - Narail,62
2024-01-31,2024,Jan,South,Bhola,Shanaullah Enterprise,20
2024-01-31,2024,Jan,South,Magura,Sharif Steel  Corner,59
2024-01-31,2024,Jan,Dhaka,Dhaka,Sikder Enterprise (Keranigonj),10
2024-01-31,2024,Jan,North,Gaibandha,Sorif Traders,39
2024-01-31,2024,Jan,Dhaka,Gazipur,Suma Enterprise - Sofipur,7
2024-01-31,2024,Jan,North,Rangpur,T.S.Enterprise(Rangpur),156
2024-01-31,2024,Jan,North,Rajshahi,Tariq  Enterprise,125
2024-01-31,2024,Jan,South,Narail,Tazmin Enterprise,13
2024-01-31,2024,Jan,Dhaka,Gazipur,Texeurop (BD) Ltd.,7
2024-01-31,2024,Jan,Dhaka,Dhaka,The Barik Brothers,728
2024-01-31,2024,Jan,Dhaka,Dhaka,"Tipu and Co.( Rayerbag, Jatrabari)",53
2024-01-31,2024,Jan,South,Meherpur,Tohmina Engineering Workshop,13
2024-01-31,2024,Jan,Dhaka,Gazipur,Turag Tower,15
2024-01-31,2024,Jan,Dhaka,Manikganj,Wazuddin Traders,59
2024-01-31,2024,Jan,Dhaka,Dhaka,Younus Traders,18
2024-01-31,2024,Jan,South,Bhola,Zabbar Biswas Traders,22
2024-01-31,2024,Jan,Dhaka,Dhaka,Zaman Traders ( Savar),12
2024-02-28,2024,Feb,Dhaka,Dhaka,A.R Corporation,89
2024-02-28,2024,Feb,Dhaka,Dhaka,Abir Enterprise,37
2024-02-28,2024,Feb,North,Pabna,Abul Hossain Traders,13
2024-02-28,2024,Feb,Dhaka,Dhaka,ACCURATE REAL ESTATE LIMITED,9
2024-02-28,2024,Feb,South,Barguna,Agrani Traders,62
2024-02-28,2024,Feb,North East,Narsingdi,Ahasan Store,7
2024-02-28,2024,Feb,North East,Dhaka,AK Developers Ltd.,11
2024-02-28,2024,Feb,Dhaka,Dhaka,Akhter Traders,17
2024-02-28,2024,Feb,Dhaka,Dhaka,Al Baraka Steel Corporation- Mirpur,4
2024-02-28,2024,Feb,North,Dinajpur,Al Haj Traders,13
2024-02-28,2024,Feb,North,Rajshahi,Al Manar Steel,130
2024-02-28,2024,Feb,North,Dinajpur,Alif Trading,13
2024-02-28,2024,Feb,South,Shariatpur,Amin Store,13
2024-02-28,2024,Feb,South,Rajbari,Anupam Nirmata,13
2024-02-28,2024,Feb,South,Rajbari,Anwar Traders,13
2024-02-28,2024,Feb,Dhaka,Dhaka,Arab Tannery Pvt. Ltd.,36
2024-02-28,2024,Feb,South,Meherpur,Arif Enterprise,13
2024-02-28,2024,Feb,Dhaka,Gazipur,Arifa Enterprise,76
2024-02-28,2024,Feb,Dhaka,Dhaka,Arowa Traders,597
2024-02-28,2024,Feb,Dhaka,Dhaka,Bangladesh Shishu Kallyan Porishod (BCCW),5
2024-02-28,2024,Feb,North,Kurigram,Bhai Bhai Trading,65
2024-02-28,2024,Feb,Dhaka,Dhaka,Bismillah Traders-Dhaka,204
2024-02-28,2024,Feb,South,Chuadanga,Brothers Traders,52
2024-02-28,2024,Feb,Dhaka,Dhaka,Capital Builders,25
2024-02-28,2024,Feb,South,Gopalganj,Delwar and Brothers - Gopalgonj,27
2024-02-28,2024,Feb,South,Kushtia,Dhaka Steel,13
2024-02-28,2024,Feb,Dhaka,Gazipur,Dhaka Trade Centre,88
2024-02-28,2024,Feb,North,Naogaon,Dipak Kumar Deb,53
2024-02-28,2024,Feb,North East,Chandpur,Doha Traders,10
2024-02-28,2024,Feb,Dhaka,Dhaka,Earth Properties Ltd.,8
2024-02-28,2024,Feb,South,Jhenaidah,Emon Enterprise,26
2024-02-28,2024,Feb,Dhaka,Dhaka,Estia Enterprise (Manda),70
2024-02-28,2024,Feb,Dhaka,Gazipur,Evan Enterprise,92
2024-02-28,2024,Feb,North East,Mymensingh,F.S Enterprise,96
2024-02-28,2024,Feb,North,Kurigram,Farhad and Brothers,39
2024-02-28,2024,Feb,Dhaka,Dhaka,Farid Enterprise,9
2024-02-28,2024,Feb,Dhaka,Manikganj,Faruk and Brothers,130
2024-02-28,2024,Feb,South,Meherpur,Faruk Enterprise - Meherpur,13
2024-02-28,2024,Feb,North,Dinajpur,Gausheyz Ventores,13
2024-02-28,2024,Feb,Dhaka,Dhaka,Gawsia Enterprise,225
2024-02-28,2024,Feb,Dhaka,Gazipur,Giash Steel,10
2024-02-28,2024,Feb,Dhaka,Dhaka,H.S Corporation,54
2024-02-28,2024,Feb,South,Faridpur,Habib Enterprise (Faridpur),65
2024-02-28,2024,Feb,Dhaka,Gazipur,Haji Enterprise - Gazipur,55
2024-02-28,2024,Feb,North,Dinajpur,Hamana Traders,13
2024-02-28,2024,Feb,North,Bogura,Hannan Traders,13
2024-02-28,2024,Feb,North,Tangail,Harun Enterprise,125
2024-02-28,2024,Feb,Dhaka,Dhaka,Hobigonj Traders,68
2024-02-28,2024,Feb,Dhaka,Dhaka,Howlader Enterprise,213
2024-02-28,2024,Feb,Dhaka,Narayanganj,Ikhwan Construction,38
2024-02-28,2024,Feb,North,Rangpur,Imarat Trading,64
2024-02-28,2024,Feb,South,Faridpur,Jaseka Traders,65
2024-02-28,2024,Feb,North East,Noakhali,Jashim Steel House,26
2024-02-28,2024,Feb,North,Tangail,Joy Joya Enterprise,52
2024-02-28,2024,Feb,Dhaka,Gazipur,Kamrul Trading Corporation,15
2024-02-28,2024,Feb,Dhaka,Gazipur,Kashem and Sons,43
2024-02-28,2024,Feb,North East,Noakhali,Kashem Traders (Noakhali),13
2024-02-28,2024,Feb,Dhaka,Dhaka,Khan Enterprise,224
2024-02-28,2024,Feb,South,Khulna,Khan Traders -Khulna,13
2024-02-28,2024,Feb,South,Madaripur,Khan Traders- Madaripur,39
2024-02-28,2024,Feb,Dhaka,Gazipur,Khurshida Builders,126
2024-02-28,2024,Feb,Dhaka,Gazipur,Konabari Trade Center,5
2024-02-28,2024,Feb,North,Nilphamari,L.N Trading Co.,53
2024-02-28,2024,Feb,North East,Sylhet,Ludhi Steel Marchant,105
2024-02-28,2024,Feb,South,Chuadanga,M/S - Younus Hardware,13
2024-02-28,2024,Feb,Dhaka,Dhaka,M/S Adil Enterprise,14
2024-02-28,2024,Feb,Dhaka,Gazipur,M/S Al-Madina Enterprise,34
2024-02-28,2024,Feb,South,Faridpur,M/S Asraf  and Sons,13
2024-02-28,2024,Feb,South,Jashore,M/S Azim Shah Traders,8
2024-02-28,2024,Feb,South,Jashore,M/S Babu Traders,7
2024-02-28,2024,Feb,South,Jhenaidah,M/S Bondhu Enterprise,131
2024-02-28,2024,Feb,South,Bhola,M/S H Rahman and Son's,34
2024-02-28,2024,Feb,Dhaka,Dhaka,M/S Haque and Hasan Traders,6
2024-02-28,2024,Feb,Dhaka,Dhaka,M/S Hazi Sarif Munshi Traders,6
2024-02-28,2024,Feb,North East,Jamalpur,M/S Jibon Enterprise,13
2024-02-28,2024,Feb,South,Jashore,M/S Johir Enterprise,45
2024-02-28,2024,Feb,South,Meherpur,M/S Jony Enterprise -Meherpur,13
2024-02-28,2024,Feb,South,Gopalganj,M/S Linkon Enterprise,27
2024-02-28,2024,Feb,Dhaka,Gazipur,M/s Manobi Construction,10
2024-02-28,2024,Feb,South,Jhalokati,M/S Mary Suppliers and Mary Bricks,13
2024-02-28,2024,Feb,Dhaka,Gazipur,M/S Mawna Builders,8
2024-02-28,2024,Feb,Dhaka,Gazipur,M/s Midul Enterprise,33
2024-02-28,2024,Feb,North East,Cumilla,M/S Molla Traders-Chouddogram,18
2024-02-28,2024,Feb,South,Faridpur,M/S Nur Mahidi Nerman Vander,39
2024-02-28,2024,Feb,North East,Lakshmipur,M/S Parvez Enterprise,33
2024-02-28,2024,Feb,North,Naogaon,M/S Parvez Trading-Naogaon,134
2024-02-28,2024,Feb,South,Gopalganj,M/s Porosh Enterprise,14
2024-02-28,2024,Feb,Dhaka,Gazipur,M/S R.B Steel and Co.,61
2024-02-28,2024,Feb,Dhaka,Gazipur,M/S Rana Enterprise,37
2024-02-28,2024,Feb,South,Madaripur,M/S Saifullah Enterprise,13
2024-02-28,2024,Feb,North,Pabna,M/S Samir Traders,105
2024-02-28,2024,Feb,South,Faridpur,M/S Sony Vander,26
2024-02-28,2024,Feb,Dhaka,Dhaka,M/S Zam Zam Trading (Dhaka),24
2024-02-28,2024,Feb,South,Patuakhali,M/S. Abul Kalam Azad,13
2024-02-28,2024,Feb,North,Nilphamari,M/S. Al Amin Traders-Nilphamary,13
2024-02-28,2024,Feb,North,Bogura,M/S. Bushra Traders,104
2024-02-28,2024,Feb,North East,Brahmanbaria,M/S. Hasan Enterprise,20
2024-02-28,2024,Feb,North,Dinajpur,M/S. Jom Jom Enterprise-Dinajpur,13
2024-02-28,2024,Feb,South,Barguna,M/S. Kamal Enterprise,44
2024-02-28,2024,Feb,South,Khulna,M/S. M. A Traders (Dr.),67
2024-02-28,2024,Feb,Dhaka,Dhaka,M/S. Maa Enterprise,28
2024-02-28,2024,Feb,North East,Brahmanbaria,M/S. Malek and Sons,13
2024-02-28,2024,Feb,Dhaka,Dhaka,M/S. Marks Trading,11
2024-02-28,2024,Feb,North,Tangail,M/S. Monira Enterprise,15
2024-02-28,2024,Feb,Dhaka,Narayanganj,M/S. MUKTA ENTERPRISE-N.GONJ,5
2024-02-28,2024,Feb,North,Bogura,M/S. Mukta Traders,41
2024-02-28,2024,Feb,Dhaka,Dhaka,M/S. Rayhan Enterprise,82
2024-02-28,2024,Feb,North,Gaibandha,M/S. Sadikul Traders,13
2024-02-28,2024,Feb,Dhaka,Dhaka,M/S. Sawon Enterprise-Savar,7
2024-02-28,2024,Feb,South,Gopalganj,M/S. Sharif Enterprise,27
2024-02-28,2024,Feb,South,Narail,M/S. Sikdar Enterprise- Norail,27
2024-02-28,2024,Feb,Dhaka,Gazipur,M/S. Tosher Enterprise,22
2024-02-28,2024,Feb,North,Rangpur,M/S. Zaman Traders-Rangpur,374
2024-02-28,2024,Feb,North East,Feni,Madani Traders,70
2024-02-28,2024,Feb,South,Shariatpur,Madbor Enterprise,13
2024-02-28,2024,Feb,Dhaka,Narayanganj,Madina Trading Corporation Pvt. Ltd.,44
2024-02-28,2024,Feb,South,Jashore,Mahiya Kabir Corporation,74
2024-02-28,2024,Feb,Dhaka,Dhaka,Makkah Traders,39
2024-02-28,2024,Feb,Dhaka,Gazipur,Mamun Enterprise-Gazipur,68
2024-02-28,2024,Feb,South,Barishal,Masud Enterprise,27
2024-02-28,2024,Feb,South,Madaripur,Mayer Doa Enterprise,13
2024-02-28,2024,Feb,Dhaka,Dhaka,Maysha Color Bank,12
2024-02-28,2024,Feb,Dhaka,Dhaka,MEDINI HOMES LIMITED,16
2024-02-28,2024,Feb,Dhaka,Gazipur,Mim Enterprise,23
2024-02-28,2024,Feb,Dhaka,Dhaka,Misti Enterprise,12
2024-02-28,2024,Feb,North East,Jamalpur,Mizan and Son's,13
2024-02-28,2024,Feb,Dhaka,Dhaka,Modina Steel Corporation,129
2024-02-28,2024,Feb,North East,Sherpur,Mofazzal Enterprise,104
2024-02-28,2024,Feb,North East,Cumilla,Molla Traders- Comilla,18
2024-02-28,2024,Feb,North,Kurigram,Mondol Traders- Kurigram,13
2024-02-28,2024,Feb,North,Sirajganj,Mondol Traders- Sirajgonj,13
2024-02-28,2024,Feb,Dhaka,Dhaka,Munshigonj Steel House,43
2024-02-28,2024,Feb,North,Pabna,"Nabi Traders (Ishawrdi,  Pabna)",13
2024-02-28,2024,Feb,Dhaka,Dhaka,Nahar Steel,159
2024-02-28,2024,Feb,Dhaka,Dhaka,Nal Gulf Construction and Properties,22
2024-02-28,2024,Feb,Dhaka,Dhaka,Nasrin Enterprise,17
2024-02-28,2024,Feb,South,Jhenaidah,Nazmul Traders- Jhenaidah,26
2024-02-28,2024,Feb,Dhaka,Dhaka,New Sharmin Enterprise,8
2024-02-28,2024,Feb,Dhaka,Dhaka,Niloy Enterprise,8
2024-02-28,2024,Feb,Dhaka,Munshiganj,Nimtola Traders,13
2024-02-28,2024,Feb,North,Dhaka,Palli Tower,26
2024-02-28,2024,Feb,South,Kushtia,R. Rahman Corporation,91
2024-02-28,2024,Feb,South,Madaripur,R. S Enterprise-Madaripur,13
2024-02-28,2024,Feb,Dhaka,Narayanganj,R.S Enterprise,192
2024-02-28,2024,Feb,North East,Chandpur,Rabbi Traders,15
2024-02-28,2024,Feb,North East,Narsingdi,Rahman Steel House,70
2024-02-28,2024,Feb,South,Jashore,Razzaque Steel House,106
2024-02-28,2024,Feb,South,Patuakhali,Rema Enterprise,59
2024-02-28,2024,Feb,Dhaka,Gazipur,Ridwan Traders,15
2024-02-28,2024,Feb,Dhaka,Gazipur,S T Enterprise,156
2024-02-28,2024,Feb,South,Kushtia,Salam and Sons,195
2024-02-28,2024,Feb,South,Kushtia,Saleha Traders,195
2024-02-28,2024,Feb,North,Rangpur,Shah Md Ashrafudulla,13
2024-02-28,2024,Feb,South,Narail,Shahin Traders - Narail,28
2024-02-28,2024,Feb,South,Bhola,Shanaullah Enterprise,40
2024-02-28,2024,Feb,South,Magura,Sharif Steel  Corner,101
2024-02-28,2024,Feb,Dhaka,Dhaka,Sikder Enterprise (Keranigonj),12
2024-02-28,2024,Feb,North,Pabna,Sikder Traders (Pabna),13
2024-02-28,2024,Feb,North,Gaibandha,Sorif Traders,26
2024-02-28,2024,Feb,Dhaka,Gazipur,Suma Enterprise - Sofipur,5
2024-02-28,2024,Feb,North,Pabna,Swapan Traders,13
2024-02-28,2024,Feb,North,Rangpur,T.S.Enterprise(Rangpur),91
2024-02-28,2024,Feb,North,Rajshahi,Tariq  Enterprise,216
2024-02-28,2024,Feb,South,Narail,Tazmin Enterprise,13
2024-02-28,2024,Feb,Dhaka,Dhaka,The Barik Brothers,804
2024-02-28,2024,Feb,Dhaka,Dhaka,"Tipu and Co.( Rayerbag, Jatrabari)",39
2024-02-28,2024,Feb,Dhaka,Gazipur,Turag Tower,20
2024-02-28,2024,Feb,North,Sirajganj,Ullapara Variety Store,26
2024-02-28,2024,Feb,Dhaka,Manikganj,Wazuddin Traders,31
2024-02-28,2024,Feb,North East,Noakhali,Yeasin Traders,20
2024-02-28,2024,Feb,Dhaka,Dhaka,Younus Traders,25
2024-02-28,2024,Feb,South,Bhola,Zabbar Biswas Traders,43
2024-02-28,2024,Feb,Dhaka,Dhaka,Zaman Traders ( Savar),19
2024-03-31,2024,Mar,Dhaka,Dhaka,A.R Corporation,126
2024-03-31,2024,Mar,North,Lalmonirhat,Abdul Hakim,26
2024-03-31,2024,Mar,Dhaka,Dhaka,Abir Enterprise,36
2024-03-31,2024,Mar,South,Barguna,Agrani Traders,13
2024-03-31,2024,Mar,North East,Narsingdi,Ahasan Store,5
2024-03-31,2024,Mar,North,Bogura,Ahmed Traders-Bogra,12
2024-03-31,2024,Mar,North East,Dhaka,AK Developers Ltd.,18
2024-03-31,2024,Mar,Dhaka,Dhaka,Akhter Traders,19
2024-03-31,2024,Mar,Dhaka,Dhaka,Al Baraka Steel Corporation- Mirpur,5
2024-03-31,2024,Mar,North,Rajshahi,Al Manar Steel,117
2024-03-31,2024,Mar,Dhaka,Dhaka,Amin and Brother,3
2024-03-31,2024,Mar,South,Shariatpur,Amin Store,26
2024-03-31,2024,Mar,Dhaka,Dhaka,Arab Tannery Pvt. Ltd.,26
2024-03-31,2024,Mar,Dhaka,Gazipur,Arifa Enterprise,83
2024-03-31,2024,Mar,Dhaka,Dhaka,Arowa Traders,701
2024-03-31,2024,Mar,Dhaka,Dhaka,Bangladesh Shishu Kallyan Porishod (BCCW),38
2024-03-31,2024,Mar,North,Kurigram,Bhai Bhai Trading,52
2024-03-31,2024,Mar,Dhaka,Dhaka,Bismillah Traders-Dhaka,239
2024-03-31,2024,Mar,South,Chuadanga,Brothers Traders,52
2024-03-31,2024,Mar,Dhaka,Dhaka,Capital Builders,7
2024-03-31,2024,Mar,Dhaka,Dhaka,Chimbuk Cermic Bricks Ltd,25
2024-03-31,2024,Mar,North East,Mymensingh,Community Health Foundation Bangladesh,30
2024-03-31,2024,Mar,North East,Feni,Desh Agency,13
2024-03-31,2024,Mar,South,Kushtia,Dhaka Steel,65
2024-03-31,2024,Mar,Dhaka,Gazipur,Dhaka Trade Centre,99
2024-03-31,2024,Mar,North,Naogaon,Dipak Kumar Deb,27
2024-03-31,2024,Mar,North East,Chandpur,Doha Traders,13
2024-03-31,2024,Mar,Dhaka,Dhaka,Earth Properties Ltd.,8
2024-03-31,2024,Mar,Dhaka,Dhaka,Estia Enterprise (Manda),36
2024-03-31,2024,Mar,Dhaka,Gazipur,Evan Enterprise,29
2024-03-31,2024,Mar,North East,Mymensingh,F.S Enterprise,100
2024-03-31,2024,Mar,North,Kurigram,Farhad and Brothers,13
2024-03-31,2024,Mar,Dhaka,Dhaka,Farid Enterprise,7
2024-03-31,2024,Mar,Dhaka,Manikganj,Faruk and Brothers,119
2024-03-31,2024,Mar,South,Meherpur,Faruk Enterprise - Meherpur,13
2024-03-31,2024,Mar,Dhaka,Dhaka,Gawsia Enterprise,202
2024-03-31,2024,Mar,Dhaka,Gazipur,Giash Steel,4
2024-03-31,2024,Mar,Dhaka,Dhaka,H.S Corporation,58
2024-03-31,2024,Mar,South,Faridpur,Habib Enterprise (Faridpur),117
2024-03-31,2024,Mar,Dhaka,Gazipur,Haji Enterprise - Gazipur,71
2024-03-31,2024,Mar,North,Bogura,Hannan Traders,26
2024-03-31,2024,Mar,North,Tangail,Harun Enterprise,206
2024-03-31,2024,Mar,Dhaka,Dhaka,Hobigonj Traders,22
2024-03-31,2024,Mar,Dhaka,Dhaka,Howlader Enterprise,151
2024-03-31,2024,Mar,Dhaka,Narayanganj,Ikhwan Construction,63
2024-03-31,2024,Mar,North,Rangpur,Imarat Trading,39
2024-03-31,2024,Mar,Dhaka,Dhaka,I-Mart Engineering PLC.,7
2024-03-31,2024,Mar,South,Faridpur,Jaseka Traders,52
2024-03-31,2024,Mar,North East,Noakhali,Jashim Steel House,38
2024-03-31,2024,Mar,North,Tangail,Joy Joya Enterprise,120
2024-03-31,2024,Mar,Dhaka,Gazipur,Kamrul Trading Corporation,15
2024-03-31,2024,Mar,Dhaka,Gazipur,Kashem and Sons,46
2024-03-31,2024,Mar,Dhaka,Dhaka,Khan Enterprise,288
2024-03-31,2024,Mar,South,Khulna,Khan Traders -Khulna,13
2024-03-31,2024,Mar,South,Madaripur,Khan Traders- Madaripur,26
2024-03-31,2024,Mar,Dhaka,Gazipur,Khurshida Builders,154
2024-03-31,2024,Mar,Dhaka,Dhaka,Kolatia Traders,5
2024-03-31,2024,Mar,North,Nilphamari,L.N Trading Co.,40
2024-03-31,2024,Mar,North East,Sylhet,Ludhi Steel Marchant,138
2024-03-31,2024,Mar,Dhaka,Dhaka,M/S Adil Enterprise,15
2024-03-31,2024,Mar,Dhaka,Gazipur,M/S Al-Madina Enterprise,29
2024-03-31,2024,Mar,Dhaka,Dhaka,M/S Apurba Build Bazar,4
2024-03-31,2024,Mar,South,Jashore,M/S Azim Shah Traders,39
2024-03-31,2024,Mar,North,Natore,M/S Azmir Enterprise,13
2024-03-31,2024,Mar,South,Jashore,M/S Babu Traders,13
2024-03-31,2024,Mar,Dhaka,Munshiganj,M/S Bepari Enterprise,1
2024-03-31,2024,Mar,Dhaka,Dhaka,M/S Bhai Bhai Traders and Engineering Works,11
2024-03-31,2024,Mar,South,Jhenaidah,M/S Bondhu Enterprise,91
2024-03-31,2024,Mar,South,Bhola,M/S H Rahman and Son's,20
2024-03-31,2024,Mar,Dhaka,Dhaka,M/S Haque and Hasan Traders,10
2024-03-31,2024,Mar,Dhaka,Dhaka,M/S Hazi Sarif Munshi Traders,19
2024-03-31,2024,Mar,North East,Jamalpur,M/S Jibon Enterprise,15
2024-03-31,2024,Mar,South,Jashore,M/S Johir Enterprise,46
2024-03-31,2024,Mar,South,Gopalganj,M/S Linkon Enterprise,13
2024-03-31,2024,Mar,South,Jhalokati,M/S Mary Suppliers and Mary Bricks,28
2024-03-31,2024,Mar,Dhaka,Gazipur,M/S Mawna Builders,121
2024-03-31,2024,Mar,Dhaka,Gazipur,M/s Midul Enterprise,21
2024-03-31,2024,Mar,North East,Cumilla,M/S Molla Traders-Chouddogram,11
2024-03-31,2024,Mar,South,Pirojpur,M/S New Hope Traders,13
2024-03-31,2024,Mar,South,Faridpur,M/S Nur Mahidi Nerman Vander,49
2024-03-31,2024,Mar,North East,Lakshmipur,M/S Parvez Enterprise,13
2024-03-31,2024,Mar,North,Naogaon,M/S Parvez Trading-Naogaon,135
2024-03-31,2024,Mar,South,Gopalganj,M/s Porosh Enterprise,25
2024-03-31,2024,Mar,Dhaka,Gazipur,M/S R.B Steel and Co.,61
2024-03-31,2024,Mar,Dhaka,Gazipur,M/S Rana Enterprise,38
2024-03-31,2024,Mar,South,Madaripur,M/S Saifullah Enterprise,13
2024-03-31,2024,Mar,North,Pabna,M/S Samir Traders,140
2024-03-31,2024,Mar,North,Bogura,M/S Sazid Traders,13
2024-03-31,2024,Mar,South,Faridpur,M/S Sony Vander,25
2024-03-31,2024,Mar,North,Chapainawabganj,M/S Sweet Enterprise,32
2024-03-31,2024,Mar,Dhaka,Dhaka,M/S Zam Zam Trading (Dhaka),9
2024-03-31,2024,Mar,South,Jhenaidah,M/S Zaman Traders-Jhenaidah,14
2024-03-31,2024,Mar,South,Patuakhali,M/S. Abul Kalam Azad,13
2024-03-31,2024,Mar,South,Barguna,M/S. Anower Brick,39
2024-03-31,2024,Mar,South,Chuadanga,M/S. Bani Traders,13
2024-03-31,2024,Mar,North,Bogura,M/S. Bushra Traders,117
2024-03-31,2024,Mar,South,Barguna,M/S. Kamal Enterprise,11
2024-03-31,2024,Mar,South,Barguna,M/S. Karim Builders,22
2024-03-31,2024,Mar,South,Khulna,M/S. M. A Traders (Dr.),98
2024-03-31,2024,Mar,Dhaka,Dhaka,M/S. Maa Enterprise,4
2024-03-31,2024,Mar,South,Barishal,M/S. Mahabub Traders,26
2024-03-31,2024,Mar,North,Tangail,M/S. Monira Enterprise,27
2024-03-31,2024,Mar,Dhaka,Narayanganj,M/S. MUKTA ENTERPRISE-N.GONJ,5
2024-03-31,2024,Mar,North,Bogura,M/S. Mukta Traders,56
2024-03-31,2024,Mar,Dhaka,Dhaka,M/S. Rayhan Enterprise,63
2024-03-31,2024,Mar,North,Gaibandha,M/S. Sadikul Traders,13
2024-03-31,2024,Mar,Dhaka,Dhaka,M/S. Sawon Enterprise-Savar,10
2024-03-31,2024,Mar,South,Gopalganj,M/S. Sharif Enterprise,25
2024-03-31,2024,Mar,South,Narail,M/S. Sikdar Enterprise- Norail,26
2024-03-31,2024,Mar,Dhaka,Gazipur,M/S. Tosher Enterprise,37
2024-03-31,2024,Mar,North,Rangpur,M/S. Zaman Traders-Rangpur,219
2024-03-31,2024,Mar,North East,Chandpur,M/S: Tafhim Enterprise,13
2024-03-31,2024,Mar,North East,Feni,Madani Traders,64
2024-03-31,2024,Mar,Dhaka,Narayanganj,Madina Trading Corporation Pvt. Ltd.,65
2024-03-31,2024,Mar,Dhaka,Dhaka,Mahadi Design and Construction,14
2024-03-31,2024,Mar,South,Jashore,Mahiya Kabir Corporation,13
2024-03-31,2024,Mar,Dhaka,Dhaka,Makkah Traders,43
2024-03-31,2024,Mar,Dhaka,Gazipur,Mamun Enterprise-Gazipur,42
2024-03-31,2024,Mar,North,Bogura,Master Traders (Shantahar),26
2024-03-31,2024,Mar,South,Madaripur,Mayer Doa Enterprise,13
2024-03-31,2024,Mar,Dhaka,Dhaka,Maysha Color Bank,4
2024-03-31,2024,Mar,Dhaka,Dhaka,Misti Enterprise,12
2024-03-31,2024,Mar,Dhaka,Dhaka,Modina Steel Corporation,182
2024-03-31,2024,Mar,North East,Sherpur,Mofazzal Enterprise,71
2024-03-31,2024,Mar,North East,Cumilla,Molla Traders- Comilla,19
2024-03-31,2024,Mar,Dhaka,Dhaka,Munshigonj Steel House,54
2024-03-31,2024,Mar,North,Pabna,"Nabi Traders (Ishawrdi,  Pabna)",13
2024-03-31,2024,Mar,Dhaka,Dhaka,Nahar Steel,95
2024-03-31,2024,Mar,Dhaka,Dhaka,Nal Gulf Construction and Properties,26
2024-03-31,2024,Mar,Dhaka,Dhaka,Nasrin Enterprise,22
2024-03-31,2024,Mar,Dhaka,Dhaka,Nayeef Trading Corporation,3
2024-03-31,2024,Mar,South,Jhenaidah,Nazmul Traders- Jhenaidah,26
2024-03-31,2024,Mar,Dhaka,Dhaka,New Sharmin Enterprise,3
2024-03-31,2024,Mar,Dhaka,Dhaka,Niloy Enterprise,25
2024-03-31,2024,Mar,Dhaka,Munshiganj,Nimtola Traders,5
2024-03-31,2024,Mar,Dhaka,Dhaka,OMC Limited,20
2024-03-31,2024,Mar,Dhaka,Dhaka,Popular Enterprise,6
2024-03-31,2024,Mar,South,Kushtia,R. Rahman Corporation,104
2024-03-31,2024,Mar,Dhaka,Narayanganj,R.S Enterprise,178
2024-03-31,2024,Mar,North East,Chandpur,Rabbi Traders,12
2024-03-31,2024,Mar,North East,Narsingdi,Rahman Steel House,107
2024-03-31,2024,Mar,South,Narail,Rakhi Enterprise,26
2024-03-31,2024,Mar,South,Jashore,Razzaque Steel House,106
2024-03-31,2024,Mar,South,Patuakhali,Rema Enterprise,72
2024-03-31,2024,Mar,North East,Kishoreganj,Renu Traders,27
2024-03-31,2024,Mar,Dhaka,Gazipur,Ridwan Traders,16
2024-03-31,2024,Mar,Dhaka,Gazipur,S T Enterprise,90
2024-03-31,2024,Mar,South,Kushtia,Salam and Sons,169
2024-03-31,2024,Mar,South,Kushtia,Saleha Traders,169
2024-03-31,2024,Mar,North,Sirajganj,Sarkar Trading (Sirajgonj),14
2024-03-31,2024,Mar,South,Shariatpur,Seba Trading Corporation,14
2024-03-31,2024,Mar,Dhaka,Dhaka,Selim Malik Traders,4
2024-03-31,2024,Mar,North,Rangpur,Shah Md Ashrafudulla,52
2024-03-31,2024,Mar,South,Narail,Shahin Traders - Narail,40
2024-03-31,2024,Mar,South,Magura,Sharif Steel  Corner,78
2024-03-31,2024,Mar,Dhaka,Dhaka,Sikder Enterprise (Keranigonj),7
2024-03-31,2024,Mar,North,Pabna,Sikder Traders (Pabna),52
2024-03-31,2024,Mar,Dhaka,Dhaka,Soma Enterprise,10
2024-03-31,2024,Mar,North,Gaibandha,Sorif Traders,26
2024-03-31,2024,Mar,Dhaka,Gazipur,Suma Enterprise - Sofipur,14
2024-03-31,2024,Mar,North,Rangpur,T.S.Enterprise(Rangpur),78
2024-03-31,2024,Mar,North,Rajshahi,Tariq  Enterprise,143
2024-03-31,2024,Mar,Dhaka,Dhaka,The Barik Brothers,690
2024-03-31,2024,Mar,Dhaka,Dhaka,"Tipu and Co.( Rayerbag, Jatrabari)",50
2024-03-31,2024,Mar,Dhaka,Gazipur,Turag Tower,5
2024-03-31,2024,Mar,North,Sirajganj,Ullapara Variety Store,13
2024-03-31,2024,Mar,Dhaka,Manikganj,Wazuddin Traders,61
2024-03-31,2024,Mar,Dhaka,Dhaka,Younus Traders,35
2024-03-31,2024,Mar,South,Bhola,Zabbar Biswas Traders,70
2024-03-31,2024,Mar,Dhaka,Dhaka,Zaman Traders ( Savar),21
2024-04-30,2024,Apr,Dhaka,Dhaka,A.R Corporation,69
2024-04-30,2024,Apr,Dhaka,Dhaka,Abir Enterprise,52
2024-04-30,2024,Apr,South,Barguna,Agrani Traders,35
2024-04-30,2024,Apr,Dhaka,Dhaka,Akhter Traders,24
2024-04-30,2024,Apr,Dhaka,Dhaka,Al Baraka Steel Corporation- Mirpur,3
2024-04-30,2024,Apr,North,Rajshahi,Al Manar Steel,202
2024-04-30,2024,Apr,Dhaka,Dhaka,Amin and Brother,3
2024-04-30,2024,Apr,South,Shariatpur,Amin Store,13
2024-04-30,2024,Apr,South,Rajbari,Anwar Traders,13
2024-04-30,2024,Apr,Dhaka,Gazipur,Arifa Enterprise,20
2024-04-30,2024,Apr,Dhaka,Dhaka,Arowa Traders,397
2024-04-30,2024,Apr,North,Rangpur,Bengal and Company,13
2024-04-30,2024,Apr,North,Kurigram,Bhai Bhai Trading,65
2024-04-30,2024,Apr,Dhaka,Dhaka,Bismillah Traders-Dhaka,93
2024-04-30,2024,Apr,South,Chuadanga,Brothers Traders,13
2024-04-30,2024,Apr,Dhaka,Dhaka,Capital Builders,13
2024-04-30,2024,Apr,Dhaka,Dhaka,Chimbuk Cermic Bricks Ltd,18
2024-04-30,2024,Apr,North East,Mymensingh,Community Health Foundation Bangladesh,30
2024-04-30,2024,Apr,North East,Feni,Desh Agency,8
2024-04-30,2024,Apr,South,Kushtia,Dhaka Steel,26
2024-04-30,2024,Apr,Dhaka,Gazipur,Dhaka Trade Centre,38
2024-04-30,2024,Apr,North,Naogaon,Dipak Kumar Deb,39
2024-04-30,2024,Apr,North East,Chandpur,Doha Traders,13
2024-04-30,2024,Apr,South,Jhenaidah,Emon Enterprise,14
2024-04-30,2024,Apr,Dhaka,Dhaka,Estia Enterprise (Manda),35
2024-04-30,2024,Apr,Dhaka,Gazipur,Evan Enterprise,4
2024-04-30,2024,Apr,North East,Mymensingh,F.S Enterprise,56
2024-04-30,2024,Apr,North,Kurigram,Farhad and Brothers,26
2024-04-30,2024,Apr,Dhaka,Manikganj,Faruk and Brothers,114
2024-04-30,2024,Apr,North,Dinajpur,Gausheyz Ventores,26
2024-04-30,2024,Apr,Dhaka,Dhaka,Gawsia Enterprise,174
2024-04-30,2024,Apr,Dhaka,Dhaka,H.S Corporation,66
2024-04-30,2024,Apr,South,Faridpur,Habib Enterprise (Faridpur),92
2024-04-30,2024,Apr,Dhaka,Gazipur,Haji Enterprise - Gazipur,28
2024-04-30,2024,Apr,North,Dinajpur,Hamana Traders,13
2024-04-30,2024,Apr,North,Bogura,Hannan Traders,26
2024-04-30,2024,Apr,North,Tangail,Harun Enterprise,114
2024-04-30,2024,Apr,Dhaka,Dhaka,Hobigonj Traders,28
2024-04-30,2024,Apr,Dhaka,Dhaka,Howlader Enterprise,58
2024-04-30,2024,Apr,North,Rangpur,Imarat Trading,52
2024-04-30,2024,Apr,South,Faridpur,Jaseka Traders,53
2024-04-30,2024,Apr,North,Tangail,Joy Joya Enterprise,64
2024-04-30,2024,Apr,Dhaka,Gazipur,Kamrul Trading Corporation,24
2024-04-30,2024,Apr,Dhaka,Gazipur,Kashem and Sons,67
2024-04-30,2024,Apr,Dhaka,Dhaka,Khan Enterprise,170
2024-04-30,2024,Apr,South,Khulna,Khan Traders -Khulna,39
2024-04-30,2024,Apr,South,Madaripur,Khan Traders- Madaripur,13
2024-04-30,2024,Apr,Dhaka,Gazipur,Khurshida Builders,39
2024-04-30,2024,Apr,Dhaka,Dhaka,Kolatia Traders,4
2024-04-30,2024,Apr,North,Nilphamari,L.N Trading Co.,39
2024-04-30,2024,Apr,South,Patuakhali,Lila Enterprise,13
2024-04-30,2024,Apr,North East,Sylhet,Ludhi Steel Marchant,60
2024-04-30,2024,Apr,Dhaka,Dhaka,M. Hossain & Sons (Dr),6
2024-04-30,2024,Apr,South,Chuadanga,M/S - Younus Hardware,13
2024-04-30,2024,Apr,Dhaka,Dhaka,M/S Adil Enterprise,3
2024-04-30,2024,Apr,Dhaka,Gazipur,M/S Al-Madina Enterprise,6
2024-04-30,2024,Apr,Dhaka,Dhaka,M/S Apurba Build Bazar,5
2024-04-30,2024,Apr,South,Faridpur,M/S Asraf  and Sons,39
2024-04-30,2024,Apr,South,Jashore,M/S Azim Shah Traders,13
2024-04-30,2024,Apr,Dhaka,Dhaka,M/S Bhai Bhai Traders and Engineering Works,3
2024-04-30,2024,Apr,South,Jhenaidah,M/S Bondhu Enterprise,99
2024-04-30,2024,Apr,South,Gopalganj,M/S Fakir and Sons,23
2024-04-30,2024,Apr,South,Bhola,M/S H Rahman and Son's,33
2024-04-30,2024,Apr,Dhaka,Dhaka,M/S Haque and Hasan Traders,6
2024-04-30,2024,Apr,Dhaka,Dhaka,M/S Hazi Sarif Munshi Traders,10
2024-04-30,2024,Apr,North East,Jamalpur,M/S Jibon Enterprise,13
2024-04-30,2024,Apr,South,Jashore,M/S Johir Enterprise,13
2024-04-30,2024,Apr,South,Jhalokati,M/S Mary Suppliers and Mary Bricks,13
2024-04-30,2024,Apr,Dhaka,Gazipur,M/S Mawna Builders,147
2024-04-30,2024,Apr,Dhaka,Gazipur,M/s Midul Enterprise,32
2024-04-30,2024,Apr,North East,Cumilla,M/S Molla Traders-Chouddogram,22
2024-04-30,2024,Apr,South,Pirojpur,M/S New Hope Traders,13
2024-04-30,2024,Apr,South,Faridpur,M/S Nur Mahidi Nerman Vander,26
2024-04-30,2024,Apr,North,Naogaon,M/S Parvez Trading-Naogaon,41
2024-04-30,2024,Apr,South,Gopalganj,M/s Porosh Enterprise,13
2024-04-30,2024,Apr,Dhaka,Gazipur,M/S R.B Steel and Co.,25
2024-04-30,2024,Apr,Dhaka,Gazipur,M/S Rana Enterprise,11
2024-04-30,2024,Apr,North,Pabna,M/S Samir Traders,131
2024-04-30,2024,Apr,North,Bogura,M/S Sazid Traders,13
2024-04-30,2024,Apr,South,Faridpur,M/S Sony Vander,23
2024-04-30,2024,Apr,Dhaka,Dhaka,M/S Zam Zam Trading (Dhaka),9
2024-04-30,2024,Apr,South,Patuakhali,M/S. Abul Kalam Azad,14
2024-04-30,2024,Apr,South,Barguna,M/S. Anower Brick,11
2024-04-30,2024,Apr,North,Bogura,M/S. Bushra Traders,156
2024-04-30,2024,Apr,North East,Brahmanbaria,M/S. Hasan Enterprise,10
2024-04-30,2024,Apr,South,Barguna,M/S. Karim Builders,22
2024-04-30,2024,Apr,South,Khulna,M/S. M. A Traders (Dr.),91
2024-04-30,2024,Apr,North,Tangail,M/S. Monira Enterprise,13
2024-04-30,2024,Apr,Dhaka,Narayanganj,M/S. MUKTA ENTERPRISE-N.GONJ,5
2024-04-30,2024,Apr,North,Bogura,M/S. Mukta Traders,28
2024-04-30,2024,Apr,Dhaka,Dhaka,M/S. Rayhan Enterprise,88
2024-04-30,2024,Apr,North East,Cumilla,M/S. RS Hardware,3
2024-04-30,2024,Apr,South,Gopalganj,M/S. Sharif Enterprise,26
2024-04-30,2024,Apr,South,Narail,M/S. Sikdar Enterprise- Norail,39
2024-04-30,2024,Apr,Dhaka,Gazipur,M/S. Tosher Enterprise,4
2024-04-30,2024,Apr,North,Rangpur,M/S. Zaman Traders-Rangpur,121
2024-04-30,2024,Apr,North East,Feni,Madani Traders,50
2024-04-30,2024,Apr,South,Shariatpur,Madbor Enterprise,13
2024-04-30,2024,Apr,Dhaka,Narayanganj,Madina Trading Corporation Pvt. Ltd.,5
2024-04-30,2024,Apr,Dhaka,Dhaka,Mahadi Design and Construction,5
2024-04-30,2024,Apr,South,Jashore,Mahiya Kabir Corporation,81
2024-04-30,2024,Apr,Dhaka,Dhaka,Makkah Traders,43
2024-04-30,2024,Apr,Dhaka,Gazipur,Mamun Enterprise-Gazipur,22
2024-04-30,2024,Apr,North,Pabna,Mamun Traders-Pabna,26
2024-04-30,2024,Apr,North,Bogura,Master Traders (Shantahar),13
2024-04-30,2024,Apr,South,Madaripur,Mayer Doa Enterprise,13
2024-04-30,2024,Apr,Dhaka,Dhaka,Modina Steel Corporation,97
2024-04-30,2024,Apr,North East,Sherpur,Mofazzal Enterprise,71
2024-04-30,2024,Apr,South,Magura,Molla Banijjo Vander,13
2024-04-30,2024,Apr,North East,Cumilla,Molla Traders- Comilla,18
2024-04-30,2024,Apr,Dhaka,Dhaka,Munshigonj Steel House,26
2024-04-30,2024,Apr,North,Pabna,"Nabi Traders (Ishawrdi,  Pabna)",13
2024-04-30,2024,Apr,Dhaka,Dhaka,Nahar Steel,54
2024-04-30,2024,Apr,Dhaka,Dhaka,Nal Gulf Construction and Properties,11
2024-04-30,2024,Apr,Dhaka,Dhaka,Nayeef Trading Corporation,2
2024-04-30,2024,Apr,South,Jhenaidah,Nazmul Traders- Jhenaidah,27
2024-04-30,2024,Apr,Dhaka,Dhaka,Niloy Enterprise,5
2024-04-30,2024,Apr,South,Meherpur,Padma Enterprise,13
2024-04-30,2024,Apr,Dhaka,Dhaka,Popular Enterprise,13
2024-04-30,2024,Apr,South,Kushtia,R. Rahman Corporation,26
2024-04-30,2024,Apr,South,Madaripur,R. S Enterprise-Madaripur,13
2024-04-30,2024,Apr,Dhaka,Narayanganj,R.S Enterprise,214
2024-04-30,2024,Apr,North East,Chandpur,Rabbi Traders,6
2024-04-30,2024,Apr,North East,Narsingdi,Rahman Steel House,73
2024-04-30,2024,Apr,South,Narail,Rakhi Enterprise,13
2024-04-30,2024,Apr,South,Jashore,Razzaque Steel House,68
2024-04-30,2024,Apr,South,Patuakhali,Rema Enterprise,48
2024-04-30,2024,Apr,Dhaka,Gazipur,Ridwan Traders,15
2024-04-30,2024,Apr,Dhaka,Gazipur,S T Enterprise,67
2024-04-30,2024,Apr,South,Kushtia,Salam and Sons,169
2024-04-30,2024,Apr,South,Kushtia,Saleha Traders,247
2024-04-30,2024,Apr,South,Shariatpur,Seba Trading Corporation,13
2024-04-30,2024,Apr,North,Rangpur,Shah Md Ashrafudulla,26
2024-04-30,2024,Apr,South,Narail,Shahin Traders - Narail,13
2024-04-30,2024,Apr,South,Magura,Sharif Steel  Corner,46
2024-04-30,2024,Apr,Dhaka,Dhaka,Sikder Enterprise (Keranigonj),4
2024-04-30,2024,Apr,North,Pabna,Sikder Traders (Pabna),78
2024-04-30,2024,Apr,North,Gaibandha,Sorif Traders,13
2024-04-30,2024,Apr,Dhaka,Gazipur,Suma Enterprise - Sofipur,16
2024-04-30,2024,Apr,North,Rangpur,T.S.Enterprise(Rangpur),104
2024-04-30,2024,Apr,North,Rajshahi,Tariq  Enterprise,91
2024-04-30,2024,Apr,South,Narail,Tazmin Enterprise,13
2024-04-30,2024,Apr,Dhaka,Dhaka,The Barik Brothers,372
2024-04-30,2024,Apr,Dhaka,Dhaka,"Tipu and Co.( Rayerbag, Jatrabari)",29
2024-04-30,2024,Apr,Dhaka,Gazipur,Turag Tower,18
2024-04-30,2024,Apr,North,Sirajganj,Ullapara Variety Store,26
2024-04-30,2024,Apr,Dhaka,Manikganj,Wazuddin Traders,27
2024-04-30,2024,Apr,North East,Noakhali,Yeasin Traders,12
2024-04-30,2024,Apr,Dhaka,Narayanganj,York  Composite Ltd,15
2024-04-30,2024,Apr,Dhaka,Dhaka,Younus Traders,18
2024-04-30,2024,Apr,South,Bhola,Zabbar Biswas Traders,74
2024-04-30,2024,Apr,Dhaka,Dhaka,Zaman Traders ( Savar),8
2024-05-31,2024,May,Dhaka,Dhaka,A.R Corporation,131
2024-05-31,2024,May,Dhaka,Dhaka,Abir Enterprise,55
2024-05-31,2024,May,South,Barguna,Agrani Traders,13
2024-05-31,2024,May,North East,Narsingdi,Ahasan Store,5
2024-05-31,2024,May,North East,Dhaka,AK Developers Ltd.,14
2024-05-31,2024,May,Dhaka,Dhaka,Akhter Traders,27
2024-05-31,2024,May,North,Rajshahi,Al Manar Steel,234
2024-05-31,2024,May,North,Dinajpur,Alif Trading,13
2024-05-31,2024,May,Dhaka,Dhaka,Amin and Brother,3
2024-05-31,2024,May,South,Shariatpur,Amin Store,13
2024-05-31,2024,May,South,Rajbari,Anupam Nirmata,14
2024-05-31,2024,May,South,Rajbari,Anwar Traders,26
2024-05-31,2024,May,Dhaka,Dhaka,Arab Tannery Pvt. Ltd.,4
2024-05-31,2024,May,Dhaka,Gazipur,Arifa Enterprise,67
2024-05-31,2024,May,Dhaka,Dhaka,Arowa Traders,713
2024-05-31,2024,May,Dhaka,Dhaka,Ashiyan Education Ltd.,22
2024-05-31,2024,May,Dhaka,Dhaka,Bangladesh Shishu Kallyan Porishod (BCCW),4
2024-05-31,2024,May,North,Rangpur,Bengal and Company,26
2024-05-31,2024,May,North,Kurigram,Bhai Bhai Trading,91
2024-05-31,2024,May,Dhaka,Dhaka,Bismillah Traders-Dhaka,208
2024-05-31,2024,May,South,Chuadanga,Brothers Traders,65
2024-05-31,2024,May,Dhaka,Dhaka,Capital Builders,28
2024-05-31,2024,May,Dhaka,Dhaka,Chimbuk Cermic Bricks Ltd,4
2024-05-31,2024,May,North East,Mymensingh,Community Health Foundation Bangladesh,60
2024-05-31,2024,May,North East,Feni,Desh Agency,21
2024-05-31,2024,May,South,Kushtia,Dhaka Steel,52
2024-05-31,2024,May,Dhaka,Gazipur,Dhaka Trade Centre,71
2024-05-31,2024,May,North,Naogaon,Dipak Kumar Deb,26
2024-05-31,2024,May,South,Jhenaidah,Emon Enterprise,20
2024-05-31,2024,May,Dhaka,Gazipur,Evan Enterprise,62
2024-05-31,2024,May,North East,Mymensingh,F.S Enterprise,176
2024-05-31,2024,May,North,Kurigram,Farhad and Brothers,13
2024-05-31,2024,May,Dhaka,Dhaka,Farid Enterprise,34
2024-05-31,2024,May,Dhaka,Manikganj,Faruk and Brothers,159
2024-05-31,2024,May,Dhaka,Dhaka,Gawsia Enterprise,388
2024-05-31,2024,May,Dhaka,Gazipur,Giash Steel,19
2024-05-31,2024,May,Dhaka,Dhaka,H.S Corporation,50
2024-05-31,2024,May,South,Faridpur,Habib Enterprise (Faridpur),66
2024-05-31,2024,May,Dhaka,Gazipur,Haji Enterprise - Gazipur,26
2024-05-31,2024,May,North,Dinajpur,Hamana Traders,26
2024-05-31,2024,May,North,Bogura,Hannan Traders,39
2024-05-31,2024,May,North,Tangail,Harun Enterprise,214
2024-05-31,2024,May,Dhaka,Dhaka,Hobigonj Traders,93
2024-05-31,2024,May,Dhaka,Dhaka,Howlader Enterprise,213
2024-05-31,2024,May,Dhaka,Narayanganj,Ikhwan Construction,5
2024-05-31,2024,May,North,Rangpur,Imarat Trading,62
2024-05-31,2024,May,Dhaka,Dhaka,Islam Trading,3
2024-05-31,2024,May,South,Faridpur,Jaseka Traders,66
2024-05-31,2024,May,North East,Noakhali,Jashim Steel House,13
2024-05-31,2024,May,North,Tangail,Joy Joya Enterprise,119
2024-05-31,2024,May,Dhaka,Gazipur,Kamrul Trading Corporation,28
2024-05-31,2024,May,Dhaka,Gazipur,Kashem and Sons,56
2024-05-31,2024,May,Dhaka,Dhaka,Khan Enterprise,265
2024-05-31,2024,May,South,Khulna,Khan Traders -Khulna,27
2024-05-31,2024,May,South,Madaripur,Khan Traders- Madaripur,13
2024-05-31,2024,May,Dhaka,Gazipur,Khurshida Builders,161
2024-05-31,2024,May,Dhaka,Dhaka,Kolatia Traders,5
2024-05-31,2024,May,Dhaka,Gazipur,Konabari Trade Center,56
2024-05-31,2024,May,North,Nilphamari,L.N Trading Co.,26
2024-05-31,2024,May,South,Patuakhali,Lila Enterprise,33
2024-05-31,2024,May,North East,Sylhet,Ludhi Steel Marchant,120
2024-05-31,2024,May,Dhaka,Dhaka,M. Hossain & Sons (Dr),14
2024-05-31,2024,May,South,Chuadanga,M/S - Younus Hardware,13
2024-05-31,2024,May,Dhaka,Dhaka,M/S Adil Enterprise,14
2024-05-31,2024,May,Dhaka,Gazipur,M/S Al-Madina Enterprise,16
2024-05-31,2024,May,Dhaka,Dhaka,M/S Apurba Build Bazar,5
2024-05-31,2024,May,South,Jashore,M/S Azim Shah Traders,13
2024-05-31,2024,May,North,Natore,M/S Azmir Enterprise,14
2024-05-31,2024,May,South,Jashore,M/S Babu Traders,33
2024-05-31,2024,May,Dhaka,Dhaka,M/S Bhai Bhai Traders and Engineering Works,7
2024-05-31,2024,May,South,Jhenaidah,M/S Bondhu Enterprise,126
2024-05-31,2024,May,South,Bhola,M/S H Rahman and Son's,20
2024-05-31,2024,May,Dhaka,Dhaka,M/S Hazi Sarif Munshi Traders,11
2024-05-31,2024,May,South,Jashore,M/S Johir Enterprise,60
2024-05-31,2024,May,South,Meherpur,M/S Jony Enterprise -Meherpur,78
2024-05-31,2024,May,South,Gopalganj,M/S Linkon Enterprise,26
2024-05-31,2024,May,South,Jhalokati,M/S Mary Suppliers and Mary Bricks,14
2024-05-31,2024,May,Dhaka,Gazipur,M/S Mawna Builders,104
2024-05-31,2024,May,Dhaka,Gazipur,M/s Midul Enterprise,33
2024-05-31,2024,May,North East,Cumilla,M/S Molla Traders-Chouddogram,4
2024-05-31,2024,May,South,Pirojpur,M/S New Hope Traders,22
2024-05-31,2024,May,South,Faridpur,M/S Nur Mahidi Nerman Vander,39
2024-05-31,2024,May,North,Naogaon,M/S Parvez Trading-Naogaon,81
2024-05-31,2024,May,South,Gopalganj,M/s Porosh Enterprise,73
2024-05-31,2024,May,Dhaka,Gazipur,M/S R.B Steel and Co.,51
2024-05-31,2024,May,Dhaka,Gazipur,M/S Rana Enterprise,140
2024-05-31,2024,May,South,Madaripur,M/S Saifullah Enterprise,26
2024-05-31,2024,May,North,Pabna,M/S Samir Traders,156
2024-05-31,2024,May,Dhaka,Gazipur,M/s Shah Trading,4
2024-05-31,2024,May,Dhaka,Dhaka,M/S Zam Zam Trading (Dhaka),58
2024-05-31,2024,May,South,Patuakhali,M/S. Abul Kalam Azad,13
2024-05-31,2024,May,North,Bogura,M/S. Bushra Traders,169
2024-05-31,2024,May,North East,Brahmanbaria,M/S. Hasan Enterprise,30
2024-05-31,2024,May,South,Khulna,M/S. M. A Traders (Dr.),119
2024-05-31,2024,May,Dhaka,Dhaka,M/S. Maa Enterprise,46
2024-05-31,2024,May,South,Barishal,M/S. Mahabub Traders,36
2024-05-31,2024,May,Dhaka,Narayanganj,M/S. MUKTA ENTERPRISE-N.GONJ,5
2024-05-31,2024,May,North,Bogura,M/S. Mukta Traders,27
2024-05-31,2024,May,Dhaka,Dhaka,M/S. Rayhan Enterprise,145
2024-05-31,2024,May,Dhaka,Dhaka,M/S. Sawon Enterprise-Savar,3
2024-05-31,2024,May,South,Gopalganj,M/S. Sharif Enterprise,13
2024-05-31,2024,May,South,Narail,M/S. Sikdar Enterprise- Norail,53
2024-05-31,2024,May,Dhaka,Gazipur,M/S. Tosher Enterprise,46
2024-05-31,2024,May,North,Rangpur,M/S. Zaman Traders-Rangpur,194
2024-05-31,2024,May,North East,Feni,Madani Traders,39
2024-05-31,2024,May,South,Shariatpur,Madbor Enterprise,13
2024-05-31,2024,May,Dhaka,Narayanganj,Madina Trading Corporation Pvt. Ltd.,10
2024-05-31,2024,May,Dhaka,Dhaka,Mahadi Design and Construction,11
2024-05-31,2024,May,South,Jashore,Mahiya Kabir Corporation,92
2024-05-31,2024,May,Dhaka,Dhaka,Makkah Traders,157
2024-05-31,2024,May,Dhaka,Gazipur,Mamun Enterprise-Gazipur,91
2024-05-31,2024,May,North,Pabna,Mamun Traders-Pabna,78
2024-05-31,2024,May,South,Barishal,Masud Enterprise,37
2024-05-31,2024,May,Dhaka,Dhaka,Maysha Color Bank,7
2024-05-31,2024,May,Dhaka,Gazipur,Mim Enterprise,22
2024-05-31,2024,May,Dhaka,Dhaka,Misti Enterprise,12
2024-05-31,2024,May,North East,Jamalpur,Mizan and Son's,13
2024-05-31,2024,May,Dhaka,Dhaka,Modina Steel Corporation,136
2024-05-31,2024,May,North East,Sherpur,Mofazzal Enterprise,70
2024-05-31,2024,May,North East,Cumilla,Molla Traders- Comilla,61
2024-05-31,2024,May,Dhaka,Gazipur,Mowchak Steel Corporation,4
2024-05-31,2024,May,Dhaka,Dhaka,Munshigonj Steel House,71
2024-05-31,2024,May,Dhaka,Dhaka,Nahar Steel,179
2024-05-31,2024,May,Dhaka,Dhaka,Nal Gulf Construction and Properties,3
2024-05-31,2024,May,Dhaka,Dhaka,Nasrin Enterprise,21
2024-05-31,2024,May,Dhaka,Dhaka,Nayeef Trading Corporation,5
2024-05-31,2024,May,South,Jhenaidah,Nazmul Traders- Jhenaidah,20
2024-05-31,2024,May,Dhaka,Dhaka,New Sharmin Enterprise,19
2024-05-31,2024,May,Dhaka,Munshiganj,Nimtola Traders,5
2024-05-31,2024,May,Dhaka,Dhaka,Popular Enterprise,26
2024-05-31,2024,May,South,Kushtia,R. Rahman Corporation,91
2024-05-31,2024,May,South,Madaripur,R. S Enterprise-Madaripur,13
2024-05-31,2024,May,Dhaka,Narayanganj,R.S Enterprise,164
2024-05-31,2024,May,North East,Chandpur,Rabbi Traders,24
2024-05-31,2024,May,Dhaka,Gazipur,Ragadi Textile Limited,5
2024-05-31,2024,May,North East,Narsingdi,Rahman Steel House,125
2024-05-31,2024,May,South,Jashore,Razzaque Steel House,104
2024-05-31,2024,May,South,Patuakhali,Rema Enterprise,39
2024-05-31,2024,May,Dhaka,Gazipur,Ridwan Traders,11
2024-05-31,2024,May,Dhaka,Gazipur,S T Enterprise,108
2024-05-31,2024,May,South,Kushtia,Salam and Sons,143
2024-05-31,2024,May,South,Kushtia,Saleha Traders,156
2024-05-31,2024,May,North,Sirajganj,Sarkar Trading (Sirajgonj),13
2024-05-31,2024,May,South,Narail,Shahin Traders - Narail,71
2024-05-31,2024,May,Dhaka,Dhaka,Shams Steel Agency,3
2024-05-31,2024,May,South,Magura,Sharif Steel  Corner,53
2024-05-31,2024,May,Dhaka,Dhaka,Sikder Enterprise (Keranigonj),10
2024-05-31,2024,May,North,Pabna,Sikder Traders (Pabna),39
2024-05-31,2024,May,Dhaka,Dhaka,Soma Enterprise,5
2024-05-31,2024,May,North,Gaibandha,Sorif Traders,39
2024-05-31,2024,May,Dhaka,Gazipur,Suma Enterprise - Sofipur,45
2024-05-31,2024,May,North,Rangpur,T.S.Enterprise(Rangpur),104
2024-05-31,2024,May,North,Rajshahi,Tariq  Enterprise,104
2024-05-31,2024,May,Dhaka,Dhaka,The Barik Brothers,801
2024-05-31,2024,May,Dhaka,Dhaka,"Tipu and Co.( Rayerbag, Jatrabari)",67
2024-05-31,2024,May,South,Meherpur,Tohmina Engineering Workshop,13
2024-05-31,2024,May,North,Sirajganj,Ullapara Variety Store,52
2024-05-31,2024,May,Dhaka,Manikganj,Wazuddin Traders,48
2024-05-31,2024,May,North East,Noakhali,Yeasin Traders,6
2024-05-31,2024,May,Dhaka,Dhaka,Younus Traders,22
2024-05-31,2024,May,South,Bhola,Zabbar Biswas Traders,52
2024-05-31,2024,May,Dhaka,Dhaka,Zaman Traders ( Savar),2
2024-06-30,2024,Jun,Dhaka,Dhaka,A.R Corporation,77
2024-06-30,2024,Jun,North,Lalmonirhat,Abdul Hakim,13
2024-06-30,2024,Jun,Dhaka,Dhaka,Abir Enterprise,20
2024-06-30,2024,Jun,Dhaka,Dhaka,ACCURATE REAL ESTATE LIMITED,9
2024-06-30,2024,Jun,North,Bogura,Ahmed Traders-Bogra,13
2024-06-30,2024,Jun,Dhaka,Dhaka,Akhter Traders,14
2024-06-30,2024,Jun,North,Rajshahi,Al Manar Steel,143
2024-06-30,2024,Jun,South,Shariatpur,Amin Store,26
2024-06-30,2024,Jun,South,Rajbari,Anupam Nirmata,13
2024-06-30,2024,Jun,South,Rajbari,Anwar Traders,13
2024-06-30,2024,Jun,Dhaka,Gazipur,Arifa Enterprise,18
2024-06-30,2024,Jun,Dhaka,Dhaka,Arowa Traders,409
2024-06-30,2024,Jun,Dhaka,Dhaka,Ashiyan Education Ltd.,33
2024-06-30,2024,Jun,North,Kurigram,Bhai Bhai Trading,66
2024-06-30,2024,Jun,Dhaka,Dhaka,Bismillah Traders-Dhaka,76
2024-06-30,2024,Jun,South,Chuadanga,Brothers Traders,39
2024-06-30,2024,Jun,Dhaka,Dhaka,Capital Builders,20
2024-06-30,2024,Jun,Dhaka,Dhaka,Chimbuk Cermic Bricks Ltd,8
2024-06-30,2024,Jun,North East,Feni,Desh Agency,7
2024-06-30,2024,Jun,South,Kushtia,Dhaka Steel,52
2024-06-30,2024,Jun,Dhaka,Gazipur,Dhaka Trade Centre,21
2024-06-30,2024,Jun,North,Naogaon,Dipak Kumar Deb,40
2024-06-30,2024,Jun,North East,Chandpur,Doha Traders,13
2024-06-30,2024,Jun,Dhaka,Dhaka,Estia Enterprise (Manda),10
2024-06-30,2024,Jun,Dhaka,Gazipur,Evan Enterprise,22
2024-06-30,2024,Jun,North East,Mymensingh,F.S Enterprise,93
2024-06-30,2024,Jun,North,Kurigram,Farhad and Brothers,13
2024-06-30,2024,Jun,Dhaka,Manikganj,Faruk and Brothers,130
2024-06-30,2024,Jun,North,Dinajpur,Gausheyz Ventores,13
2024-06-30,2024,Jun,Dhaka,Dhaka,Gawsia Enterprise,130
2024-06-30,2024,Jun,Dhaka,Gazipur,Giash Steel,5
2024-06-30,2024,Jun,South,Faridpur,Habib Enterprise (Faridpur),39
2024-06-30,2024,Jun,Dhaka,Gazipur,Haji Enterprise - Gazipur,37
2024-06-30,2024,Jun,North,Bogura,Hannan Traders,39
2024-06-30,2024,Jun,North,Tangail,Harun Enterprise,154
2024-06-30,2024,Jun,Dhaka,Dhaka,Hobigonj Traders,48
2024-06-30,2024,Jun,Dhaka,Dhaka,Howlader Enterprise,70
2024-06-30,2024,Jun,Dhaka,Narayanganj,Ikhwan Construction,5
2024-06-30,2024,Jun,North,Rangpur,Imarat Trading,13
2024-06-30,2024,Jun,South,Faridpur,Jaseka Traders,65
2024-06-30,2024,Jun,North East,Noakhali,Jashim Steel House,7
2024-06-30,2024,Jun,North,Tangail,Joy Joya Enterprise,52
2024-06-30,2024,Jun,Dhaka,Gazipur,Kamrul Trading Corporation,11
2024-06-30,2024,Jun,Dhaka,Gazipur,Kashem and Sons,60
2024-06-30,2024,Jun,North East,Noakhali,Kashem Traders (Noakhali),13
2024-06-30,2024,Jun,Dhaka,Dhaka,Khan Enterprise,148
2024-06-30,2024,Jun,South,Khulna,Khan Traders -Khulna,13
2024-06-30,2024,Jun,South,Madaripur,Khan Traders- Madaripur,13
2024-06-30,2024,Jun,Dhaka,Gazipur,Khurshida Builders,54
2024-06-30,2024,Jun,Dhaka,Dhaka,Kolatia Traders,10
2024-06-30,2024,Jun,North,Nilphamari,L.N Trading Co.,40
2024-06-30,2024,Jun,South,Patuakhali,Lila Enterprise,7
2024-06-30,2024,Jun,North East,Sylhet,Ludhi Steel Marchant,15
2024-06-30,2024,Jun,Dhaka,Dhaka,M/S Adil Enterprise,12
2024-06-30,2024,Jun,Dhaka,Dhaka,M/S Apurba Build Bazar,10
2024-06-30,2024,Jun,South,Jashore,M/S Azim Shah Traders,27
2024-06-30,2024,Jun,North,Natore,M/S Azmir Enterprise,14
2024-06-30,2024,Jun,Dhaka,Dhaka,M/S Bhai Bhai Traders and Engineering Works,8
2024-06-30,2024,Jun,North East,Noakhali,M/S Bhuiyan Traders-Noakhali,25
2024-06-30,2024,Jun,South,Jhenaidah,M/S Bondhu Enterprise,185
2024-06-30,2024,Jun,North East,Cumilla,M/S Gazi Steel,12
2024-06-30,2024,Jun,South,Bhola,M/S H Rahman and Son's,20
2024-06-30,2024,Jun,Dhaka,Dhaka,M/S Hazi Sarif Munshi Traders,7
2024-06-30,2024,Jun,North East,Jamalpur,M/S Jibon Enterprise,12
2024-06-30,2024,Jun,Dhaka,Gazipur,M/S Mawna Builders,104
2024-06-30,2024,Jun,Dhaka,Gazipur,M/s Midul Enterprise,24
2024-06-30,2024,Jun,North East,Cumilla,M/S Molla Traders-Chouddogram,6
2024-06-30,2024,Jun,South,Faridpur,M/S Nur Mahidi Nerman Vander,77
2024-06-30,2024,Jun,North,Naogaon,M/S Parvez Trading-Naogaon,27
2024-06-30,2024,Jun,South,Gopalganj,M/s Porosh Enterprise,40
2024-06-30,2024,Jun,Dhaka,Gazipur,M/S R.B Steel and Co.,33
2024-06-30,2024,Jun,Dhaka,Gazipur,M/S Rana Enterprise,24
2024-06-30,2024,Jun,North,Pabna,M/S Samir Traders,133
2024-06-30,2024,Jun,North,Bogura,M/S Sazid Traders,13
2024-06-30,2024,Jun,Dhaka,Dhaka,M/S Zam Zam Trading (Dhaka),6
2024-06-30,2024,Jun,South,Patuakhali,M/S. Abul Kalam Azad,26
2024-06-30,2024,Jun,North,Nilphamari,M/S. Al Amin Traders-Nilphamary,13
2024-06-30,2024,Jun,North,Bogura,M/S. Bushra Traders,104
2024-06-30,2024,Jun,South,Barguna,M/S. Kamal Enterprise,13
2024-06-30,2024,Jun,South,Barguna,M/S. Karim Builders,20
2024-06-30,2024,Jun,South,Khulna,M/S. M. A Traders (Dr.),65
2024-06-30,2024,Jun,Dhaka,Dhaka,M/S. Maa Enterprise,1
2024-06-30,2024,Jun,North,Bogura,M/S. Mukta Traders,53
2024-06-30,2024,Jun,Dhaka,Dhaka,M/S. Rayhan Enterprise,62
2024-06-30,2024,Jun,Dhaka,Dhaka,M/S. Sawon Enterprise-Savar,4
2024-06-30,2024,Jun,South,Gopalganj,M/S. Sharif Enterprise,13
2024-06-30,2024,Jun,South,Narail,M/S. Sikdar Enterprise- Norail,54
2024-06-30,2024,Jun,North,Rangpur,M/S. Zaman Traders-Rangpur,130
2024-06-30,2024,Jun,North East,Feni,Madani Traders,26
2024-06-30,2024,Jun,South,Shariatpur,Madbor Enterprise,13
2024-06-30,2024,Jun,Dhaka,Narayanganj,Madina Trading Corporation Pvt. Ltd.,6
2024-06-30,2024,Jun,Dhaka,Dhaka,Mahadi Design and Construction,16
2024-06-30,2024,Jun,South,Jashore,Mahiya Kabir Corporation,87
2024-06-30,2024,Jun,Dhaka,Dhaka,Makkah Traders,42
2024-06-30,2024,Jun,Dhaka,Gazipur,Mamun Enterprise-Gazipur,21
2024-06-30,2024,Jun,North,Pabna,Mamun Traders-Pabna,27
2024-06-30,2024,Jun,North,Bogura,Master Traders (Shantahar),39
2024-06-30,2024,Jun,North East,Jamalpur,Mizan and Son's,26
2024-06-30,2024,Jun,Dhaka,Dhaka,Modina Steel Corporation,135
2024-06-30,2024,Jun,North East,Sherpur,Mofazzal Enterprise,59
2024-06-30,2024,Jun,South,Magura,Molla Banijjo Vander,13
2024-06-30,2024,Jun,North East,Cumilla,Molla Traders- Comilla,12
2024-06-30,2024,Jun,Dhaka,Dhaka,Munshigonj Steel House,42
2024-06-30,2024,Jun,North,Pabna,"Nabi Traders (Ishawrdi,  Pabna)",13
2024-06-30,2024,Jun,Dhaka,Dhaka,Nahar Steel,63
2024-06-30,2024,Jun,Dhaka,Dhaka,Nal Gulf Construction and Properties,5
2024-06-30,2024,Jun,Dhaka,Dhaka,Nayeef Trading Corporation,5
2024-06-30,2024,Jun,South,Jhenaidah,Nazmul Traders- Jhenaidah,46
2024-06-30,2024,Jun,Dhaka,Dhaka,New Sharmin Enterprise,7
2024-06-30,2024,Jun,South,Meherpur,Padma Enterprise,13
2024-06-30,2024,Jun,Dhaka,Dhaka,Popular Enterprise,20
2024-06-30,2024,Jun,South,Kushtia,R. Rahman Corporation,78
2024-06-30,2024,Jun,Dhaka,Narayanganj,R.S Enterprise,131
2024-06-30,2024,Jun,North East,Narsingdi,Rahman Steel House,57
2024-06-30,2024,Jun,South,Narail,Rakhi Enterprise,20
2024-06-30,2024,Jun,South,Jashore,Razzaque Steel House,72
2024-06-30,2024,Jun,South,Patuakhali,Rema Enterprise,6
2024-06-30,2024,Jun,North East,Kishoreganj,Renu Traders,15
2024-06-30,2024,Jun,Dhaka,Gazipur,Ridwan Traders,11
2024-06-30,2024,Jun,Dhaka,Gazipur,S T Enterprise,47
2024-06-30,2024,Jun,North,Joypurhat,Saha Traders,13
2024-06-30,2024,Jun,South,Kushtia,Salam and Sons,78
2024-06-30,2024,Jun,South,Kushtia,Saleha Traders,104
2024-06-30,2024,Jun,North,Rangpur,Shah Md Ashrafudulla,50
2024-06-30,2024,Jun,South,Narail,Shahin Traders - Narail,57
2024-06-30,2024,Jun,South,Bhola,Shanaullah Enterprise,22
2024-06-30,2024,Jun,South,Magura,Sharif Steel  Corner,73
2024-06-30,2024,Jun,North,Pabna,Sikder Traders (Pabna),13
2024-06-30,2024,Jun,Dhaka,Dhaka,Soma Enterprise,5
2024-06-30,2024,Jun,North,Gaibandha,Sorif Traders,28
2024-06-30,2024,Jun,Dhaka,Gazipur,Suma Enterprise - Sofipur,12
2024-06-30,2024,Jun,North,Rangpur,T.S.Enterprise(Rangpur),65
2024-06-30,2024,Jun,North,Rajshahi,Tariq  Enterprise,78
2024-06-30,2024,Jun,South,Narail,Tazmin Enterprise,13
2024-06-30,2024,Jun,Dhaka,Dhaka,The Barik Brothers,422
2024-06-30,2024,Jun,Dhaka,Dhaka,"Tipu and Co.( Rayerbag, Jatrabari)",22
2024-06-30,2024,Jun,Dhaka,Gazipur,Turag Tower,9
2024-06-30,2024,Jun,North,Sirajganj,Ullapara Variety Store,39
2024-06-30,2024,Jun,Dhaka,Manikganj,Wazuddin Traders,38
2024-06-30,2024,Jun,North East,Noakhali,Yeasin Traders,12
2024-06-30,2024,Jun,Dhaka,Dhaka,Younus Traders,6
2024-06-30,2024,Jun,South,Bhola,Zabbar Biswas Traders,52
2024-06-30,2024,Jun,Dhaka,Dhaka,Zaman Traders ( Savar),7
2024-07-31,2024,Jul,Dhaka,Dhaka,A.R Corporation,95
2024-07-31,2024,Jul,Dhaka,Dhaka,Abir Enterprise,20
2024-07-31,2024,Jul,Dhaka,Dhaka,ACCURATE REAL ESTATE LIMITED,6
2024-07-31,2024,Jul,Dhaka,Dhaka,Akhter Traders,4
2024-07-31,2024,Jul,North,Rajshahi,Al Manar Steel,105
2024-07-31,2024,Jul,Dhaka,Dhaka,Amin and Brother,4
2024-07-31,2024,Jul,Dhaka,Gazipur,Arifa Enterprise,55
2024-07-31,2024,Jul,Dhaka,Dhaka,Arowa Traders,367
2024-07-31,2024,Jul,Dhaka,Dhaka,Ashiyan Education Ltd.,32
2024-07-31,2024,Jul,South,Barishal,Barishal Iron House,13
2024-07-31,2024,Jul,North,Tangail,Basail Trading House,22
2024-07-31,2024,Jul,North,Kurigram,Bhai Bhai Trading,13
2024-07-31,2024,Jul,Dhaka,Dhaka,Bismillah Traders-Dhaka,90
2024-07-31,2024,Jul,Dhaka,Dhaka,Chimbuk Cermic Bricks Ltd,6
2024-07-31,2024,Jul,Dhaka,Dhaka,Daulot Hossen,5
2024-07-31,2024,Jul,South,Kushtia,Dhaka Steel,39
2024-07-31,2024,Jul,Dhaka,Gazipur,Dhaka Trade Centre,19
2024-07-31,2024,Jul,North East,Chandpur,Doha Traders,26
2024-07-31,2024,Jul,Dhaka,Dhaka,Estia Enterprise (Manda),13
2024-07-31,2024,Jul,Dhaka,Gazipur,Evan Enterprise,3
2024-07-31,2024,Jul,North East,Mymensingh,F.S Enterprise,69
2024-07-31,2024,Jul,Dhaka,Manikganj,Faruk and Brothers,52
2024-07-31,2024,Jul,South,Meherpur,Faruk Enterprise - Meherpur,13
2024-07-31,2024,Jul,North,Dinajpur,Gausheyz Ventores,39
2024-07-31,2024,Jul,Dhaka,Dhaka,Gawsia Enterprise,108
2024-07-31,2024,Jul,Dhaka,Gazipur,Giash Steel,2
2024-07-31,2024,Jul,Dhaka,Dhaka,H.S Corporation,5
2024-07-31,2024,Jul,South,Faridpur,Habib Enterprise (Faridpur),13
2024-07-31,2024,Jul,North,Bogura,Hannan Traders,26
2024-07-31,2024,Jul,North,Tangail,Harun Enterprise,40
2024-07-31,2024,Jul,Dhaka,Dhaka,Hobigonj Traders,28
2024-07-31,2024,Jul,Dhaka,Dhaka,Howlader Enterprise,40
2024-07-31,2024,Jul,Dhaka,Narayanganj,Ikhwan Construction,5
2024-07-31,2024,Jul,North,Rangpur,Imarat Trading,26
2024-07-31,2024,Jul,South,Faridpur,Jaseka Traders,39
2024-07-31,2024,Jul,North East,Noakhali,Jashim Steel House,13
2024-07-31,2024,Jul,North,Tangail,Joy Joya Enterprise,50
2024-07-31,2024,Jul,Dhaka,Gazipur,Kamrul Trading Corporation,23
2024-07-31,2024,Jul,Dhaka,Gazipur,Kashem and Sons,19
2024-07-31,2024,Jul,Dhaka,Dhaka,Khan Enterprise,130
2024-07-31,2024,Jul,South,Khulna,Khan Traders -Khulna,26
2024-07-31,2024,Jul,South,Madaripur,Khan Traders- Madaripur,13
2024-07-31,2024,Jul,Dhaka,Gazipur,Khurshida Builders,66
2024-07-31,2024,Jul,Dhaka,Dhaka,Kolatia Traders,5
2024-07-31,2024,Jul,North,Nilphamari,L.N Trading Co.,13
2024-07-31,2024,Jul,North East,Sylhet,Ludhi Steel Marchant,30
2024-07-31,2024,Jul,Dhaka,Dhaka,M/S Adil Enterprise,2
2024-07-31,2024,Jul,Dhaka,Gazipur,M/S Al-Madina Enterprise,8
2024-07-31,2024,Jul,Dhaka,Dhaka,M/S Apurba Build Bazar,7
2024-07-31,2024,Jul,South,Jashore,M/S Azim Shah Traders,26
2024-07-31,2024,Jul,South,Jashore,M/S Babu Traders,38
2024-07-31,2024,Jul,Dhaka,Dhaka,M/S Bhai Bhai Traders and Engineering Works,12
2024-07-31,2024,Jul,North East,Noakhali,M/S Bhuiyan Traders-Noakhali,12
2024-07-31,2024,Jul,South,Jhenaidah,M/S Bondhu Enterprise,59
2024-07-31,2024,Jul,Dhaka,Dhaka,M/S Haque and Hasan Traders,2
2024-07-31,2024,Jul,Dhaka,Dhaka,M/S Hazi Sarif Munshi Traders,12
2024-07-31,2024,Jul,South,Faridpur,M/S Khaza Traders,13
2024-07-31,2024,Jul,South,Jhalokati,M/S Mary Suppliers and Mary Bricks,20
2024-07-31,2024,Jul,Dhaka,Gazipur,M/S Mawna Builders,136
2024-07-31,2024,Jul,Dhaka,Gazipur,M/s Midul Enterprise,9
2024-07-31,2024,Jul,South,Faridpur,M/S Nur Mahidi Nerman Vander,26
2024-07-31,2024,Jul,North,Naogaon,M/S Parvez Trading-Naogaon,70
2024-07-31,2024,Jul,South,Gopalganj,M/s Porosh Enterprise,20
2024-07-31,2024,Jul,Dhaka,Gazipur,M/S R.B Steel and Co.,30
2024-07-31,2024,Jul,Dhaka,Gazipur,M/S Rana Enterprise,19
2024-07-31,2024,Jul,North,Pabna,M/S Samir Traders,78
2024-07-31,2024,Jul,Dhaka,Dhaka,M/S Zam Zam Trading (Dhaka),11
2024-07-31,2024,Jul,South,Patuakhali,M/S. Abul Kalam Azad,1
2024-07-31,2024,Jul,North,Bogura,M/S. Bushra Traders,91
2024-07-31,2024,Jul,South,Barguna,M/S. Karim Builders,13
2024-07-31,2024,Jul,South,Khulna,M/S. M. A Traders (Dr.),54
2024-07-31,2024,Jul,Dhaka,Narayanganj,M/S. MUKTA ENTERPRISE-N.GONJ,6
2024-07-31,2024,Jul,North,Bogura,M/S. Mukta Traders,39
2024-07-31,2024,Jul,Dhaka,Dhaka,M/S. Rayhan Enterprise,43
2024-07-31,2024,Jul,South,Gopalganj,M/S. Sharif Enterprise,13
2024-07-31,2024,Jul,South,Narail,M/S. Sikdar Enterprise- Norail,13
2024-07-31,2024,Jul,Dhaka,Gazipur,M/S. Tosher Enterprise,10
2024-07-31,2024,Jul,North,Rangpur,M/S. Zaman Traders-Rangpur,137
2024-07-31,2024,Jul,North East,Cumilla,M/S-Laksam Trading Corporation,23
2024-07-31,2024,Jul,Dhaka,Dhaka,Mahadi Design and Construction,5
2024-07-31,2024,Jul,South,Jashore,Mahiya Kabir Corporation,13
2024-07-31,2024,Jul,Dhaka,Dhaka,Makkah Traders,67
2024-07-31,2024,Jul,Dhaka,Gazipur,Mamun Enterprise-Gazipur,22
2024-07-31,2024,Jul,North,Pabna,Mamun Traders-Pabna,27
2024-07-31,2024,Jul,North,Bogura,Master Traders (Shantahar),13
2024-07-31,2024,Jul,Dhaka,Gazipur,Mim Enterprise,6
2024-07-31,2024,Jul,Dhaka,Dhaka,Modina Steel Corporation,90
2024-07-31,2024,Jul,North East,Sherpur,Mofazzal Enterprise,13
2024-07-31,2024,Jul,North East,Cumilla,Molla Traders- Comilla,10
2024-07-31,2024,Jul,Dhaka,Dhaka,Munshigonj Steel House,23
2024-07-31,2024,Jul,Dhaka,Dhaka,Nahar Steel,41
2024-07-31,2024,Jul,Dhaka,Dhaka,Nal Gulf Construction and Properties,4
2024-07-31,2024,Jul,Dhaka,Dhaka,Nasrin Enterprise,6
2024-07-31,2024,Jul,Dhaka,Dhaka,Nayeef Trading Corporation,5
2024-07-31,2024,Jul,South,Jhenaidah,Nazmul Traders- Jhenaidah,26
2024-07-31,2024,Jul,Dhaka,Dhaka,New Sharmin Enterprise,7
2024-07-31,2024,Jul,Dhaka,Munshiganj,Nimtola Traders,5
2024-07-31,2024,Jul,North,Dhaka,Palli Tower,26
2024-07-31,2024,Jul,Dhaka,Dhaka,Popular Enterprise,4
2024-07-31,2024,Jul,South,Kushtia,R. Rahman Corporation,39
2024-07-31,2024,Jul,South,Madaripur,R. S Enterprise-Madaripur,13
2024-07-31,2024,Jul,Dhaka,Narayanganj,R.S Enterprise,111
2024-07-31,2024,Jul,North East,Narsingdi,Rahman Steel House,52
2024-07-31,2024,Jul,South,Jashore,Razzaque Steel House,52
2024-07-31,2024,Jul,South,Patuakhali,Rema Enterprise,65
2024-07-31,2024,Jul,Dhaka,Gazipur,Ridwan Traders,13
2024-07-31,2024,Jul,Dhaka,Gazipur,S T Enterprise,71
2024-07-31,2024,Jul,South,Kushtia,Salam and Sons,91
2024-07-31,2024,Jul,South,Kushtia,Saleha Traders,52
2024-07-31,2024,Jul,South,Narail,Shahin Traders - Narail,13
2024-07-31,2024,Jul,South,Magura,Sharif Steel  Corner,33
2024-07-31,2024,Jul,Dhaka,Dhaka,Sikder Enterprise (Keranigonj),5
2024-07-31,2024,Jul,North,Pabna,Sikder Traders (Pabna),27
2024-07-31,2024,Jul,Dhaka,Dhaka,Soma Enterprise,5
2024-07-31,2024,Jul,Dhaka,Gazipur,Suma Enterprise - Sofipur,6
2024-07-31,2024,Jul,North,Rangpur,T.S.Enterprise(Rangpur),51
2024-07-31,2024,Jul,North,Rajshahi,Tariq  Enterprise,65
2024-07-31,2024,Jul,Dhaka,Dhaka,The Barik Brothers,387
2024-07-31,2024,Jul,Dhaka,Dhaka,"Tipu and Co.( Rayerbag, Jatrabari)",36
2024-07-31,2024,Jul,Dhaka,Gazipur,Turag Tower,6
2024-07-31,2024,Jul,Dhaka,Manikganj,Wazuddin Traders,31
2024-07-31,2024,Jul,Dhaka,Dhaka,Younus Traders,2
2024-07-31,2024,Jul,South,Bhola,Zabbar Biswas Traders,22
2024-07-31,2024,Jul,Dhaka,Dhaka,Zaman Traders ( Savar),5
2024-08-31,2024,Aug,Dhaka,Dhaka,A.R Corporation,67
2024-08-31,2024,Aug,Dhaka,Dhaka,Abir Enterprise,24
2024-08-31,2024,Aug,Dhaka,Dhaka,ACCURATE REAL ESTATE LIMITED,19
2024-08-31,2024,Aug,South,Barguna,Agrani Traders,50
2024-08-31,2024,Aug,North East,Dhaka,AK Developers Ltd.,6
2024-08-31,2024,Aug,Dhaka,Dhaka,Akhter Traders,10
2024-08-31,2024,Aug,Dhaka,Dhaka,Al Baraka Steel Corporation- Mirpur,6
2024-08-31,2024,Aug,North,Rajshahi,Al Manar Steel,104
2024-08-31,2024,Aug,North,Dinajpur,Alif Trading,13
2024-08-31,2024,Aug,South,Shariatpur,Amin Store,13
2024-08-31,2024,Aug,South,Rajbari,Anupam Nirmata,13
2024-08-31,2024,Aug,Dhaka,Dhaka,Arab Tannery Pvt. Ltd.,4
2024-08-31,2024,Aug,Dhaka,Gazipur,Arifa Enterprise,101
2024-08-31,2024,Aug,Dhaka,Dhaka,Arowa Traders,488
2024-08-31,2024,Aug,Dhaka,Dhaka,Ashiyan Education Ltd.,31
2024-08-31,2024,Aug,South,Barishal,Barishal Iron House,26
2024-08-31,2024,Aug,North,Kurigram,Bhai Bhai Trading,52
2024-08-31,2024,Aug,Dhaka,Dhaka,Bismillah Traders-Dhaka,157
2024-08-31,2024,Aug,South,Chuadanga,Brothers Traders,39
2024-08-31,2024,Aug,Dhaka,Dhaka,Capital Builders,24
2024-08-31,2024,Aug,Dhaka,Dhaka,Chimbuk Cermic Bricks Ltd,18
2024-08-31,2024,Aug,North East,Mymensingh,Community Health Foundation Bangladesh,30
2024-08-31,2024,Aug,South,Kushtia,Dhaka Steel,65
2024-08-31,2024,Aug,Dhaka,Gazipur,Dhaka Trade Centre,22
2024-08-31,2024,Aug,North,Naogaon,Dipak Kumar Deb,13
2024-08-31,2024,Aug,South,Jhenaidah,Emon Enterprise,13
2024-08-31,2024,Aug,North East,Mymensingh,F.S Enterprise,156
2024-08-31,2024,Aug,North,Kurigram,Farhad and Brothers,26
2024-08-31,2024,Aug,Dhaka,Dhaka,Farid Enterprise,10
2024-08-31,2024,Aug,Dhaka,Manikganj,Faruk and Brothers,95
2024-08-31,2024,Aug,North,Dinajpur,Gausheyz Ventores,13
2024-08-31,2024,Aug,Dhaka,Dhaka,Gawsia Enterprise,88
2024-08-31,2024,Aug,South,Faridpur,Habib Enterprise (Faridpur),26
2024-08-31,2024,Aug,Dhaka,Gazipur,Haji Enterprise - Gazipur,83
2024-08-31,2024,Aug,North,Bogura,Hannan Traders,26
2024-08-31,2024,Aug,North,Tangail,Harun Enterprise,95
2024-08-31,2024,Aug,Dhaka,Dhaka,Hobigonj Traders,27
2024-08-31,2024,Aug,Dhaka,Dhaka,Howlader Enterprise,89
2024-08-31,2024,Aug,North,Rangpur,Imarat Trading,37
2024-08-31,2024,Aug,South,Faridpur,Jaseka Traders,53
2024-08-31,2024,Aug,North,Tangail,Joy Joya Enterprise,63
2024-08-31,2024,Aug,Dhaka,Gazipur,Kamrul Trading Corporation,15
2024-08-31,2024,Aug,Dhaka,Gazipur,Kashem and Sons,6
2024-08-31,2024,Aug,Dhaka,Dhaka,Khan Enterprise,160
2024-08-31,2024,Aug,South,Khulna,Khan Traders -Khulna,13
2024-08-31,2024,Aug,South,Madaripur,Khan Traders- Madaripur,13
2024-08-31,2024,Aug,Dhaka,Gazipur,Khurshida Builders,63
2024-08-31,2024,Aug,Dhaka,Dhaka,Kolatia Traders,5
2024-08-31,2024,Aug,North,Nilphamari,L.N Trading Co.,39
2024-08-31,2024,Aug,North East,Sylhet,Ludhi Steel Marchant,15
2024-08-31,2024,Aug,South,Chuadanga,M/S - Younus Hardware,13
2024-08-31,2024,Aug,Dhaka,Dhaka,M/S Adil Enterprise,23
2024-08-31,2024,Aug,Dhaka,Gazipur,M/S Al-Madina Enterprise,18
2024-08-31,2024,Aug,Dhaka,Dhaka,M/S Apurba Build Bazar,9
2024-08-31,2024,Aug,Dhaka,Dhaka,M/S Bhai Bhai Traders and Engineering Works,5
2024-08-31,2024,Aug,North East,Noakhali,M/S Bhuiyan Traders-Noakhali,8
2024-08-31,2024,Aug,South,Jhenaidah,M/S Bondhu Enterprise,65
2024-08-31,2024,Aug,South,Bhola,M/S H Rahman and Son's,13
2024-08-31,2024,Aug,Dhaka,Dhaka,M/S Haque and Hasan Traders,3
2024-08-31,2024,Aug,Dhaka,Dhaka,M/S Hazi Sarif Munshi Traders,8
2024-08-31,2024,Aug,South,Jashore,M/S Johir Enterprise,20
2024-08-31,2024,Aug,South,Faridpur,M/S Khaza Traders,13
2024-08-31,2024,Aug,South,Gopalganj,M/S Linkon Enterprise,13
2024-08-31,2024,Aug,Dhaka,Gazipur,M/S Mawna Builders,6
2024-08-31,2024,Aug,Dhaka,Gazipur,M/s Midul Enterprise,25
2024-08-31,2024,Aug,North East,Cumilla,M/S Molla Traders-Chouddogram,13
2024-08-31,2024,Aug,South,Pirojpur,M/S New Hope Traders,26
2024-08-31,2024,Aug,South,Faridpur,M/S Nur Mahidi Nerman Vander,39
2024-08-31,2024,Aug,North,Naogaon,M/S Parvez Trading-Naogaon,70
2024-08-31,2024,Aug,South,Gopalganj,M/s Porosh Enterprise,40
2024-08-31,2024,Aug,Dhaka,Gazipur,M/S R.B Steel and Co.,5
2024-08-31,2024,Aug,Dhaka,Gazipur,M/S Rana Enterprise,59
2024-08-31,2024,Aug,North,Pabna,M/S Samir Traders,79
2024-08-31,2024,Aug,North,Bogura,M/S. Bushra Traders,169
2024-08-31,2024,Aug,South,Barguna,M/S. Kamal Enterprise,26
2024-08-31,2024,Aug,South,Khulna,M/S. M. A Traders (Dr.),53
2024-08-31,2024,Aug,Dhaka,Dhaka,M/S. Maa Enterprise,7
2024-08-31,2024,Aug,Dhaka,Narayanganj,M/S. MUKTA ENTERPRISE-N.GONJ,6
2024-08-31,2024,Aug,North,Bogura,M/S. Mukta Traders,26
2024-08-31,2024,Aug,Dhaka,Dhaka,M/S. Rayhan Enterprise,64
2024-08-31,2024,Aug,South,Gopalganj,M/S. Sharif Enterprise,13
2024-08-31,2024,Aug,South,Narail,M/S. Sikdar Enterprise- Norail,13
2024-08-31,2024,Aug,Dhaka,Gazipur,M/S. Tosher Enterprise,13
2024-08-31,2024,Aug,North,Rangpur,M/S. Zaman Traders-Rangpur,144
2024-08-31,2024,Aug,North East,Cumilla,M/S-Laksam Trading Corporation,12
2024-08-31,2024,Aug,North East,Feni,Madani Traders,13
2024-08-31,2024,Aug,Dhaka,Dhaka,Mahadi Design and Construction,5
2024-08-31,2024,Aug,South,Jashore,Mahiya Kabir Corporation,78
2024-08-31,2024,Aug,Dhaka,Dhaka,Makkah Traders,56
2024-08-31,2024,Aug,Dhaka,Gazipur,Mamun Enterprise-Gazipur,134
2024-08-31,2024,Aug,North,Pabna,Mamun Traders-Pabna,13
2024-08-31,2024,Aug,North,Bogura,Master Traders (Shantahar),13
2024-08-31,2024,Aug,South,Madaripur,Mayer Doa Enterprise,13
2024-08-31,2024,Aug,Dhaka,Dhaka,Maysha Color Bank,5
2024-08-31,2024,Aug,Dhaka,Gazipur,Mim Enterprise,17
2024-08-31,2024,Aug,Dhaka,Dhaka,Misti Enterprise,5
2024-08-31,2024,Aug,North East,Jamalpur,Mizan and Son's,13
2024-08-31,2024,Aug,Dhaka,Dhaka,Modina Steel Corporation,91
2024-08-31,2024,Aug,North East,Sherpur,Mofazzal Enterprise,25
2024-08-31,2024,Aug,North East,Cumilla,Molla Traders- Comilla,33
2024-08-31,2024,Aug,Dhaka,Gazipur,Mowchak Steel Corporation,4
2024-08-31,2024,Aug,Dhaka,Dhaka,Munshigonj Steel House,27
2024-08-31,2024,Aug,North,Pabna,"Nabi Traders (Ishawrdi,  Pabna)",13
2024-08-31,2024,Aug,Dhaka,Dhaka,Nahar Steel,66
2024-08-31,2024,Aug,Dhaka,Dhaka,Nal Gulf Construction and Properties,6
2024-08-31,2024,Aug,Dhaka,Dhaka,Nasrin Enterprise,3
2024-08-31,2024,Aug,Dhaka,Dhaka,Nayeef Trading Corporation,5
2024-08-31,2024,Aug,South,Jhenaidah,Nazmul Traders- Jhenaidah,13
2024-08-31,2024,Aug,Dhaka,Dhaka,New Sharmin Enterprise,2
2024-08-31,2024,Aug,South,Meherpur,Padma Enterprise,13
2024-08-31,2024,Aug,Dhaka,Dhaka,Popular Enterprise,2
2024-08-31,2024,Aug,South,Kushtia,R. Rahman Corporation,91
2024-08-31,2024,Aug,Dhaka,Narayanganj,R.S Enterprise,87
2024-08-31,2024,Aug,North East,Narsingdi,Rahman Steel House,79
2024-08-31,2024,Aug,South,Jashore,Razzaque Steel House,80
2024-08-31,2024,Aug,South,Patuakhali,Rema Enterprise,26
2024-08-31,2024,Aug,Dhaka,Gazipur,S T Enterprise,0
2024-08-31,2024,Aug,South,Kushtia,Salam and Sons,104
2024-08-31,2024,Aug,South,Kushtia,Saleha Traders,117
2024-08-31,2024,Aug,North,Sirajganj,Sarkar Trading (Sirajgonj),13
2024-08-31,2024,Aug,South,Shariatpur,Seba Trading Corporation,13
2024-08-31,2024,Aug,North,Rangpur,Shah Md Ashrafudulla,14
2024-08-31,2024,Aug,South,Narail,Shahin Traders - Narail,29
2024-08-31,2024,Aug,South,Magura,Sharif Steel  Corner,26
2024-08-31,2024,Aug,Dhaka,Dhaka,Sikder Enterprise (Keranigonj),7
2024-08-31,2024,Aug,North,Pabna,Sikder Traders (Pabna),26
2024-08-31,2024,Aug,Dhaka,Manikganj,Singair Alfi Trade Link.,3
2024-08-31,2024,Aug,Dhaka,Dhaka,Soma Enterprise,5
2024-08-31,2024,Aug,North,Gaibandha,Sorif Traders,28
2024-08-31,2024,Aug,Dhaka,Gazipur,Suma Enterprise - Sofipur,29
2024-08-31,2024,Aug,North,Rangpur,T.S.Enterprise(Rangpur),65
2024-08-31,2024,Aug,North,Rajshahi,Tariq  Enterprise,52
2024-08-31,2024,Aug,South,Narail,Tazmin Enterprise,13
2024-08-31,2024,Aug,Dhaka,Dhaka,The Barik Brothers,519
2024-08-31,2024,Aug,Dhaka,Dhaka,"Tipu and Co.( Rayerbag, Jatrabari)",44
2024-08-31,2024,Aug,Dhaka,Manikganj,Wazuddin Traders,34
2024-08-31,2024,Aug,North East,Noakhali,Yeasin Traders,5
2024-08-31,2024,Aug,South,Bhola,Zabbar Biswas Traders,13
2024-08-31,2024,Aug,Dhaka,Dhaka,Zaman Traders ( Savar),2
2024-09-30,2024,Sep,Dhaka,Dhaka,A.R Corporation,24
2024-09-30,2024,Sep,Dhaka,Dhaka,Abir Enterprise,7
2024-09-30,2024,Sep,Dhaka,Dhaka,ACCURATE REAL ESTATE LIMITED,11
2024-09-30,2024,Sep,Dhaka,Dhaka,Al Baraka Steel Corporation- Mirpur,11
2024-09-30,2024,Sep,North,Rajshahi,Al Manar Steel,78
2024-09-30,2024,Sep,Dhaka,Dhaka,Amin and Brother,3
2024-09-30,2024,Sep,South,Shariatpur,Amin Store,13
2024-09-30,2024,Sep,South,Rajbari,Anwar Traders,12
2024-09-30,2024,Sep,Dhaka,Gazipur,Arifa Enterprise,37
2024-09-30,2024,Sep,Dhaka,Dhaka,Arowa Traders,367
2024-09-30,2024,Sep,Dhaka,Dhaka,Bangladesh Shishu Kallyan Porishod (BCCW),16
2024-09-30,2024,Sep,North,Kurigram,Bhai Bhai Trading,39
2024-09-30,2024,Sep,Dhaka,Dhaka,Bismillah Traders-Dhaka,103
2024-09-30,2024,Sep,Dhaka,Dhaka,Capital Builders,39
2024-09-30,2024,Sep,North East,Mymensingh,Community Health Foundation Bangladesh,25
2024-09-30,2024,Sep,North East,Feni,Desh Agency,13
2024-09-30,2024,Sep,South,Kushtia,Dhaka Steel,13
2024-09-30,2024,Sep,Dhaka,Gazipur,Dhaka Trade Centre,4
2024-09-30,2024,Sep,North,Naogaon,Dipak Kumar Deb,13
2024-09-30,2024,Sep,North East,Mymensingh,F.S Enterprise,71
2024-09-30,2024,Sep,Dhaka,Dhaka,Farid Enterprise,20
2024-09-30,2024,Sep,Dhaka,Manikganj,Faruk and Brothers,94
2024-09-30,2024,Sep,Dhaka,Dhaka,Feni Traders,13
2024-09-30,2024,Sep,North,Dinajpur,Gausheyz Ventores,13
2024-09-30,2024,Sep,Dhaka,Dhaka,Gawsia Enterprise,107
2024-09-30,2024,Sep,South,Faridpur,Habib Enterprise (Faridpur),26
2024-09-30,2024,Sep,Dhaka,Gazipur,Haji Enterprise - Gazipur,81
2024-09-30,2024,Sep,North,Tangail,Harun Enterprise,37
2024-09-30,2024,Sep,Dhaka,Dhaka,Hobigonj Traders,15
2024-09-30,2024,Sep,Dhaka,Dhaka,Howlader Enterprise,47
2024-09-30,2024,Sep,Dhaka,Narayanganj,Ikhwan Construction,5
2024-09-30,2024,Sep,North,Rangpur,Imarat Trading,23
2024-09-30,2024,Sep,South,Faridpur,Jaseka Traders,39
2024-09-30,2024,Sep,North East,Noakhali,Jashim Steel House,8
2024-09-30,2024,Sep,North,Tangail,Joy Joya Enterprise,65
2024-09-30,2024,Sep,Dhaka,Gazipur,Kamrul Trading Corporation,16
2024-09-30,2024,Sep,Dhaka,Gazipur,Kashem and Sons,29
2024-09-30,2024,Sep,Dhaka,Dhaka,Khan Enterprise,105
2024-09-30,2024,Sep,South,Khulna,Khan Traders -Khulna,13
2024-09-30,2024,Sep,South,Madaripur,Khan Traders- Madaripur,13
2024-09-30,2024,Sep,Dhaka,Gazipur,Khurshida Builders,99
2024-09-30,2024,Sep,Dhaka,Dhaka,Kolatia Traders,5
2024-09-30,2024,Sep,North,Nilphamari,L.N Trading Co.,26
2024-09-30,2024,Sep,North East,Sylhet,Ludhi Steel Marchant,15
2024-09-30,2024,Sep,Dhaka,Dhaka,M/S Adil Enterprise,15
2024-09-30,2024,Sep,Dhaka,Dhaka,M/S Apurba Build Bazar,3
2024-09-30,2024,Sep,South,Jashore,M/S Azim Shah Traders,20
2024-09-30,2024,Sep,North,Natore,M/S Azmir Enterprise,14
2024-09-30,2024,Sep,South,Jashore,M/S Babu Traders,13
2024-09-30,2024,Sep,North East,Noakhali,M/S Bhuiyan Traders-Noakhali,5
2024-09-30,2024,Sep,South,Jhenaidah,M/S Bondhu Enterprise,39
2024-09-30,2024,Sep,Dhaka,Dhaka,M/S Haque and Hasan Traders,2
2024-09-30,2024,Sep,South,Jashore,M/S Johir Enterprise,20
2024-09-30,2024,Sep,South,Jhalokati,M/S Mary Suppliers and Mary Bricks,13
2024-09-30,2024,Sep,Dhaka,Gazipur,M/S Mawna Builders,36
2024-09-30,2024,Sep,Dhaka,Gazipur,M/s Midul Enterprise,7
2024-09-30,2024,Sep,South,Faridpur,M/S Nur Mahidi Nerman Vander,38
2024-09-30,2024,Sep,North,Naogaon,M/S Parvez Trading-Naogaon,55
2024-09-30,2024,Sep,South,Gopalganj,M/s Porosh Enterprise,33
2024-09-30,2024,Sep,Dhaka,Gazipur,M/S R.B Steel and Co.,24
2024-09-30,2024,Sep,North,Pabna,M/S Samir Traders,61
2024-09-30,2024,Sep,Dhaka,Dhaka,M/S Zam Zam Trading (Dhaka),21
2024-09-30,2024,Sep,North,Bogura,M/S. Bushra Traders,52
2024-09-30,2024,Sep,South,Barguna,M/S. Kamal Enterprise,13
2024-09-30,2024,Sep,South,Khulna,M/S. M. A Traders (Dr.),39
2024-09-30,2024,Sep,Dhaka,Narayanganj,M/S. MUKTA ENTERPRISE-N.GONJ,6
2024-09-30,2024,Sep,Dhaka,Dhaka,M/S. Rayhan Enterprise,33
2024-09-30,2024,Sep,Dhaka,Gazipur,M/S. Tosher Enterprise,17
2024-09-30,2024,Sep,North,Rangpur,M/S. Zaman Traders-Rangpur,156
2024-09-30,2024,Sep,Dhaka,Dhaka,Mahadi Design and Construction,5
2024-09-30,2024,Sep,South,Jashore,Mahiya Kabir Corporation,13
2024-09-30,2024,Sep,Dhaka,Dhaka,Makkah Traders,64
2024-09-30,2024,Sep,Dhaka,Gazipur,Mamun Enterprise-Gazipur,54
2024-09-30,2024,Sep,North,Bogura,Master Traders (Shantahar),13
2024-09-30,2024,Sep,South,Barishal,Masud Enterprise,14
2024-09-30,2024,Sep,Dhaka,Dhaka,MD. Alamgir Hossain,16
2024-09-30,2024,Sep,Dhaka,Dhaka,Modina Steel Corporation,36
2024-09-30,2024,Sep,North East,Sherpur,Mofazzal Enterprise,38
2024-09-30,2024,Sep,North East,Cumilla,Molla Traders- Comilla,16
2024-09-30,2024,Sep,Dhaka,Dhaka,Monir Developers and Constructions Ltd,8
2024-09-30,2024,Sep,Dhaka,Gazipur,Mowchak Steel Corporation,4
2024-09-30,2024,Sep,Dhaka,Dhaka,Munshigonj Steel House,26
2024-09-30,2024,Sep,North,Pabna,"Nabi Traders (Ishawrdi,  Pabna)",13
2024-09-30,2024,Sep,Dhaka,Dhaka,Nahar Steel,60
2024-09-30,2024,Sep,Dhaka,Dhaka,Nayeef Trading Corporation,4
2024-09-30,2024,Sep,South,Jhenaidah,Nazmul Traders- Jhenaidah,13
2024-09-30,2024,Sep,Dhaka,Dhaka,New Sharmin Enterprise,3
2024-09-30,2024,Sep,Dhaka,Dhaka,Popular Enterprise,3
2024-09-30,2024,Sep,South,Kushtia,R. Rahman Corporation,39
2024-09-30,2024,Sep,South,Madaripur,R. S Enterprise-Madaripur,13
2024-09-30,2024,Sep,Dhaka,Narayanganj,R.S Enterprise,108
2024-09-30,2024,Sep,North East,Chandpur,Rabbi Traders,4
2024-09-30,2024,Sep,North East,Narsingdi,Rahman Steel House,68
2024-09-30,2024,Sep,South,Narail,Rakhi Enterprise,20
2024-09-30,2024,Sep,South,Jashore,Razzaque Steel House,94
2024-09-30,2024,Sep,South,Patuakhali,Rema Enterprise,13
2024-09-30,2024,Sep,North East,Kishoreganj,Renu Traders,11
2024-09-30,2024,Sep,Dhaka,Gazipur,Ridwan Traders,6
2024-09-30,2024,Sep,Dhaka,Gazipur,S T Enterprise,10
2024-09-30,2024,Sep,South,Kushtia,Salam and Sons,39
2024-09-30,2024,Sep,South,Kushtia,Saleha Traders,91
2024-09-30,2024,Sep,South,Narail,Shahin Traders - Narail,13
2024-09-30,2024,Sep,South,Magura,Sharif Steel  Corner,39
2024-09-30,2024,Sep,Dhaka,Dhaka,Sikder Enterprise (Keranigonj),5
2024-09-30,2024,Sep,North,Pabna,Sikder Traders (Pabna),14
2024-09-30,2024,Sep,Dhaka,Dhaka,Soma Enterprise,5
2024-09-30,2024,Sep,North,Gaibandha,Sorif Traders,26
2024-09-30,2024,Sep,Dhaka,Gazipur,Suma Enterprise - Sofipur,12
2024-09-30,2024,Sep,North,Rangpur,T.S.Enterprise(Rangpur),52
2024-09-30,2024,Sep,North,Rajshahi,Tariq  Enterprise,65
2024-09-30,2024,Sep,Dhaka,Gazipur,Texeurop (BD) Ltd.,4
2024-09-30,2024,Sep,Dhaka,Dhaka,The Barik Brothers,383
2024-09-30,2024,Sep,Dhaka,Dhaka,"Tipu and Co.( Rayerbag, Jatrabari)",25
2024-09-30,2024,Sep,North,Sirajganj,Ullapara Variety Store,13
2024-09-30,2024,Sep,Dhaka,Manikganj,Wazuddin Traders,18
2024-09-30,2024,Sep,Dhaka,Narayanganj,York  Composite Ltd,25
2024-09-30,2024,Sep,Dhaka,Narayanganj,York Fashion Ltd.,37
2024-09-30,2024,Sep,South,Bhola,Zabbar Biswas Traders,13
2024-09-30,2024,Sep,Dhaka,Dhaka,Zaman Traders ( Savar),5
2024-10-31,2024,Oct,Dhaka,Dhaka,A.R Corporation,43
2024-10-31,2024,Oct,Dhaka,Dhaka,Abir Enterprise,12
2024-10-31,2024,Oct,South,Barguna,Agrani Traders,13
2024-10-31,2024,Oct,North East,Dhaka,AK Developers Ltd.,6
2024-10-31,2024,Oct,Dhaka,Dhaka,Al Baraka Steel Corporation- Mirpur,25
2024-10-31,2024,Oct,North,Rajshahi,Al Manar Steel,104
2024-10-31,2024,Oct,Dhaka,Dhaka,Amin and Brother,4
2024-10-31,2024,Oct,Dhaka,Gazipur,Arifa Enterprise,46
2024-10-31,2024,Oct,Dhaka,Dhaka,Arowa Traders,493
2024-10-31,2024,Oct,Dhaka,Dhaka,Bangladesh Shishu Kallyan Porishod (BCCW),15
2024-10-31,2024,Oct,North,Kurigram,Bhai Bhai Trading,26
2024-10-31,2024,Oct,Dhaka,Dhaka,Bismillah Traders-Dhaka,96
2024-10-31,2024,Oct,Dhaka,Dhaka,Capital Builders,20
2024-10-31,2024,Oct,North East,Feni,Desh Agency,12
2024-10-31,2024,Oct,South,Kushtia,Dhaka Steel,13
2024-10-31,2024,Oct,Dhaka,Gazipur,Dhaka Trade Centre,17
2024-10-31,2024,Oct,North East,Mymensingh,F.S Enterprise,110
2024-10-31,2024,Oct,North,Kurigram,Farhad and Brothers,26
2024-10-31,2024,Oct,Dhaka,Dhaka,Farid Enterprise,8
2024-10-31,2024,Oct,Dhaka,Manikganj,Faruk and Brothers,66
2024-10-31,2024,Oct,North,Dinajpur,Gausheyz Ventores,26
2024-10-31,2024,Oct,Dhaka,Dhaka,Gawsia Enterprise,81
2024-10-31,2024,Oct,Dhaka,Gazipur,Giash Steel,22
2024-10-31,2024,Oct,South,Faridpur,Habib Enterprise (Faridpur),26
2024-10-31,2024,Oct,Dhaka,Gazipur,Haji Enterprise - Gazipur,46
2024-10-31,2024,Oct,North,Bogura,Hannan Traders,39
2024-10-31,2024,Oct,North,Tangail,Harun Enterprise,92
2024-10-31,2024,Oct,Dhaka,Dhaka,Hobigonj Traders,14
2024-10-31,2024,Oct,Dhaka,Dhaka,Howlader Enterprise,56
2024-10-31,2024,Oct,North,Rangpur,Imarat Trading,51
2024-10-31,2024,Oct,South,Faridpur,Jaseka Traders,39
2024-10-31,2024,Oct,North,Tangail,Joy Joya Enterprise,52
2024-10-31,2024,Oct,Dhaka,Gazipur,Kamrul Trading Corporation,1
2024-10-31,2024,Oct,Dhaka,Gazipur,Kashem and Sons,12
2024-10-31,2024,Oct,Dhaka,Dhaka,Khan Enterprise,106
2024-10-31,2024,Oct,South,Khulna,Khan Traders -Khulna,13
2024-10-31,2024,Oct,South,Madaripur,Khan Traders- Madaripur,13
2024-10-31,2024,Oct,Dhaka,Gazipur,Khurshida Builders,83
2024-10-31,2024,Oct,Dhaka,Dhaka,Kolatia Traders,4
2024-10-31,2024,Oct,Dhaka,Gazipur,Konabari Trade Center,10
2024-10-31,2024,Oct,North,Nilphamari,L.N Trading Co.,13
2024-10-31,2024,Oct,Dhaka,Dhaka,M/S Adil Enterprise,16
2024-10-31,2024,Oct,South,Jashore,M/S Azim Shah Traders,14
2024-10-31,2024,Oct,Dhaka,Dhaka,M/S Bhai Bhai Traders and Engineering Works,6
2024-10-31,2024,Oct,North East,Noakhali,M/S Bhuiyan Traders-Noakhali,13
2024-10-31,2024,Oct,South,Jhenaidah,M/S Bondhu Enterprise,65
2024-10-31,2024,Oct,South,Bhola,M/S H Rahman and Son's,13
2024-10-31,2024,Oct,Dhaka,Dhaka,M/S Haque and Hasan Traders,7
2024-10-31,2024,Oct,Dhaka,Dhaka,M/S Hazi Sarif Munshi Traders,11
2024-10-31,2024,Oct,South,Faridpur,M/S Khaza Traders,13
2024-10-31,2024,Oct,South,Gopalganj,M/S Linkon Enterprise,13
2024-10-31,2024,Oct,South,Jhalokati,M/S Mary Suppliers and Mary Bricks,20
2024-10-31,2024,Oct,Dhaka,Gazipur,M/S Mawna Builders,36
2024-10-31,2024,Oct,Dhaka,Gazipur,M/s Midul Enterprise,28
2024-10-31,2024,Oct,North,Naogaon,M/S Parvez Trading-Naogaon,42
2024-10-31,2024,Oct,South,Gopalganj,M/s Porosh Enterprise,40
2024-10-31,2024,Oct,Dhaka,Gazipur,M/S R.B Steel and Co.,25
2024-10-31,2024,Oct,Dhaka,Gazipur,M/S Rana Enterprise,27
2024-10-31,2024,Oct,North,Pabna,M/S Samir Traders,78
2024-10-31,2024,Oct,North,Bogura,M/S Sazid Traders,13
2024-10-31,2024,Oct,South,Patuakhali,M/S. Abul Kalam Azad,14
2024-10-31,2024,Oct,North,Bogura,M/S. Bushra Traders,104
2024-10-31,2024,Oct,South,Khulna,M/S. M. A Traders (Dr.),54
2024-10-31,2024,Oct,South,Barishal,M/S. Mahabub Traders,13
2024-10-31,2024,Oct,North,Bogura,M/S. Mukta Traders,13
2024-10-31,2024,Oct,Dhaka,Dhaka,M/S. Rayhan Enterprise,55
2024-10-31,2024,Oct,South,Narail,M/S. Sikdar Enterprise- Norail,13
2024-10-31,2024,Oct,Dhaka,Gazipur,M/S. Tosher Enterprise,19
2024-10-31,2024,Oct,North,Rangpur,M/S. Zaman Traders-Rangpur,78
2024-10-31,2024,Oct,North East,Cumilla,M/S-Laksam Trading Corporation,12
2024-10-31,2024,Oct,North East,Feni,Madani Traders,39
2024-10-31,2024,Oct,Dhaka,Dhaka,Mahadi Design and Construction,5
2024-10-31,2024,Oct,South,Jashore,Mahiya Kabir Corporation,52
2024-10-31,2024,Oct,Dhaka,Dhaka,Makkah Traders,52
2024-10-31,2024,Oct,Dhaka,Gazipur,Mamun Enterprise-Gazipur,112
2024-10-31,2024,Oct,North,Pabna,Mamun Traders-Pabna,13
2024-10-31,2024,Oct,South,Barishal,Masud Enterprise,20
2024-10-31,2024,Oct,Dhaka,Dhaka,Maysha Color Bank,3
2024-10-31,2024,Oct,Dhaka,Dhaka,MD. Alamgir Hossain,10
2024-10-31,2024,Oct,Dhaka,Gazipur,Mim Enterprise,23
2024-10-31,2024,Oct,Dhaka,Dhaka,Misti Enterprise,4
2024-10-31,2024,Oct,North East,Jamalpur,Mizan and Son's,14
2024-10-31,2024,Oct,Dhaka,Dhaka,Modina Steel Corporation,98
2024-10-31,2024,Oct,North East,Sherpur,Mofazzal Enterprise,82
2024-10-31,2024,Oct,Dhaka,Dhaka,Mohammad Atik,5
2024-10-31,2024,Oct,South,Magura,Molla Banijjo Vander,13
2024-10-31,2024,Oct,North East,Cumilla,Molla Traders- Comilla,5
2024-10-31,2024,Oct,Dhaka,Gazipur,Mowchak Steel Corporation,9
2024-10-31,2024,Oct,Dhaka,Dhaka,Munshigonj Steel House,24
2024-10-31,2024,Oct,Dhaka,Dhaka,Nahar Steel,57
2024-10-31,2024,Oct,Dhaka,Dhaka,Nayeef Trading Corporation,5
2024-10-31,2024,Oct,South,Jhenaidah,Nazmul Traders- Jhenaidah,13
2024-10-31,2024,Oct,Dhaka,Dhaka,Popular Enterprise,4
2024-10-31,2024,Oct,South,Kushtia,R. Rahman Corporation,39
2024-10-31,2024,Oct,South,Madaripur,R. S Enterprise-Madaripur,13
2024-10-31,2024,Oct,Dhaka,Narayanganj,R.S Enterprise,96
2024-10-31,2024,Oct,North East,Narsingdi,Rahman Steel House,55
2024-10-31,2024,Oct,South,Jashore,Razzaque Steel House,96
2024-10-31,2024,Oct,South,Kushtia,Salam and Sons,65
2024-10-31,2024,Oct,South,Kushtia,Saleha Traders,91
2024-10-31,2024,Oct,South,Narail,Shahin Traders - Narail,28
2024-10-31,2024,Oct,South,Magura,Sharif Steel  Corner,26
2024-10-31,2024,Oct,North,Pabna,Sikder Traders (Pabna),13
2024-10-31,2024,Oct,Dhaka,Manikganj,Singair Alfi Trade Link.,7
2024-10-31,2024,Oct,North,Gaibandha,Sorif Traders,13
2024-10-31,2024,Oct,Dhaka,Gazipur,Suma Enterprise - Sofipur,14
2024-10-31,2024,Oct,North,Rangpur,T.S.Enterprise(Rangpur),39
2024-10-31,2024,Oct,North,Rajshahi,Tariq  Enterprise,26
2024-10-31,2024,Oct,Dhaka,Dhaka,Texsas Engineering Co. Ltd.,24
2024-10-31,2024,Oct,Dhaka,Dhaka,The Barik Brothers,360
2024-10-31,2024,Oct,Dhaka,Dhaka,"Tipu and Co.( Rayerbag, Jatrabari)",27
2024-10-31,2024,Oct,North,Sirajganj,Ullapara Variety Store,12
2024-10-31,2024,Oct,Dhaka,Manikganj,Wazuddin Traders,12
2024-10-31,2024,Oct,South,Bhola,Zabbar Biswas Traders,13
2024-10-31,2024,Oct,Dhaka,Dhaka,Zaman Traders ( Savar),6
2024-11-30,2024,Nov,Dhaka,Dhaka,A.R Corporation,65
2024-11-30,2024,Nov,South,Khulna,Abdur Razzak Aziz- Khulna,35
2024-11-30,2024,Nov,Dhaka,Dhaka,Abir Enterprise,40
2024-11-30,2024,Nov,South,Barguna,Agrani Traders,13
2024-11-30,2024,Nov,North,Bogura,Ahmed Traders-Bogra,13
2024-11-30,2024,Nov,North East,Dhaka,AK Developers Ltd.,5
2024-11-30,2024,Nov,Dhaka,Dhaka,Al Baraka Steel Corporation- Mirpur,21
2024-11-30,2024,Nov,North,Rajshahi,Al Manar Steel,117
2024-11-30,2024,Nov,Dhaka,Dhaka,Amin and Brother,5
2024-11-30,2024,Nov,South,Shariatpur,Amin Store,13
2024-11-30,2024,Nov,South,Rajbari,Anwar Traders,13
2024-11-30,2024,Nov,Dhaka,Gazipur,Arifa Enterprise,25
2024-11-30,2024,Nov,Dhaka,Dhaka,Arowa Traders,670
2024-11-30,2024,Nov,North East,Chandpur,Aziz Brothers,13
2024-11-30,2024,Nov,Dhaka,Dhaka,Bangladesh Shishu Kallyan Porishod (BCCW),10
2024-11-30,2024,Nov,South,Barishal,Barishal Iron House,14
2024-11-30,2024,Nov,North,Rangpur,Bengal and Company,13
2024-11-30,2024,Nov,North,Kurigram,Bhai Bhai Trading,13
2024-11-30,2024,Nov,Dhaka,Dhaka,Bismillah Traders-Dhaka,98
2024-11-30,2024,Nov,South,Chuadanga,Brothers Traders,26
2024-11-30,2024,Nov,Dhaka,Dhaka,Capital Builders,4
2024-11-30,2024,Nov,North,Pabna,D.K Traders,26
2024-11-30,2024,Nov,South,Kushtia,Dhaka Steel,26
2024-11-30,2024,Nov,Dhaka,Gazipur,Dhaka Trade Centre,40
2024-11-30,2024,Nov,North,Naogaon,Dipak Kumar Deb,13
2024-11-30,2024,Nov,South,Jhenaidah,Emon Enterprise,13
2024-11-30,2024,Nov,Dhaka,Gazipur,Evan Enterprise,10
2024-11-30,2024,Nov,North East,Mymensingh,F.S Enterprise,246
2024-11-30,2024,Nov,North,Kurigram,Farhad and Brothers,13
2024-11-30,2024,Nov,Dhaka,Dhaka,Farid Enterprise,9
2024-11-30,2024,Nov,Dhaka,Manikganj,Faruk and Brothers,114
2024-11-30,2024,Nov,Dhaka,Dhaka,Feni Traders,23
2024-11-30,2024,Nov,North,Dinajpur,Gausheyz Ventores,13
2024-11-30,2024,Nov,Dhaka,Dhaka,Gawsia Enterprise,267
2024-11-30,2024,Nov,Dhaka,Gazipur,Giash Steel,11
2024-11-30,2024,Nov,South,Faridpur,Habib Enterprise (Faridpur),39
2024-11-30,2024,Nov,Dhaka,Gazipur,Haji Enterprise - Gazipur,64
2024-11-30,2024,Nov,North,Bogura,Hannan Traders,13
2024-11-30,2024,Nov,North,Tangail,Harun Enterprise,78
2024-11-30,2024,Nov,Dhaka,Dhaka,Hobigonj Traders,77
2024-11-30,2024,Nov,Dhaka,Dhaka,Howlader Enterprise,96
2024-11-30,2024,Nov,Dhaka,Narayanganj,Ikhwan Construction,4
2024-11-30,2024,Nov,North,Rangpur,Imarat Trading,36
2024-11-30,2024,Nov,South,Faridpur,Jaseka Traders,78
2024-11-30,2024,Nov,North East,Noakhali,Jashim Steel House,13
2024-11-30,2024,Nov,North,Tangail,Joy Joya Enterprise,117
2024-11-30,2024,Nov,Dhaka,Gazipur,Kamrul Trading Corporation,18
2024-11-30,2024,Nov,Dhaka,Gazipur,Kashem and Sons,13
2024-11-30,2024,Nov,North East,Noakhali,Kashem Traders (Noakhali),13
2024-11-30,2024,Nov,Dhaka,Dhaka,Khan Enterprise,141
2024-11-30,2024,Nov,South,Madaripur,Khan Traders- Madaripur,13
2024-11-30,2024,Nov,Dhaka,Gazipur,Khurshida Builders,148
2024-11-30,2024,Nov,Dhaka,Dhaka,Kolatia Traders,8
2024-11-30,2024,Nov,North,Nilphamari,L.N Trading Co.,52
2024-11-30,2024,Nov,South,Patuakhali,Lila Enterprise,13
2024-11-30,2024,Nov,Dhaka,Dhaka,Lotus Steel Corporation,15
2024-11-30,2024,Nov,South,Chuadanga,M/S - Younus Hardware,13
2024-11-30,2024,Nov,North,Sirajganj,M/S Abdus Samad Khan,52
2024-11-30,2024,Nov,Dhaka,Dhaka,M/S Adil Enterprise,5
2024-11-30,2024,Nov,Dhaka,Gazipur,M/S Arif Traders,18
2024-11-30,2024,Nov,South,Jashore,M/S Azim Shah Traders,20
2024-11-30,2024,Nov,South,Jashore,M/S Babu Traders,14
2024-11-30,2024,Nov,North East,Noakhali,M/S Bhuiyan Traders-Noakhali,14
2024-11-30,2024,Nov,South,Jhenaidah,M/S Bondhu Enterprise,86
2024-11-30,2024,Nov,South,Bhola,M/S H Rahman and Son's,56
2024-11-30,2024,Nov,North East,Cumilla,M/S Hanif Enterprise,8
2024-11-30,2024,Nov,Dhaka,Dhaka,M/S Hazi Sarif Munshi Traders,9
2024-11-30,2024,Nov,South,Faridpur,M/S Khaza Traders,30
2024-11-30,2024,Nov,South,Jhalokati,M/S Mary Suppliers and Mary Bricks,27
2024-11-30,2024,Nov,Dhaka,Gazipur,M/S Mawna Builders,41
2024-11-30,2024,Nov,North,Tangail,M/S Maya Traders,14
2024-11-30,2024,Nov,Dhaka,Gazipur,M/s Midul Enterprise,23
2024-11-30,2024,Nov,North East,Cumilla,M/S Molla Traders-Chouddogram,17
2024-11-30,2024,Nov,South,Pirojpur,M/S New Hope Traders,27
2024-11-30,2024,Nov,South,Faridpur,M/S Nur Mahidi Nerman Vander,26
2024-11-30,2024,Nov,North East,Lakshmipur,M/S Parvez Enterprise,19
2024-11-30,2024,Nov,North,Naogaon,M/S Parvez Trading-Naogaon,84
2024-11-30,2024,Nov,South,Gopalganj,M/s Porosh Enterprise,63
2024-11-30,2024,Nov,Dhaka,Gazipur,M/S R.B Steel and Co.,6
2024-11-30,2024,Nov,Dhaka,Gazipur,M/S Rana Enterprise,37
2024-11-30,2024,Nov,North,Pabna,M/S Samir Traders,52
2024-11-30,2024,Nov,Dhaka,Dhaka,M/S Zam Zam Trading (Dhaka),11
2024-11-30,2024,Nov,North,Rangpur,M/S. Billah Traders,14
2024-11-30,2024,Nov,North,Bogura,M/S. Bushra Traders,171
2024-11-30,2024,Nov,South,Barguna,M/S. Karim Builders,19
2024-11-30,2024,Nov,South,Khulna,M/S. M. A Traders (Dr.),13
2024-11-30,2024,Nov,South,Barishal,M/S. Mahabub Traders,20
2024-11-30,2024,Nov,Dhaka,Narayanganj,M/S. MUKTA ENTERPRISE-N.GONJ,5
2024-11-30,2024,Nov,North,Bogura,M/S. Mukta Traders,13
2024-11-30,2024,Nov,Dhaka,Dhaka,M/S. Rayhan Enterprise,176
2024-11-30,2024,Nov,Dhaka,Dhaka,M/S. Sawon Enterprise-Savar,3
2024-11-30,2024,Nov,South,Gopalganj,M/S. Sharif Enterprise,22
2024-11-30,2024,Nov,South,Narail,M/S. Sikdar Enterprise- Norail,13
2024-11-30,2024,Nov,Dhaka,Gazipur,M/S. Tosher Enterprise,54
2024-11-30,2024,Nov,North,Rangpur,M/S. Zaman Traders-Rangpur,181
2024-11-30,2024,Nov,North East,Cumilla,M/S-Laksam Trading Corporation,12
2024-11-30,2024,Nov,North East,Feni,Madani Traders,13
2024-11-30,2024,Nov,South,Shariatpur,Madbor Enterprise,13
2024-11-30,2024,Nov,Dhaka,Dhaka,Mahadi Design and Construction,19
2024-11-30,2024,Nov,South,Jashore,Mahiya Kabir Corporation,26
2024-11-30,2024,Nov,Dhaka,Narayanganj,Major Md. Shafiqur Rahman (Retd),5
2024-11-30,2024,Nov,Dhaka,Dhaka,Makkah Traders,155
2024-11-30,2024,Nov,Dhaka,Gazipur,Mamun Enterprise-Gazipur,156
2024-11-30,2024,Nov,North,Pabna,Mamun Traders-Pabna,52
2024-11-30,2024,Nov,North,Bogura,Master Traders (Shantahar),26
2024-11-30,2024,Nov,Dhaka,Dhaka,MD. Alamgir Hossain,5
2024-11-30,2024,Nov,Dhaka,Dhaka,Md. Hassan Kalu,3
2024-11-30,2024,Nov,Dhaka,Gazipur,Mim Enterprise,34
2024-11-30,2024,Nov,North East,Jamalpur,Mizan and Son's,11
2024-11-30,2024,Nov,Dhaka,Dhaka,Modina Steel Corporation,82
2024-11-30,2024,Nov,North East,Sherpur,Mofazzal Enterprise,37
2024-11-30,2024,Nov,South,Magura,Molla Banijjo Vander,13
2024-11-30,2024,Nov,North East,Cumilla,Molla Traders- Comilla,32
2024-11-30,2024,Nov,Dhaka,Dhaka,Munshigonj Steel House,24
2024-11-30,2024,Nov,North,Pabna,"Nabi Traders (Ishawrdi,  Pabna)",13
2024-11-30,2024,Nov,Dhaka,Dhaka,Nahar Steel,70
2024-11-30,2024,Nov,Dhaka,Dhaka,Nayeef Trading Corporation,5
2024-11-30,2024,Nov,South,Jhenaidah,Nazmul Traders- Jhenaidah,13
2024-11-30,2024,Nov,Dhaka,Dhaka,New Sharmin Enterprise,7
2024-11-30,2024,Nov,Dhaka,Dhaka,Niloy Enterprise,4
2024-11-30,2024,Nov,Dhaka,Dhaka,Popular Enterprise,16
2024-11-30,2024,Nov,South,Kushtia,R. Rahman Corporation,78
2024-11-30,2024,Nov,Dhaka,Narayanganj,R.S Enterprise,127
2024-11-30,2024,Nov,North East,Narsingdi,Rahman Steel House,55
2024-11-30,2024,Nov,South,Jashore,Razzaque Steel House,104
2024-11-30,2024,Nov,South,Patuakhali,Rema Enterprise,27
2024-11-30,2024,Nov,Dhaka,Gazipur,Ridwan Traders,17
2024-11-30,2024,Nov,Dhaka,Gazipur,S T Enterprise,12
2024-11-30,2024,Nov,South,Kushtia,Salam and Sons,52
2024-11-30,2024,Nov,South,Kushtia,Saleha Traders,52
2024-11-30,2024,Nov,South,Shariatpur,Seba Trading Corporation,26
2024-11-30,2024,Nov,North,Rangpur,Shah Md Ashrafudulla,26
2024-11-30,2024,Nov,South,Narail,Shahin Traders - Narail,28
2024-11-30,2024,Nov,South,Khulna,Sharif and Co,14
2024-11-30,2024,Nov,Dhaka,Dhaka,Sikder Enterprise (Keranigonj),12
2024-11-30,2024,Nov,North,Pabna,Sikder Traders (Pabna),13
2024-11-30,2024,Nov,Dhaka,Manikganj,Singair Alfi Trade Link.,4
2024-11-30,2024,Nov,North,Nilphamari,Sourov Traders,26
2024-11-30,2024,Nov,Dhaka,Gazipur,Suma Enterprise - Sofipur,36
2024-11-30,2024,Nov,North,Rangpur,T.S.Enterprise(Rangpur),65
2024-11-30,2024,Nov,North,Rajshahi,Tariq  Enterprise,78
2024-11-30,2024,Nov,Dhaka,Dhaka,Texsas Engineering Co. Ltd.,30
2024-11-30,2024,Nov,Dhaka,Dhaka,The Barik Brothers,607
2024-11-30,2024,Nov,Dhaka,Dhaka,"Tipu and Co.( Rayerbag, Jatrabari)",35
2024-11-30,2024,Nov,South,Meherpur,Tohmina Engineering Workshop,13
2024-11-30,2024,Nov,North,Sirajganj,Ullapara Variety Store,27
2024-11-30,2024,Nov,Dhaka,Manikganj,Wazuddin Traders,21
2024-11-30,2024,Nov,North East,Noakhali,Yeasin Traders,13
2024-11-30,2024,Nov,Dhaka,Narayanganj,York  Composite Ltd,24
2024-11-30,2024,Nov,Dhaka,Dhaka,Younus Traders,21
2024-11-30,2024,Nov,South,Bhola,Zabbar Biswas Traders,48
2024-12-31,2024,Dec,Dhaka,Dhaka,A.R Corporation,49
2024-12-31,2024,Dec,Dhaka,Dhaka,Abir Enterprise,10
2024-12-31,2024,Dec,South,Barguna,Agrani Traders,22
2024-12-31,2024,Dec,Dhaka,Dhaka,Akhter Traders,6
2024-12-31,2024,Dec,Dhaka,Dhaka,Al Baraka Steel Corporation- Mirpur,27
2024-12-31,2024,Dec,North,Rajshahi,Al Manar Steel,91
2024-12-31,2024,Dec,South,Rajbari,Anwar Traders,14
2024-12-31,2024,Dec,Dhaka,Gazipur,Arifa Enterprise,41
2024-12-31,2024,Dec,Dhaka,Dhaka,Arowa Traders,719
2024-12-31,2024,Dec,Dhaka,Dhaka,Ashiyan Education Ltd.,7
2024-12-31,2024,Dec,Dhaka,Dhaka,Bangladesh Shishu Kallyan Porishod (BCCW),22
2024-12-31,2024,Dec,North,Kurigram,Bhai Bhai Trading,13
2024-12-31,2024,Dec,Dhaka,Dhaka,Bismillah Traders-Dhaka,88
2024-12-31,2024,Dec,South,Chuadanga,Brothers Traders,26
2024-12-31,2024,Dec,South,Kushtia,Dhaka Steel,26
2024-12-31,2024,Dec,Dhaka,Gazipur,Dhaka Trade Centre,4
2024-12-31,2024,Dec,North East,Mymensingh,F.S Enterprise,100
2024-12-31,2024,Dec,North,Kurigram,Farhad and Brothers,13
2024-12-31,2024,Dec,Dhaka,Dhaka,Farid Enterprise,19
2024-12-31,2024,Dec,Dhaka,Manikganj,Faruk and Brothers,99
2024-12-31,2024,Dec,Dhaka,Dhaka,Feni Traders,5
2024-12-31,2024,Dec,Dhaka,Dhaka,Gawsia Enterprise,202
2024-12-31,2024,Dec,Dhaka,Gazipur,Giash Steel,29
2024-12-31,2024,Dec,South,Faridpur,Habib Enterprise (Faridpur),39
2024-12-31,2024,Dec,Dhaka,Gazipur,Haji Enterprise - Gazipur,30
2024-12-31,2024,Dec,North,Bogura,Hannan Traders,12
2024-12-31,2024,Dec,North,Tangail,Harun Enterprise,136
2024-12-31,2024,Dec,Dhaka,Dhaka,Hobigonj Traders,24
2024-12-31,2024,Dec,Dhaka,Dhaka,Howlader Enterprise,105
2024-12-31,2024,Dec,Dhaka,Narayanganj,Ikhwan Construction,15
2024-12-31,2024,Dec,North,Rangpur,Imarat Trading,26
2024-12-31,2024,Dec,South,Faridpur,Jaseka Traders,52
2024-12-31,2024,Dec,North East,Noakhali,Jashim Steel House,13
2024-12-31,2024,Dec,North,Tangail,Joy Joya Enterprise,64
2024-12-31,2024,Dec,Dhaka,Gazipur,Kamrul Trading Corporation,10
2024-12-31,2024,Dec,Dhaka,Gazipur,Kashem and Sons,14
2024-12-31,2024,Dec,Dhaka,Dhaka,Khan Enterprise,159
2024-12-31,2024,Dec,South,Khulna,Khan Traders -Khulna,13
2024-12-31,2024,Dec,Dhaka,Gazipur,Khurshida Builders,142
2024-12-31,2024,Dec,Dhaka,Dhaka,Kolatia Traders,4
2024-12-31,2024,Dec,North,Nilphamari,L.N Trading Co.,26
2024-12-31,2024,Dec,North,Sirajganj,M/S Abdus Samad Khan,26
2024-12-31,2024,Dec,Dhaka,Dhaka,M/S Adil Enterprise,11
2024-12-31,2024,Dec,Dhaka,Narayanganj,M/S Alam and Sons Departmental Store,6
2024-12-31,2024,Dec,Dhaka,Gazipur,M/S Arif Traders,10
2024-12-31,2024,Dec,South,Jashore,M/S Azim Shah Traders,14
2024-12-31,2024,Dec,South,Jhenaidah,M/S Bondhu Enterprise,78
2024-12-31,2024,Dec,Dhaka,Dhaka,M/S Hazi Sarif Munshi Traders,7
2024-12-31,2024,Dec,Dhaka,Gazipur,M/S Mawna Builders,53
2024-12-31,2024,Dec,North,Tangail,M/S Maya Traders,6
2024-12-31,2024,Dec,Dhaka,Gazipur,M/s Midul Enterprise,31
2024-12-31,2024,Dec,South,Pirojpur,M/S New Hope Traders,13
2024-12-31,2024,Dec,South,Faridpur,M/S Nur Mahidi Nerman Vander,20
2024-12-31,2024,Dec,North East,Lakshmipur,M/S Parvez Enterprise,6
2024-12-31,2024,Dec,North,Naogaon,M/S Parvez Trading-Naogaon,70
2024-12-31,2024,Dec,South,Gopalganj,M/s Porosh Enterprise,54
2024-12-31,2024,Dec,Dhaka,Gazipur,M/S R.B Steel and Co.,28
2024-12-31,2024,Dec,Dhaka,Gazipur,M/S Rana Enterprise,30
2024-12-31,2024,Dec,North,Pabna,M/S Samir Traders,65
2024-12-31,2024,Dec,Dhaka,Dhaka,M/S Zam Zam Trading (Dhaka),5
2024-12-31,2024,Dec,South,Patuakhali,M/S. Abul Kalam Azad,40
2024-12-31,2024,Dec,North,Bogura,M/S. Bushra Traders,105
2024-12-31,2024,Dec,North East,Dhaka,M/S. Engineer Builders,60
2024-12-31,2024,Dec,South,Khulna,M/S. M. A Traders (Dr.),27
2024-12-31,2024,Dec,Dhaka,Narayanganj,M/S. MUKTA ENTERPRISE-N.GONJ,9
2024-12-31,2024,Dec,North,Bogura,M/S. Mukta Traders,13
2024-12-31,2024,Dec,Dhaka,Dhaka,M/S. Rayhan Enterprise,76
2024-12-31,2024,Dec,Dhaka,Dhaka,M/S. Sawon Enterprise-Savar,3
2024-12-31,2024,Dec,Dhaka,Gazipur,M/S. Tosher Enterprise,5
2024-12-31,2024,Dec,North,Rangpur,M/S. Zaman Traders-Rangpur,79
2024-12-31,2024,Dec,North East,Cumilla,M/S-Laksam Trading Corporation,40
2024-12-31,2024,Dec,North East,Feni,Madani Traders,26
2024-12-31,2024,Dec,Dhaka,Dhaka,Mahadi Design and Construction,16
2024-12-31,2024,Dec,South,Jashore,Mahiya Kabir Corporation,27
2024-12-31,2024,Dec,Dhaka,Dhaka,Makkah Traders,70
2024-12-31,2024,Dec,Dhaka,Gazipur,Mamun Enterprise-Gazipur,123
2024-12-31,2024,Dec,Dhaka,Dhaka,Md. Hassan Kalu,6
2024-12-31,2024,Dec,Dhaka,Dhaka,Mega Ventures,16
2024-12-31,2024,Dec,Dhaka,Dhaka,Mehram Warehouses Ltd,7
2024-12-31,2024,Dec,Dhaka,Gazipur,Mim Enterprise,38
2024-12-31,2024,Dec,Dhaka,Dhaka,Misti Enterprise,15
2024-12-31,2024,Dec,Dhaka,Dhaka,Modina Steel Corporation,73
2024-12-31,2024,Dec,North East,Sherpur,Mofazzal Enterprise,42
2024-12-31,2024,Dec,Dhaka,Dhaka,Mohammad Atik,5
2024-12-31,2024,Dec,North East,Cumilla,Molla Traders- Comilla,17
2024-12-31,2024,Dec,Dhaka,Gazipur,Mowchak Steel Corporation,7
2024-12-31,2024,Dec,North East,Chandpur,MS.Billal Traders-Chandpur,7
2024-12-31,2024,Dec,Dhaka,Dhaka,Munshigonj Steel House,17
2024-12-31,2024,Dec,Dhaka,Dhaka,Nahar Steel,78
2024-12-31,2024,Dec,Dhaka,Dhaka,Nasrin Enterprise,5
2024-12-31,2024,Dec,Dhaka,Dhaka,Nayeef Trading Corporation,5
2024-12-31,2024,Dec,South,Jhenaidah,Nazmul Traders- Jhenaidah,13
2024-12-31,2024,Dec,Dhaka,Dhaka,New Sharmin Enterprise,6
2024-12-31,2024,Dec,Dhaka,Dhaka,Popular Enterprise,26
2024-12-31,2024,Dec,South,Kushtia,R. Rahman Corporation,78
2024-12-31,2024,Dec,Dhaka,Narayanganj,R.S Enterprise,90
2024-12-31,2024,Dec,North East,Chandpur,Rabbi Traders,19
2024-12-31,2024,Dec,North East,Narsingdi,Rahman Steel House,56
2024-12-31,2024,Dec,South,Jashore,Razzaque Steel House,83
2024-12-31,2024,Dec,South,Patuakhali,Rema Enterprise,27
2024-12-31,2024,Dec,Dhaka,Gazipur,Ridwan Traders,35
2024-12-31,2024,Dec,Dhaka,Gazipur,S T Enterprise,7
2024-12-31,2024,Dec,South,Kushtia,Salam and Sons,78
2024-12-31,2024,Dec,North,Rangpur,Shah Md Ashrafudulla,26
2024-12-31,2024,Dec,South,Narail,Shahin Traders - Narail,36
2024-12-31,2024,Dec,South,Magura,Sharif Steel  Corner,13
2024-12-31,2024,Dec,North,Pabna,Sikder Traders (Pabna),13
2024-12-31,2024,Dec,Dhaka,Manikganj,Singair Alfi Trade Link.,5
2024-12-31,2024,Dec,North,Nilphamari,Sourov Traders,26
2024-12-31,2024,Dec,Dhaka,Gazipur,Suma Enterprise - Sofipur,21
2024-12-31,2024,Dec,North,Rangpur,T.S.Enterprise(Rangpur),13
2024-12-31,2024,Dec,North,Rajshahi,Tariq  Enterprise,13
2024-12-31,2024,Dec,Dhaka,Dhaka,The Barik Brothers,549
2024-12-31,2024,Dec,Dhaka,Dhaka,"Tipu and Co.( Rayerbag, Jatrabari)",40
2024-12-31,2024,Dec,North,Sirajganj,Ullapara Variety Store,40
2024-12-31,2024,Dec,Dhaka,Manikganj,Wazuddin Traders,16
2024-12-31,2024,Dec,Dhaka,Narayanganj,York Fashion Ltd.,31
2024-12-31,2024,Dec,Dhaka,Dhaka,Younus Traders,19
2024-12-31,2024,Dec,South,Bhola,Zabbar Biswas Traders,26
2024-12-31,2024,Dec,Dhaka,Dhaka,Zaman Traders ( Savar),2
2025-01-31,2025,Jan,North East,Narsingdi,3D Comet Design & Consultant,0
2025-01-31,2025,Jan,North,Lalmonirhat,Abdul Hakim,0
2025-01-31,2025,Jan,North,Tangail,Abdul Malek - Rangpur,0
2025-01-31,2025,Jan,North,Dinajpur,Abdur Rauf-Dinajpur,0
2025-01-31,2025,Jan,South,Khulna,Abdur Razzak Aziz- Khulna,0
2025-01-31,2025,Jan,South,Shariatpur,Abdus Salam Farazi,0
2025-01-31,2025,Jan,North East,Sylhet,Abdus Shohid Construction,0
2025-01-31,2025,Jan,Dhaka,Dhaka,Abir Enterprise,23
2025-01-31,2025,Jan,North,Bogura,ABK Krishi Beez Himagar,0
2025-01-31,2025,Jan,South,Pirojpur,A.B.L.Builders,0
2025-01-31,2025,Jan,North,Pabna,Abul Hossain Traders,0
2025-01-31,2025,Jan,South,Barguna,Agrani Traders,13
2025-01-31,2025,Jan,South,Khulna,Ahad Enterprise,0
2025-01-31,2025,Jan,North East,Narsingdi,Ahasan Store,0
2025-01-31,2025,Jan,North,Chapainawabganj,Ahmed Store- C. Gonj,0
2025-01-31,2025,Jan,North,Bogura,Ahmed Traders-Bogra,0
2025-01-31,2025,Jan,North,Pabna,Ahsan Trading,0
2025-01-31,2025,Jan,North East,Dhaka,AK Developers Ltd.,0
2025-01-31,2025,Jan,North East,Sylhet,A.K Enterprise (Sylhet),0
2025-01-31,2025,Jan,Dhaka,Dhaka,Akhter Traders,0
2025-01-31,2025,Jan,North,Bogura,Akkash Ali Traders,0
2025-01-31,2025,Jan,North,Bogura,Alam and Brothers,0
2025-01-31,2025,Jan,South,Patuakhali,Al-Amin Traders-Patuakhali,0
2025-01-31,2025,Jan,North,Tangail,Alam Motors,0
2025-01-31,2025,Jan,South,Faridpur,Al-Bagdad Iron Steel- Faridpur,0
2025-01-31,2025,Jan,Dhaka,Dhaka,Al Baraka Steel Corporation- Mirpur,8
2025-01-31,2025,Jan,North East,Brahmanbaria,Al Ekram Traders,0
2025-01-31,2025,Jan,North,Rangpur,Alhaj Atiar Rahman,0
2025-01-31,2025,Jan,North,Dinajpur,Al Haj Traders,0
2025-01-31,2025,Jan,North East,Feni,Al Haj Zakir Enterprise,13
2025-01-31,2025,Jan,South,Bagerhat,Allahardan Enterprise-Bagerhat,0
2025-01-31,2025,Jan,South,Satkhira,Allahardan  Hardware,0
2025-01-31,2025,Jan,South,Satkhira,Allahar Dan Iron Store,0
2025-01-31,2025,Jan,North,Rajshahi,Al Manar Steel,143
2025-01-31,2025,Jan,Dhaka,Dhaka,Aman  Steel Corporation,0
2025-01-31,2025,Jan,North East,Jamalpur,Amena Enterprise-Jamalpur,0
2025-01-31,2025,Jan,Dhaka,Dhaka,Amin and Brother,5
2025-01-31,2025,Jan,South,Bagerhat,Amin Enterprise,0
2025-01-31,2025,Jan,South,Shariatpur,Amin Store,13
2025-01-31,2025,Jan,North East,Jamalpur,Amin Traders,0
2025-01-31,2025,Jan,South,Dhaka,Aminul Islam- Kustia,0
2025-01-31,2025,Jan,North,Tangail,Anny Construction,0
2025-01-31,2025,Jan,South,Satkhira,Anowar Trading,0
2025-01-31,2025,Jan,South,Rajbari,Anupam Nirmata,13
2025-01-31,2025,Jan,South,Rajbari,Anwar Traders,13
2025-01-31,2025,Jan,Dhaka,Dhaka,Arafah Development and Builders Ltd.,0
2025-01-31,2025,Jan,Dhaka,Dhaka,Arafat Trading,0
2025-01-31,2025,Jan,South,Khulna,Arafat Trading - Khulna,0
2025-01-31,2025,Jan,Dhaka,Narayanganj,AR Building Design and Construction,0
2025-01-31,2025,Jan,Dhaka,Dhaka,A.R Corporation,44
2025-01-31,2025,Jan,North East,Dhaka,ARF Trading International,0
2025-01-31,2025,Jan,Dhaka,Gazipur,Arifa Enterprise,11
2025-01-31,2025,Jan,South,Meherpur,Arif Enterprise,0
2025-01-31,2025,Jan,North,Sirajganj,Ariful Islam Traders,0
2025-01-31,2025,Jan,Dhaka,Dhaka,Arowa Traders,398
2025-01-31,2025,Jan,North,Dhaka,A.R. Trading (Rangpur),0
2025-01-31,2025,Jan,Dhaka,Gazipur,Ashik Traders,0
2025-01-31,2025,Jan,Dhaka,Dhaka,Ashiyan Education Ltd.,4
2025-01-31,2025,Jan,South,Barguna,Ashraful Enterprise,0
2025-01-31,2025,Jan,North,Dinajpur,Asma Traders,0
2025-01-31,2025,Jan,North East,Cumilla,A.Wohab and Sons,0
2025-01-31,2025,Jan,North East,Feni,Ayesha Enterprise,0
2025-01-31,2025,Jan,South,Shariatpur,Azad Traders - Soriotpur,0
2025-01-31,2025,Jan,North East,Chandpur,Aziz Brothers,0
2025-01-31,2025,Jan,South,Jhenaidah,Azizul Haque,0
2025-01-31,2025,Jan,Dhaka,Dhaka,Badsha Faisal Institute Madrasha,25
2025-01-31,2025,Jan,Dhaka,Dhaka,Bangladesh Shishu Kallyan Porishod (BCCW),20
2025-01-31,2025,Jan,South,Barishal,Barishal Iron House,0
2025-01-31,2025,Jan,North,Tangail,Basail Trading House,0
2025-01-31,2025,Jan,North East,Jamalpur,Bashonti Traders,0
2025-01-31,2025,Jan,North,Rangpur,Bengal and Company,0
2025-01-31,2025,Jan,South,Jashore,Bhai Bhai Enterprise,0
2025-01-31,2025,Jan,South,Madaripur,Bhai Bhai Traders - Madaripur,0
2025-01-31,2025,Jan,North,Kurigram,Bhai Bhai Trading,0
2025-01-31,2025,Jan,Dhaka,Gazipur,Bhai Bhon Enterprise,0
2025-01-31,2025,Jan,North,Tangail,Bhuiyan Traders- Mirzapur,0
2025-01-31,2025,Jan,South,Bagerhat,Bismillah Enterprise-Bagerhat,0
2025-01-31,2025,Jan,South,Magura,Bismillah Steel Corner,0
2025-01-31,2025,Jan,South,Khulna,Bismillah Steel House,0
2025-01-31,2025,Jan,Dhaka,Dhaka,Bismillah Traders-Dhaka,36
2025-01-31,2025,Jan,North East,Narsingdi,Bismillah Traders -Narsingdi,0
2025-01-31,2025,Jan,South,Satkhira,Bismillah Traders-Satkhira,0
2025-01-31,2025,Jan,North,Sirajganj,Borsha Enterprise,0
2025-01-31,2025,Jan,South,Dhaka,BRB Cable Industries Ltd. (Dr.),0
2025-01-31,2025,Jan,South,Kushtia,Bristy Traders,0
2025-01-31,2025,Jan,South,Chuadanga,Brothers Traders,13
2025-01-31,2025,Jan,Dhaka,Dhaka,Capital Builders,59
2025-01-31,2025,Jan,South,Patuakhali,Choudhory Enterprise,0
2025-01-31,2025,Jan,South,Patuakhali,Chowa Traders,0
2025-01-31,2025,Jan,North East,Sylhet,Chowdhury Trading,0
2025-01-31,2025,Jan,North,Tangail,Chunailal Traders,0
2025-01-31,2025,Jan,North East,Mymensingh,Community Health Foundation Bangladesh,11
2025-01-31,2025,Jan,North,Tangail,Das Traders,0
2025-01-31,2025,Jan,South,Gopalganj,Delwar and Brothers - Gopalgonj,0
2025-01-31,2025,Jan,North East,Feni,Desh Agency,0
2025-01-31,2025,Jan,South,Kushtia,Dhaka Steel,26
2025-01-31,2025,Jan,North,Pabna,Dhaka Steel King,0
2025-01-31,2025,Jan,Dhaka,Gazipur,Dhaka Trade Centre,3
2025-01-31,2025,Jan,North,Naogaon,Dipak Kumar Deb,0
2025-01-31,2025,Jan,Dhaka,Dhaka,Dipti Traders,0
2025-01-31,2025,Jan,North,Pabna,D.K Traders,13
2025-01-31,2025,Jan,North East,Chandpur,Doha Traders,0
2025-01-31,2025,Jan,North,Nilphamari,DOSHMILE TRADERS,0
2025-01-31,2025,Jan,North East,Mymensingh,Dulal Traders,0
2025-01-31,2025,Jan,North,Chapainawabganj,Emdadul Haque,0
2025-01-31,2025,Jan,South,Jhenaidah,Emon Enterprise,0
2025-01-31,2025,Jan,North,Dinajpur,Eng.Md.Mohsin Ali,0
2025-01-31,2025,Jan,North East,Cumilla,Engr. Shafiqul Islam Build and Consultancy,0
2025-01-31,2025,Jan,North East,Brahmanbaria,Eng. Suman Datta,0
2025-01-31,2025,Jan,Dhaka,Gazipur,Evan Enterprise,0
2025-01-31,2025,Jan,Dhaka,Dhaka,Fakir Chan Bepari and Sons,0
2025-01-31,2025,Jan,North,Kurigram,Farhad and Brothers,0
2025-01-31,2025,Jan,Dhaka,Dhaka,Farid Enterprise,20
2025-01-31,2025,Jan,Dhaka,Manikganj,Faruk and Brothers,118
2025-01-31,2025,Jan,South,Meherpur,Faruk Enterprise - Meherpur,0
2025-01-31,2025,Jan,Dhaka,Dhaka,Feni Traders,5
2025-01-31,2025,Jan,South,Meherpur,F.K Trade,0
2025-01-31,2025,Jan,North,Dhaka,F M Trading International,0
2025-01-31,2025,Jan,North East,Noakhali,Foyez Store,0
2025-01-31,2025,Jan,North East,Chattogram,Friends International,0
2025-01-31,2025,Jan,North East,Mymensingh,F.S Enterprise,86
2025-01-31,2025,Jan,North,Thakurgaon,Gallery Traders,0
2025-01-31,2025,Jan,South,Barishal,Gangashari Traders,0
2025-01-31,2025,Jan,North,Dinajpur,Gausheyz Ventores,26
2025-01-31,2025,Jan,Dhaka,Dhaka,Gawsia Enterprise,142
2025-01-31,2025,Jan,Dhaka,Gazipur,Giash Steel,15
2025-01-31,2025,Jan,South,Barguna,GM Ikfa Enterprise,0
2025-01-31,2025,Jan,North East,Cumilla,Grameen Traders,0
2025-01-31,2025,Jan,North East,Mymensingh,Greenland Developers (Pvt.)Ltd.,0
2025-01-31,2025,Jan,South,Faridpur,Habib Enterprise (Faridpur),41
2025-01-31,2025,Jan,Dhaka,Gazipur,Haji Enterprise - Gazipur,30
2025-01-31,2025,Jan,North,Dinajpur,Hamana Traders,0
2025-01-31,2025,Jan,North,Rangpur,Hamid and Sons,0
2025-01-31,2025,Jan,South,Jashore,Hamid Traders,0
2025-01-31,2025,Jan,South,Madaripur,Hamim International,0
2025-01-31,2025,Jan,North,Chapainawabganj,Hammad and Sons,0
2025-01-31,2025,Jan,South,Chuadanga,Hannan and Brothers-Chuadanga,0
2025-01-31,2025,Jan,North,Bogura,Hannan Traders,13
2025-01-31,2025,Jan,North East,Mymensingh,Haque and Brothers,0
2025-01-31,2025,Jan,South,Bhola,Haque and Sons-Bhola,0
2025-01-31,2025,Jan,South,Jhenaidah,Haque and Sons-Jhenaidah,0
2025-01-31,2025,Jan,North,Sirajganj,Haque Iron,0
2025-01-31,2025,Jan,North,Tangail,Harun Enterprise,116
2025-01-31,2025,Jan,South,Barishal,Hawlader Iron Store,0
2025-01-31,2025,Jan,North East,Brahmanbaria,Hazi Mobarak Traders,0
2025-01-31,2025,Jan,North,Dinajpur,Hera Traders,0
2025-01-31,2025,Jan,Dhaka,Dhaka,Hobigonj Traders,0
2025-01-31,2025,Jan,North,Dhaka,Hossain Construction ( Pvt ) Ltd,0
2025-01-31,2025,Jan,North East,Kishoreganj,Hossen Bhuiyan Steel House,0
2025-01-31,2025,Jan,South,Khulna,Howlader and Company,0
2025-01-31,2025,Jan,Dhaka,Dhaka,Howlader Enterprise,85
2025-01-31,2025,Jan,South,Jhalokati,Howlader Traders-Jhalokathi,0
2025-01-31,2025,Jan,Dhaka,Dhaka,H.S Corporation,0
2025-01-31,2025,Jan,North,Gaibandha,Humayan Kabir Traders-Gaibandha,0
2025-01-31,2025,Jan,South,Kushtia,Hymo International,0
2025-01-31,2025,Jan,Dhaka,Narayanganj,Ikhwan Construction,4
2025-01-31,2025,Jan,North,Rangpur,Imarat Trading,26
2025-01-31,2025,Jan,South,Satkhira,Imarot Trading-Satkhira,0
2025-01-31,2025,Jan,South,Faridpur,Iron and Steel House,0
2025-01-31,2025,Jan,North East,Cumilla,Islam and Sons,0
2025-01-31,2025,Jan,North,Bogura,Islam Brothers-Bogura,0
2025-01-31,2025,Jan,South,Jashore,Islam Traders-Jessore,0
2025-01-31,2025,Jan,North,Rangpur,Itusa Builders,0
2025-01-31,2025,Jan,North,Tangail,I.V Methi Traders,0
2025-01-31,2025,Jan,South,Faridpur,Jahangir Store - Faridpur,0
2025-01-31,2025,Jan,South,Satkhira,Jaman Traders,0
2025-01-31,2025,Jan,North,Dhaka,Janata Enterprise- Sirajgonj,0
2025-01-31,2025,Jan,North,Dhaka,Janata Steel and Iron House,0
2025-01-31,2025,Jan,North,Bogura,J and Ma Enterprise,0
2025-01-31,2025,Jan,South,Faridpur,Jaseka Traders,60
2025-01-31,2025,Jan,North East,Noakhali,Jashim Steel House,26
2025-01-31,2025,Jan,North,Lalmonirhat,Jerin Enterprise,0
2025-01-31,2025,Jan,North East,Kishoreganj,Jesan Traders,0
2025-01-31,2025,Jan,South,Jashore,JesminSanitary and Iron Store,0
2025-01-31,2025,Jan,South,Narail,Jhorna Enterprise,0
2025-01-31,2025,Jan,Dhaka,Gazipur,Jidni Enterprise,5
2025-01-31,2025,Jan,South,Khulna,Joint Enterprise,0
2025-01-31,2025,Jan,North,Tangail,Joy Joya Enterprise,102
2025-01-31,2025,Jan,South,Shariatpur,Julhas and Brothers,0
2025-01-31,2025,Jan,North,Bogura,Kabir Traders-Bogra,0
2025-01-31,2025,Jan,North East,Cumilla,Kajol Enterprise,0
2025-01-31,2025,Jan,North East,Cumilla,Kalam and Sons,0
2025-01-31,2025,Jan,South,Faridpur,Kamarjani Traders,0
2025-01-31,2025,Jan,Dhaka,Gazipur,Kamrul Trading Corporation,17
2025-01-31,2025,Jan,South,Faridpur,Kamruzzaman Enterprise,0
2025-01-31,2025,Jan,South,Kushtia,Kanak Traders-Kustia,0
2025-01-31,2025,Jan,Dhaka,Gazipur,Kashem and Sons,18
2025-01-31,2025,Jan,North East,Noakhali,Kashem Traders (Noakhali),0
2025-01-31,2025,Jan,North,Kurigram,Khairul Enterprise,0
2025-01-31,2025,Jan,Dhaka,Dhaka,Khalid Trading Corporation,0
2025-01-31,2025,Jan,South,Jhalokati,Khan Builders,0
2025-01-31,2025,Jan,Dhaka,Dhaka,Khan Enterprise,129
2025-01-31,2025,Jan,North East,Lakshmipur,Khan Machineries Store,0
2025-01-31,2025,Jan,South,Khulna,Khan Traders -Khulna,14
2025-01-31,2025,Jan,South,Madaripur,Khan Traders- Madaripur,26
2025-01-31,2025,Jan,South,Madaripur,Khan Traders- Shibchor,0
2025-01-31,2025,Jan,North East,Chandpur,Khaza Variety Store,0
2025-01-31,2025,Jan,Dhaka,Gazipur,Khurshida Builders,90
2025-01-31,2025,Jan,South,Narail,King Builders,0
2025-01-31,2025,Jan,North,Rajshahi,Kismot Trading Corporation,0
2025-01-31,2025,Jan,South,Barishal,K K Enterprise,0
2025-01-31,2025,Jan,North,Dinajpur,Kobir Traders,0
2025-01-31,2025,Jan,Dhaka,Dhaka,Kolatia Traders,5
2025-01-31,2025,Jan,North East,Mymensingh,K.S. Trading,0
2025-01-31,2025,Jan,North,Dinajpur,Kumor Uddin and Sons,0
2025-01-31,2025,Jan,North,Dinajpur,Kundu Brothers,0
2025-01-31,2025,Jan,South,Faridpur,Kustia Enterprise,0
2025-01-31,2025,Jan,South,Barishal,Layla Builders,0
2025-01-31,2025,Jan,South,Patuakhali,Lila Enterprise,7
2025-01-31,2025,Jan,North,Tangail,Liton Enterprise,0
2025-01-31,2025,Jan,North,Nilphamari,L.N Trading Co.,39
2025-01-31,2025,Jan,North East,Mymensingh,Lubaba  Enterprise,0
2025-01-31,2025,Jan,North East,Sylhet,Ludhi Steel Marchant,0
2025-01-31,2025,Jan,North East,Feni,Madani Traders,0
2025-01-31,2025,Jan,South,Shariatpur,Madbor Enterprise,13
2025-01-31,2025,Jan,Dhaka,Narayanganj,Madina Corporation,0
2025-01-31,2025,Jan,North East,Netrokona,Mahabub Traders,0
2025-01-31,2025,Jan,Dhaka,Dhaka,Mahadi Design and Construction,6
2025-01-31,2025,Jan,North,Rajshahi,Mahamud Enterprise,0
2025-01-31,2025,Jan,North,Thakurgaon,Mahbub Enterprise,0
2025-01-31,2025,Jan,South,Jhenaidah,Mahir Trading,0
2025-01-31,2025,Jan,North East,Mymensingh,Mahi Traders,0
2025-01-31,2025,Jan,North,Dinajpur,Mahi Traders-Dinajpur,0
2025-01-31,2025,Jan,South,Jashore,Mahiya Kabir Corporation,39
2025-01-31,2025,Jan,North,Bogura,Mahmud Mahbub Traders,0
2025-01-31,2025,Jan,Dhaka,Dhaka,Makkah Traders,15
2025-01-31,2025,Jan,Dhaka,Gazipur,Mamun Enterprise-Gazipur,137
2025-01-31,2025,Jan,North East,Sylhet,Mamun Enterprise- Shylet,0
2025-01-31,2025,Jan,North,Pabna,Mamun Traders-Pabna,26
2025-01-31,2025,Jan,South,Kushtia,Mannan Hardware and Iron Store,0
2025-01-31,2025,Jan,Dhaka,Narayanganj,Mashin Corporation,0
2025-01-31,2025,Jan,North,Bogura,Master Traders (Shantahar),13
2025-01-31,2025,Jan,South,Barishal,Masud Enterprise,14
2025-01-31,2025,Jan,South,Madaripur,Mayer Doa Enterprise,0
2025-01-31,2025,Jan,North East,Netrokona,Mayer Doa Traders,0
2025-01-31,2025,Jan,North East,Chandpur,Md.Nasir Uddin -Chandpur,0
2025-01-31,2025,Jan,South,Bagerhat,Media Enterprise,0
2025-01-31,2025,Jan,South,Shariatpur,M H Traders,0
2025-01-31,2025,Jan,North East,Cumilla,Mili Enterprise,0
2025-01-31,2025,Jan,Dhaka,Gazipur,Mim Enterprise,37
2025-01-31,2025,Jan,Dhaka,Dhaka,Misti Enterprise,6
2025-01-31,2025,Jan,North East,Jamalpur,Mizan and Son's,30
2025-01-31,2025,Jan,South,Jhalokati,M Khan Ltd.,0
2025-01-31,2025,Jan,North East,Mymensingh,M K Traders,0
2025-01-31,2025,Jan,Dhaka,Dhaka,Modina Steel Corporation,46
2025-01-31,2025,Jan,North East,Sherpur,Mofazzal Enterprise,74
2025-01-31,2025,Jan,South,Kushtia,Mokka Enterprise- Kustia,0
2025-01-31,2025,Jan,South,Magura,Molla Banijjo Vander,26
2025-01-31,2025,Jan,North East,Cumilla,Molla Traders- Comilla,13
2025-01-31,2025,Jan,South,Jashore,Mollik Enterprise-Khulna,0
2025-01-31,2025,Jan,North,Dinajpur,Mondol Traders - Dinajpur,0
2025-01-31,2025,Jan,North,Kurigram,Mondol Traders- Kurigram,0
2025-01-31,2025,Jan,North,Sirajganj,Mondol Traders- Sirajgonj,0
2025-01-31,2025,Jan,Dhaka,Dhaka,Monir Enterprise,0
2025-01-31,2025,Jan,North,Dinajpur,Monoj Kumar Mallick,0
2025-01-31,2025,Jan,North East,Jamalpur,Morzina Steel House,0
2025-01-31,2025,Jan,South,Barishal,Moshiur Rahman Minto,0
2025-01-31,2025,Jan,North,Tangail,Mostafa Enterprise-Tangail,0
2025-01-31,2025,Jan,Dhaka,Gazipur,Mowchak Steel Corporation,3
2025-01-31,2025,Jan,North,Rangpur,M.R Traders,0
2025-01-31,2025,Jan,North East,Chandpur,M/S: Tafhim Enterprise,0
2025-01-31,2025,Jan,South,Narail,M/S Abdul Hadi Traders,0
2025-01-31,2025,Jan,North,Naogaon,M/S Abdullah Traders,0
2025-01-31,2025,Jan,North,Sirajganj,M/S Abdus Samad Khan,0
2025-01-31,2025,Jan,North East,Cumilla,M/S Abedin Enterprise,0
2025-01-31,2025,Jan,South,Patuakhali,M/S. Abul Kalam Azad,14
2025-01-31,2025,Jan,North East,Narsingdi,M/S Adiat Traders,0
2025-01-31,2025,Jan,Dhaka,Dhaka,M/S Adil Enterprise,21
2025-01-31,2025,Jan,North,Pabna,M/S Adi Saha Trading,0
2025-01-31,2025,Jan,South,Satkhira,M/S. Afroz Enterprise,0
2025-01-31,2025,Jan,North,Nilphamari,M/S. Al Amin Traders-Nilphamary,0
2025-01-31,2025,Jan,North East,Netrokona,M/S Alam Traders,0
2025-01-31,2025,Jan,North,Dinajpur,M/S. Alhaj Traders-Dinajpur,0
2025-01-31,2025,Jan,South,Shariatpur,M/S Aliuzzaman Mir Malot,0
2025-01-31,2025,Jan,Dhaka,Gazipur,M/S Al-Madina Enterprise,0
2025-01-31,2025,Jan,South,Kushtia,M/S. Al-Nobi Hardware & Sanitary,0
2025-01-31,2025,Jan,North East,Noakhali,M/S Anisha Enterprise,0
2025-01-31,2025,Jan,North,Sirajganj,M/S Anowar Enterprise,0
2025-01-31,2025,Jan,South,Barguna,M/S. Anower Brick,0
2025-01-31,2025,Jan,Dhaka,Gazipur,M/S Arif Traders,7
2025-01-31,2025,Jan,North East,Cumilla,M/S -Ariyan Enterprise,0
2025-01-31,2025,Jan,South,Faridpur,M/S Asraf  and Sons,0
2025-01-31,2025,Jan,South,Jhenaidah,M/S. Astha Builders,0
2025-01-31,2025,Jan,South,Barguna,M/S Ayaan Traders,0
2025-01-31,2025,Jan,South,Jashore,M/S Ayesha Steel Corporation,0
2025-01-31,2025,Jan,South,Patuakhali,M/S. Azad Enterprise,0
2025-01-31,2025,Jan,South,Jashore,M/S Azim Shah Traders,40
2025-01-31,2025,Jan,North,Natore,M/S Azmir Enterprise,0
2025-01-31,2025,Jan,South,Jashore,M/S Babu Traders,0
2025-01-31,2025,Jan,South,Magura,M/S Bali Construction,0
2025-01-31,2025,Jan,South,Chuadanga,M/S. Bani Traders,0
2025-01-31,2025,Jan,Dhaka,Dhaka,M/S Bepari Traders,0
2025-01-31,2025,Jan,South,Rajbari,M/S Bepari Traders - Rajbari,0
2025-01-31,2025,Jan,Dhaka,Dhaka,M/S Bhai Bhai Traders and Engineering Works,0
2025-01-31,2025,Jan,North,Dinajpur,M/S. Bhai Bhai Traders (Dinajpur),0
2025-01-31,2025,Jan,North East,Cumilla,M/S Bhuiyan Traders-Cumilla,0
2025-01-31,2025,Jan,North East,Noakhali,M/S Bhuiyan Traders-Noakhali,31
2025-01-31,2025,Jan,North,Rangpur,M/S. Billah Traders,0
2025-01-31,2025,Jan,North East,Chandpur,MS.Billal Traders-Chandpur,0
2025-01-31,2025,Jan,North East,Mymensingh,M/S Bismillah Hardware and Glass House,0
2025-01-31,2025,Jan,North East,Kishoreganj,M/S Bismillah Traders- Bhairob,0
2025-01-31,2025,Jan,North East,Kishoreganj,M/S Bismillah Traders-Mymensing,0
2025-01-31,2025,Jan,North,Naogaon,M/S. Bismillha Traders-Naoga,0
2025-01-31,2025,Jan,South,Jhenaidah,M/S Bondhu Enterprise,78
2025-01-31,2025,Jan,North,Sherpur,M/S. Bondhu Enterprise-Bogra,0
2025-01-31,2025,Jan,South,Bhola,M/S Bushra Construction,0
2025-01-31,2025,Jan,North,Bogura,M/S. Bushra Traders,156
2025-01-31,2025,Jan,South,Jashore,M/S Chitra Trading,0
2025-01-31,2025,Jan,North,Lalmonirhat,M/s Dhorla Trading,0
2025-01-31,2025,Jan,South,Jashore,M/S. Dipro Enterprise,0
2025-01-31,2025,Jan,South,Faridpur,M/S. Durgapur Hi Tech,0
2025-01-31,2025,Jan,North East,Narsingdi,M/S Easy Builders,0
2025-01-31,2025,Jan,South,Khulna,M/S. Elina Enterprise,0
2025-01-31,2025,Jan,South,Pirojpur,M/S Emon Enterprise,0
2025-01-31,2025,Jan,North East,Dhaka,M/S. Engineer Builders,30
2025-01-31,2025,Jan,North East,Cumilla,M/S. Faisal Enterprise,0
2025-01-31,2025,Jan,South,Gopalganj,M/S Fakir and Sons,0
2025-01-31,2025,Jan,South,Satkhira,M/S Faruk Traders-Sathkhira,0
2025-01-31,2025,Jan,South,Meherpur,M/S. Fojilatun Nesha &Sons,0
2025-01-31,2025,Jan,South,Barishal,M/S Forkan Traders,0
2025-01-31,2025,Jan,South,Gopalganj,M/S Friends Enterprise,0
2025-01-31,2025,Jan,North East,Cumilla,M/S Gaji Hardware,0
2025-01-31,2025,Jan,North,Kurigram,M/S. G.M Enterprise,0
2025-01-31,2025,Jan,Dhaka,Dhaka,M/S. Hailmi Enterprise,0
2025-01-31,2025,Jan,North East,Cumilla,M/S Hanif Enterprise,0
2025-01-31,2025,Jan,Dhaka,Dhaka,M/S Haque and Hasan Traders,0
2025-01-31,2025,Jan,North East,Feni,M/S Haque Enterprise,0
2025-01-31,2025,Jan,North East,Brahmanbaria,M/S. Hasan Enterprise,42
2025-01-31,2025,Jan,South,Satkhira,M/S. Hasan Traders-Satkhira,0
2025-01-31,2025,Jan,South,Shariatpur,M/S. Hawlader Enterprise-Sariatpur,0
2025-01-31,2025,Jan,North East,Dhaka,M/S Hazi Abdul Khalique  & Son's,0
2025-01-31,2025,Jan,Dhaka,Dhaka,M/S Hazi Sarif Munshi Traders,3
2025-01-31,2025,Jan,South,Madaripur,M/S. Hazi Traders- Madaripur,0
2025-01-31,2025,Jan,North East,Jamalpur,M/S HEMENDRA CHANDRA SINGH,0
2025-01-31,2025,Jan,North East,Noakhali,M/S Hoque and Brothers (Noakhali),0
2025-01-31,2025,Jan,South,Bhola,M/S H Rahman and Sons,20
2025-01-31,2025,Jan,Dhaka,Narayanganj,M/S Ichapuri Cement House,0
2025-01-31,2025,Jan,South,Patuakhali,M/S.Islamia Traders,0
2025-01-31,2025,Jan,South,Jashore,M/S Islam Traders- Keshabpur,0
2025-01-31,2025,Jan,North,Tangail,M/S. Islam Traders- Sirajgonj,0
2025-01-31,2025,Jan,North,Naogaon,M/S. IT Construction,0
2025-01-31,2025,Jan,North East,Lakshmipur,M/S Jahir Enterprise,0
2025-01-31,2025,Jan,South,Patuakhali,M/S.Jamal Traders,0
2025-01-31,2025,Jan,North,Tangail,M/S.Jannath Enterprise,0
2025-01-31,2025,Jan,North East,Jamalpur,M/S Jibon Enterprise,0
2025-01-31,2025,Jan,North East,Jamalpur,M/S. Jibon Traders,0
2025-01-31,2025,Jan,South,Jashore,M/S Johir Enterprise,0
2025-01-31,2025,Jan,South,Meherpur,M/S Jony Enterprise -Meherpur,13
2025-01-31,2025,Jan,South,Jhenaidah,M/S Kafi Traders,0
2025-01-31,2025,Jan,South,Barguna,M/S. Kamal Enterprise,13
2025-01-31,2025,Jan,Dhaka,Dhaka,M/S. Kamal Traders,4
2025-01-31,2025,Jan,North,Panchagarh,M/S Kamlesh Traders,0
2025-01-31,2025,Jan,South,Barguna,M/S. Karim Builders,21
2025-01-31,2025,Jan,North,Tangail,M/S. Khalekujjaman Traders,0
2025-01-31,2025,Jan,South,Faridpur,M/S Khan Enterprise-Faridpur,0
2025-01-31,2025,Jan,Dhaka,Gazipur,M/S Khan Enterprise-Kaligonj,0
2025-01-31,2025,Jan,North,Dinajpur,M/S. Khan Enterprises- Dinajpur,0
2025-01-31,2025,Jan,North,Tangail,M/S Khan Traders-Tangail,0
2025-01-31,2025,Jan,South,Faridpur,M/S Khaza Traders,0
2025-01-31,2025,Jan,North East,Cumilla,M/S. Khokon Enterprise,0
2025-01-31,2025,Jan,North,Thakurgaon,M/S. Kibriya Enterprise,0
2025-01-31,2025,Jan,North East,Cumilla,M/S-Laksam Trading Corporation,13
2025-01-31,2025,Jan,Dhaka,Manikganj,M/S Latif Traders,0
2025-01-31,2025,Jan,South,Gopalganj,M/S Linkon Enterprise,0
2025-01-31,2025,Jan,North,Natore,M/s Liton Enterprise,0
2025-01-31,2025,Jan,North East,Narsingdi,M/S. Liza Traders,0
2025-01-31,2025,Jan,Dhaka,Dhaka,M/S. Maa Enterprise,0
2025-01-31,2025,Jan,South,Barishal,M/S. Mahabub Traders,14
2025-01-31,2025,Jan,Dhaka,Gazipur,M/S. Mainul Traders,0
2025-01-31,2025,Jan,North East,Brahmanbaria,M/S. Malek and Sons,0
2025-01-31,2025,Jan,North,Dhaka,M/S. Manobendro Das,0
2025-01-31,2025,Jan,Dhaka,Dhaka,M/S. Marks Trading,0
2025-01-31,2025,Jan,South,Jhalokati,M/S Mary Suppliers and Mary Bricks,0
2025-01-31,2025,Jan,South,Bhola,M/S. Masaallah Traders,0
2025-01-31,2025,Jan,North East,Cumilla,M/S.Masfalah Construction,0
2025-01-31,2025,Jan,South,Khulna,M/S. M. A Traders (Dr.),28
2025-01-31,2025,Jan,Dhaka,Gazipur,M/S Mawna Builders,20
2025-01-31,2025,Jan,North,Tangail,M/S Maya Traders,0
2025-01-31,2025,Jan,South,Satkhira,M/S. Mayer Doa Sanitary and Anwar Sheet Enterprise,0
2025-01-31,2025,Jan,North,Bogura,M/S. Mayer Doya Variety Store,0
2025-01-31,2025,Jan,Dhaka,Gazipur,M/s Midul Enterprise,24
2025-01-31,2025,Jan,South,Kushtia,M/S Mim Traders-Kustia,0
2025-01-31,2025,Jan,South,Chuadanga,M/S Mizan Traders,0
2025-01-31,2025,Jan,South,Faridpur,M/S Modina Traders,0
2025-01-31,2025,Jan,North East,Noakhali,M/S. Mokka Enterprise- Noakhali,0
2025-01-31,2025,Jan,North East,Narsingdi,M/S Mollah Enterprise-Narsingdi,0
2025-01-31,2025,Jan,North,Rajshahi,M/S. Mollah Enterprise-Rajshahi,0
2025-01-31,2025,Jan,North East,Cumilla,M/S Molla Traders-Chouddogram,0
2025-01-31,2025,Jan,South,Gopalganj,M/S Molla Traders-Gopalgonj,0
2025-01-31,2025,Jan,North,Bogura,M/S. Mondol Traders-Shibgonj,0
2025-01-31,2025,Jan,North,Tangail,M/S. Monira Enterprise,0
2025-01-31,2025,Jan,North,Dhaka,M/S Moon Traders- Sirajgonj,0
2025-01-31,2025,Jan,South,Barguna,M/S. Mridha Traders,0
2025-01-31,2025,Jan,North East,Netrokona,M/S-M.S Traders,0
2025-01-31,2025,Jan,North,Bogura,M/S. Mukta Traders,51
2025-01-31,2025,Jan,North East,Noakhali,M/S.Muldhara Trading,0
2025-01-31,2025,Jan,South,Pirojpur,M/S Nahar Enterprise- Pirojpur,0
2025-01-31,2025,Jan,South,Shariatpur,M/S Nayeem Enterprise,0
2025-01-31,2025,Jan,North,Tangail,M/S. Nazmul Enterprise,0
2025-01-31,2025,Jan,North East,Cumilla,M/S. Nazrul Traders,0
2025-01-31,2025,Jan,South,Pirojpur,M/S New Hope Traders,0
2025-01-31,2025,Jan,South,Gopalganj,M/S. New Sikder Traders,0
2025-01-31,2025,Jan,South,Satkhira,M/s Nirala Trader's,0
2025-01-31,2025,Jan,South,Madaripur,M/s Nirman,0
2025-01-31,2025,Jan,South,Barguna,M/s. Nur-E-Madina Trading,0
2025-01-31,2025,Jan,South,Faridpur,M/S Nur Mahidi Nerman Vander,13
2025-01-31,2025,Jan,South,Pirojpur,M/S Oishani Enterprise,0
2025-01-31,2025,Jan,Dhaka,Dhaka,M/S Osman Steel Corporation,0
2025-01-31,2025,Jan,North East,Lakshmipur,M/S Parvez Enterprise,0
2025-01-31,2025,Jan,North,Naogaon,M/S Parvez Trading-Naogaon,98
2025-01-31,2025,Jan,North,Dinajpur,M/S Popular Steel,0
2025-01-31,2025,Jan,South,Gopalganj,M/s Porosh Enterprise,13
2025-01-31,2025,Jan,North East,Cumilla,MS.Probashi G.I. Enterpries.,0
2025-01-31,2025,Jan,North,Dhaka,M/S. Purabi Traders,0
2025-01-31,2025,Jan,North,Pabna,M/S Rafiq Enterprise,0
2025-01-31,2025,Jan,South,Narail,M/S Rahit Ruchi Enterprise,0
2025-01-31,2025,Jan,Dhaka,Narayanganj,M/S Rahmania Enterprise,0
2025-01-31,2025,Jan,South,Chuadanga,M/S Rahman Traders,0
2025-01-31,2025,Jan,North East,Narsingdi,M/S Rahman Traders-Norsingdi,0
2025-01-31,2025,Jan,South,Jashore,M/S Raisa Enterprise,0
2025-01-31,2025,Jan,North,Thakurgaon,M/S. Raju Ceramic & Sanitary,0
2025-01-31,2025,Jan,Dhaka,Gazipur,M/S Rana Enterprise,0
2025-01-31,2025,Jan,North,Panchagarh,M/S. Rashad Traders,0
2025-01-31,2025,Jan,Dhaka,Dhaka,M/S. Rayhan Enterprise,87
2025-01-31,2025,Jan,Dhaka,Gazipur,M/S R.B Steel and Co.,77
2025-01-31,2025,Jan,North,Natore,M/S. Reza Enterprise,0
2025-01-31,2025,Jan,North,Pabna,M/S.Reza Enterprise-Pabna,0
2025-01-31,2025,Jan,North,Dinajpur,M/S Ripon Traders,0
2025-01-31,2025,Jan,South,Jashore,M/S R M Traders,0
2025-01-31,2025,Jan,North,Rangpur,M/S Rohima Traders,0
2025-01-31,2025,Jan,North,Panchagarh,M/S Rostom and Sons,0
2025-01-31,2025,Jan,North East,Cumilla,M/S. RS Hardware,6
2025-01-31,2025,Jan,North East,Noakhali,M/S Ruhul Amin Traders,0
2025-01-31,2025,Jan,Dhaka,Gazipur,M/S Sadar Builders,0
2025-01-31,2025,Jan,North,Tangail,M/S Sadia and Samia Traders,0
2025-01-31,2025,Jan,North,Panchagarh,M/S. Sadik Enterprise,0
2025-01-31,2025,Jan,South,Khulna,M/S. Safwan Corporation,0
2025-01-31,2025,Jan,North,Thakurgaon,M/S. Sahi-Imran Traders,0
2025-01-31,2025,Jan,Dhaka,Narayanganj,M/S Saif Traders,0
2025-01-31,2025,Jan,South,Madaripur,M/S Saifullah Enterprise,0
2025-01-31,2025,Jan,North,Pabna,M/S Samir Traders,26
2025-01-31,2025,Jan,South,Barishal,M/S Sazib Trading,0
2025-01-31,2025,Jan,North,Bogura,M/S Sazid Traders,0
2025-01-31,2025,Jan,South,Patuakhali,M/S.Serajul Haque,0
2025-01-31,2025,Jan,North,Rangpur,M/S. Shafi Trading,0
2025-01-31,2025,Jan,South,Faridpur,M/S Shah Farid Nirman Vander,0
2025-01-31,2025,Jan,North,Kurigram,M/S. Shaju Hardware,0
2025-01-31,2025,Jan,South,Jhenaidah,M/S Shamim Steel Corner,0
2025-01-31,2025,Jan,South,Shariatpur,M/S Shamim Traders-Sariatpur,0
2025-01-31,2025,Jan,South,Jhalokati,M/S Shampa Construction,0
2025-01-31,2025,Jan,North,Nilphamari,M/S. Sharif Construction Center,0
2025-01-31,2025,Jan,South,Gopalganj,M/S. Sharif Enterprise,0
2025-01-31,2025,Jan,South,Pirojpur,M/S. Shikder Enterprise-Pirojpur,0
2025-01-31,2025,Jan,South,Magura,M/S Shohag Enterprise-Satkhira,0
2025-01-31,2025,Jan,North,Sirajganj,M/s Shohan Iron and Steel House.,0
2025-01-31,2025,Jan,North,Thakurgaon,M/S. Shovon Traders,0
2025-01-31,2025,Jan,South,Khulna,M/S Showrov Enterprise,0
2025-01-31,2025,Jan,South,Narail,M/S. Sikdar Enterprise- Norail,26
2025-01-31,2025,Jan,North,Dinajpur,M/S. Sohidul Traders,0
2025-01-31,2025,Jan,South,Faridpur,M/S Sony Vander,26
2025-01-31,2025,Jan,North,Thakurgaon,M/S. Sulov Lauho Bitan,0
2025-01-31,2025,Jan,North,Chapainawabganj,M/S Sweet Enterprise,0
2025-01-31,2025,Jan,Dhaka,Gazipur,M/S Takhiya Enterprise,0
2025-01-31,2025,Jan,South,Gopalganj,M/S Tasnim Enterprise,0
2025-01-31,2025,Jan,North,Thakurgaon,M/S. Tin Vai Enterprise,0
2025-01-31,2025,Jan,North,Sirajganj,M/S Tisha Enterprise,0
2025-01-31,2025,Jan,South,Bagerhat,M/S Tonmoy Traders,0
2025-01-31,2025,Jan,Dhaka,Gazipur,M/S. Tosher Enterprise,20
2025-01-31,2025,Jan,North,Panchagarh,M/S Vai Vai Traders-Panchagor,0
2025-01-31,2025,Jan,South,Bhola,M/S. Yakub Traders,0
2025-01-31,2025,Jan,South,Chuadanga,M/S - Younus Hardware,0
2025-01-31,2025,Jan,South,Barishal,M/S Zakir Store,0
2025-01-31,2025,Jan,North,Rangpur,M/S. Zaman Traders-Rangpur,119
2025-01-31,2025,Jan,Dhaka,Dhaka,M/S Zam Zam Trading (Dhaka),0
2025-01-31,2025,Jan,North,Rangpur,M/S Zast Traders,0
2025-01-31,2025,Jan,South,Satkhira,M/S Zia Traders,0
2025-01-31,2025,Jan,Dhaka,Dhaka,Munshigonj Steel House,24
2025-01-31,2025,Jan,South,Jashore,M. Zaman Enterprise,0
2025-01-31,2025,Jan,South,Madaripur,Nabila Traders (Madaripur),0
2025-01-31,2025,Jan,North,Pabna,"Nabi Traders (Ishawrdi,  Pabna)",0
2025-01-31,2025,Jan,Dhaka,Dhaka,Nahar Steel,65
2025-01-31,2025,Jan,Dhaka,Dhaka,Nal Gulf Construction and Properties,0
2025-01-31,2025,Jan,North,Lalmonirhat,Narsingdi Enterprise,0
2025-01-31,2025,Jan,Dhaka,Dhaka,Nasrin Enterprise,7
2025-01-31,2025,Jan,Dhaka,Dhaka,Nation Tech Communications Limited,0
2025-01-31,2025,Jan,Dhaka,Dhaka,Nayeef Trading Corporation,5
2025-01-31,2025,Jan,North,Kurigram,Nayeem Traders (Kurigram),0
2025-01-31,2025,Jan,South,Barishal,Nayem Enterprise,0
2025-01-31,2025,Jan,South,Jashore,Nayon and Chayon,0
2025-01-31,2025,Jan,South,Jhenaidah,Nazmul Traders- Jhenaidah,26
2025-01-31,2025,Jan,North,Rangpur,Need Construction,0
2025-01-31,2025,Jan,South,Khulna,New Bengal Store,0
2025-01-31,2025,Jan,South,Dhaka,New Era Manufacturing Ltd.,0
2025-01-31,2025,Jan,South,Barishal,New Hasina Enterprise,0
2025-01-31,2025,Jan,Dhaka,Dhaka,New Sharmin Enterprise,14
2025-01-31,2025,Jan,Dhaka,Dhaka,Niloy Enterprise,0
2025-01-31,2025,Jan,Dhaka,Munshiganj,Nimtola Traders,5
2025-01-31,2025,Jan,South,Jhenaidah,Nishi Enterprise- Jhinaidah,0
2025-01-31,2025,Jan,South,Khulna,Nondi Trading Corporatin,0
2025-01-31,2025,Jan,North,Gaibandha,Northbengal Traders,0
2025-01-31,2025,Jan,South,Madaripur,Nurjahan Resourse International,0
2025-01-31,2025,Jan,North,Dinajpur,Nur Steel,0
2025-01-31,2025,Jan,South,Meherpur,Padma Enterprise,0
2025-01-31,2025,Jan,South,Gopalganj,Pal and Sons,0
2025-01-31,2025,Jan,South,Chuadanga,Palash Kumer Shaha,0
2025-01-31,2025,Jan,North,Dhaka,Palli Tower,0
2025-01-31,2025,Jan,North East,Moulvibazar,Paul Traders,0
2025-01-31,2025,Jan,Dhaka,Dhaka,Pioneer Location Ltd.,0
2025-01-31,2025,Jan,Dhaka,Dhaka,Popular Enterprise,3
2025-01-31,2025,Jan,North,Rangpur,Prince Enterprise,0
2025-01-31,2025,Jan,North,Bogura,Priti Traders (Bogra),0
2025-01-31,2025,Jan,North,Tangail,Prodhan Traders,0
2025-01-31,2025,Jan,North East,Chandpur,Rabbi Traders,0
2025-01-31,2025,Jan,North,Tangail,Rafik and Brothers - Joypurhat,0
2025-01-31,2025,Jan,North East,Jamalpur,Rahi Trade,0
2025-01-31,2025,Jan,North East,Narsingdi,Rahman Steel House,82
2025-01-31,2025,Jan,South,Shariatpur,Raju Enterprise,0
2025-01-31,2025,Jan,North,Gaibandha,Raju Traders,0
2025-01-31,2025,Jan,South,Jashore,Raju Zakir Enterprise,0
2025-01-31,2025,Jan,North East,Brahmanbaria,R. A Khan Properties,0
2025-01-31,2025,Jan,South,Narail,Rakhi Enterprise,0
2025-01-31,2025,Jan,North,Tangail,Rasel Store,0
2025-01-31,2025,Jan,South,Madaripur,Rashed Enterprise (Madaripur),0
2025-01-31,2025,Jan,South,Jashore,Razzaque Steel House,62
2025-01-31,2025,Jan,South,Patuakhali,Rema Enterprise,35
2025-01-31,2025,Jan,North East,Kishoreganj,Renu Traders,0
2025-01-31,2025,Jan,North,Bogura,Rezaul Bari (Bogra),0
2025-01-31,2025,Jan,North,Panchagarh,Riad Traders-Panchagor,0
2025-01-31,2025,Jan,South,Kushtia,R.I and Co.,0
2025-01-31,2025,Jan,North,Tangail,Riaz Uddin Traders,0
2025-01-31,2025,Jan,North,Tangail,Ridoy Enterprise- Tangail,0
2025-01-31,2025,Jan,Dhaka,Gazipur,Ridwan Traders,30
2025-01-31,2025,Jan,North,Tangail,Rina Construction,0
2025-01-31,2025,Jan,South,Khulna,Riya Trading International,0
2025-01-31,2025,Jan,North,Tangail,R. K Traders,0
2025-01-31,2025,Jan,South,Satkhira,Rofiqul and Brothers,0
2025-01-31,2025,Jan,South,Khulna,Rokeya Traders,0
2025-01-31,2025,Jan,North,Gaibandha,Rosid Traders,0
2025-01-31,2025,Jan,South,Kushtia,R. Rahman Corporation,91
2025-01-31,2025,Jan,Dhaka,Narayanganj,R.S Enterprise,83
2025-01-31,2025,Jan,South,Madaripur,R. S Enterprise-Madaripur,13
2025-01-31,2025,Jan,North East,Sherpur,Rubel Enterprise,0
2025-01-31,2025,Jan,North,Dinajpur,Rumman Traders,0
2025-01-31,2025,Jan,North,Dinajpur,Runa Enterprise,0
2025-01-31,2025,Jan,South,Barishal,Sajid and Brothers,0
2025-01-31,2025,Jan,South,Patuakhali,Sajid Enterprise- Patuakhali,0
2025-01-31,2025,Jan,South,Kushtia,Salam and Sons,117
2025-01-31,2025,Jan,South,Kushtia,Saleha Traders,0
2025-01-31,2025,Jan,South,Satkhira,Samannay Traders,0
2025-01-31,2025,Jan,North,Chapainawabganj,Sanaullah and Sons,0
2025-01-31,2025,Jan,North,Sirajganj,Sarkar Trading (Sirajgonj),0
2025-01-31,2025,Jan,North,Dinajpur,Sarker Brothers,0
2025-01-31,2025,Jan,South,Barishal,Satata Enterprise,0
2025-01-31,2025,Jan,South,Faridpur,Sathi Store,0
2025-01-31,2025,Jan,North,Pabna,S A Traders-Pabna,0
2025-01-31,2025,Jan,North East,Jamalpur,Sattar Traders,0
2025-01-31,2025,Jan,North,Rajshahi,SB Laboratories,0
2025-01-31,2025,Jan,South,Faridpur,S.B Traders - Faridpur,0
2025-01-31,2025,Jan,South,Shariatpur,Seba Trading Corporation,13
2025-01-31,2025,Jan,Dhaka,Dhaka,Selim Malik Traders,0
2025-01-31,2025,Jan,North,Panchagarh,Shaha Traders,0
2025-01-31,2025,Jan,North East,Mymensingh,Shahbuddin and Brothers,0
2025-01-31,2025,Jan,North East,Mymensingh,Shahin Enterprise,0
2025-01-31,2025,Jan,South,Jhenaidah,Shahin Traders,0
2025-01-31,2025,Jan,South,Narail,Shahin Traders - Narail,28
2025-01-31,2025,Jan,North,Rangpur,Shah Md Ashrafudulla,0
2025-01-31,2025,Jan,North East,Chandpur,Shakil Enterprise- Chandpur,0
2025-01-31,2025,Jan,South,Khulna,Shamim and Co,0
2025-01-31,2025,Jan,North East,Chandpur,Shamima Traders,0
2025-01-31,2025,Jan,South,Bhola,Shanaullah Enterprise,0
2025-01-31,2025,Jan,North,Rajshahi,Shanto Hardware,0
2025-01-31,2025,Jan,South,Khulna,Sharif and Co,0
2025-01-31,2025,Jan,South,Magura,Sharif Steel  Corner,13
2025-01-31,2025,Jan,South,Barguna,Sharmi Enterprise- Borguna,0
2025-01-31,2025,Jan,South,Gopalganj,Shawkat Hossain Mollah,0
2025-01-31,2025,Jan,North East,Mymensingh,Shayan Traders,0
2025-01-31,2025,Jan,South,Satkhira,Sheikh Brothers-Satkhira,0
2025-01-31,2025,Jan,North,Gaibandha,Shetu Traders- Gaibandha,0
2025-01-31,2025,Jan,Dhaka,Narayanganj,Shifat Enterprise-N.Ganj,0
2025-01-31,2025,Jan,South,Khulna,Shikder and Brothers,0
2025-01-31,2025,Jan,North East,Kishoreganj,Shimu Traders,0
2025-01-31,2025,Jan,South,Chuadanga,Shohag Enterprise,0
2025-01-31,2025,Jan,North,Natore,Shohug Machineries  and Traders,0
2025-01-31,2025,Jan,South,Bagerhat,Shotota Enterprise,0
2025-01-31,2025,Jan,North East,Brahmanbaria,Shuvo Enterprise (Ashuganj),0
2025-01-31,2025,Jan,South,Narail,Shuvo Enterprise - Norail,0
2025-01-31,2025,Jan,South,Jhenaidah,Siddique Cycle Store and Traders,0
2025-01-31,2025,Jan,North East,Sylhet,Siddiquey Construction,0
2025-01-31,2025,Jan,Dhaka,Dhaka,Sikder Enterprise (Keranigonj),9
2025-01-31,2025,Jan,South,Gopalganj,Sikder Traders-Goplagonj,0
2025-01-31,2025,Jan,North,Pabna,Sikder Traders (Pabna),39
2025-01-31,2025,Jan,North East,Cumilla,Silver Tiles and Sanitary,0
2025-01-31,2025,Jan,Dhaka,Dhaka,Simplex Development Ltd.,0
2025-01-31,2025,Jan,Dhaka,Manikganj,Singair Alfi Trade Link.,0
2025-01-31,2025,Jan,North,Dhaka,Sirajgonj Iron and Steel House,0
2025-01-31,2025,Jan,South,Dhaka,S.M Kamruzzaman,0
2025-01-31,2025,Jan,South,Narayanganj,Sonali Enterprise,0
2025-01-31,2025,Jan,North,Gaibandha,Sorif Traders,0
2025-01-31,2025,Jan,North,Nilphamari,Sourov Traders,13
2025-01-31,2025,Jan,North East,Jamalpur,S.R.S Construction,0
2025-01-31,2025,Jan,North,Thakurgaon,S. R. Traders,0
2025-01-31,2025,Jan,South,Bagerhat,S.R Traders -Bagerhat,0
2025-01-31,2025,Jan,South,Khulna,S. S. Syndicate,0
2025-01-31,2025,Jan,South,Satkhira,S S Traders,0
2025-01-31,2025,Jan,Dhaka,Gazipur,S T Enterprise,4
2025-01-31,2025,Jan,South,Jhenaidah,Suborna Traders,0
2025-01-31,2025,Jan,Dhaka,Gazipur,Suma Enterprise - Sofipur,11
2025-01-31,2025,Jan,South,Shariatpur,Sumon Enterprise,0
2025-01-31,2025,Jan,South,Khulna,Sumon Traders,0
2025-01-31,2025,Jan,South,Manikganj,Sundorban Hardware,0
2025-01-31,2025,Jan,North,Pabna,Swapan Traders,0
2025-01-31,2025,Jan,South,Jashore,Tahmina Enterprise,0
2025-01-31,2025,Jan,North,Thakurgaon,Tamanna Enterprise-Thakurgaon,0
2025-01-31,2025,Jan,South,Gopalganj,Tamim Enterprise,0
2025-01-31,2025,Jan,North,Rajshahi,Tariq  Enterprise,26
2025-01-31,2025,Jan,South,Narail,Tazmin Enterprise,13
2025-01-31,2025,Jan,Dhaka,Dhaka,The Barik Brothers,487
2025-01-31,2025,Jan,Dhaka,Dhaka,Three Star Co-Operative Multipurpose Ltd.,0
2025-01-31,2025,Jan,South,Patuakhali,Three Star Enterprise,0
2025-01-31,2025,Jan,Dhaka,Dhaka,"Tipu and Co.( Rayerbag, Jatrabari)",26
2025-01-31,2025,Jan,South,Meherpur,Tohmina Engineering Workshop,0
2025-01-31,2025,Jan,Dhaka,Dhaka,Trendy Textiles Ltd.,0
2025-01-31,2025,Jan,North East,Mymensingh,Tripti Steel Bitan,0
2025-01-31,2025,Jan,North,Rangpur,T.S.Enterprise(Rangpur),53
2025-01-31,2025,Jan,North,Sirajganj,Ullapara Variety Store,0
2025-01-31,2025,Jan,Dhaka,Dhaka,Unified Holdings Limited,0
2025-01-31,2025,Jan,South,Jhenaidah,Unique Construction,0
2025-01-31,2025,Jan,South,Khulna,Unique International,0
2025-01-31,2025,Jan,North East,Netrokona,Vodra Traders,0
2025-01-31,2025,Jan,Dhaka,Manikganj,Wazuddin Traders,34
2025-01-31,2025,Jan,North East,Sylhet,Windsor Hotel & Resorts Ltd.,0
2025-01-31,2025,Jan,North East,Noakhali,Yeasin Traders,13
2025-01-31,2025,Jan,Dhaka,Narayanganj,York  Composite Ltd,0
2025-01-31,2025,Jan,Dhaka,Narayanganj,York Fashion Ltd.,0
2025-01-31,2025,Jan,Dhaka,Dhaka,Younus Traders,5
2025-01-31,2025,Jan,South,Bhola,Zabbar Biswas Traders,52
2025-01-31,2025,Jan,Dhaka,Dhaka,Zaman Traders ( Savar),4
2025-02-28,2025,Feb,North East,Narsingdi,3D Comet Design & Consultant,0
2025-02-28,2025,Feb,North,Lalmonirhat,Abdul Hakim,0
2025-02-28,2025,Feb,North,Tangail,Abdul Malek - Rangpur,0
2025-02-28,2025,Feb,North,Dinajpur,Abdur Rauf-Dinajpur,0
2025-02-28,2025,Feb,South,Khulna,Abdur Razzak Aziz- Khulna,0
2025-02-28,2025,Feb,South,Shariatpur,Abdus Salam Farazi,0
2025-02-28,2025,Feb,North East,Sylhet,Abdus Shohid Construction,0
2025-02-28,2025,Feb,Dhaka,Dhaka,Abir Enterprise,10
2025-02-28,2025,Feb,North,Bogura,ABK Krishi Beez Himagar,0
2025-02-28,2025,Feb,South,Pirojpur,A.B.L.Builders,0
2025-02-28,2025,Feb,North,Pabna,Abul Hossain Traders,0
2025-02-28,2025,Feb,South,Barguna,Agrani Traders,14
2025-02-28,2025,Feb,South,Khulna,Ahad Enterprise,0
2025-02-28,2025,Feb,North East,Narsingdi,Ahasan Store,0
2025-02-28,2025,Feb,North,Chapainawabganj,Ahmed Store- C. Gonj,0
2025-02-28,2025,Feb,North,Bogura,Ahmed Traders-Bogra,0
2025-02-28,2025,Feb,North,Pabna,Ahsan Trading,0
2025-02-28,2025,Feb,North East,Dhaka,AK Developers Ltd.,14
2025-02-28,2025,Feb,North East,Sylhet,A.K Enterprise (Sylhet),0
2025-02-28,2025,Feb,Dhaka,Dhaka,Akhter Traders,0
2025-02-28,2025,Feb,North,Bogura,Akkash Ali Traders,0
2025-02-28,2025,Feb,North,Bogura,Alam and Brothers,0
2025-02-28,2025,Feb,South,Patuakhali,Al-Amin Traders-Patuakhali,0
2025-02-28,2025,Feb,North,Tangail,Alam Motors,0
2025-02-28,2025,Feb,South,Faridpur,Al-Bagdad Iron Steel- Faridpur,0
2025-02-28,2025,Feb,Dhaka,Dhaka,Al Baraka Steel Corporation- Mirpur,0
2025-02-28,2025,Feb,North East,Brahmanbaria,Al Ekram Traders,0
2025-02-28,2025,Feb,North,Rangpur,Alhaj Atiar Rahman,0
2025-02-28,2025,Feb,North,Dinajpur,Al Haj Traders,0
2025-02-28,2025,Feb,North East,Feni,Al Haj Zakir Enterprise,0
2025-02-28,2025,Feb,South,Bagerhat,Allahardan Enterprise-Bagerhat,0
2025-02-28,2025,Feb,South,Satkhira,Allahardan  Hardware,0
2025-02-28,2025,Feb,South,Satkhira,Allahar Dan Iron Store,0
2025-02-28,2025,Feb,North,Rajshahi,Al Manar Steel,169
2025-02-28,2025,Feb,Dhaka,Dhaka,Aman  Steel Corporation,0
2025-02-28,2025,Feb,North East,Jamalpur,Amena Enterprise-Jamalpur,0
2025-02-28,2025,Feb,Dhaka,Dhaka,Amin and Brother,5
2025-02-28,2025,Feb,South,Bagerhat,Amin Enterprise,0
2025-02-28,2025,Feb,South,Shariatpur,Amin Store,0
2025-02-28,2025,Feb,North East,Jamalpur,Amin Traders,0
2025-02-28,2025,Feb,South,Dhaka,Aminul Islam- Kustia,0
2025-02-28,2025,Feb,North,Tangail,Anny Construction,0
2025-02-28,2025,Feb,South,Satkhira,Anowar Trading,0
2025-02-28,2025,Feb,South,Rajbari,Anupam Nirmata,0
2025-02-28,2025,Feb,South,Rajbari,Anwar Traders,0
2025-02-28,2025,Feb,Dhaka,Dhaka,Arafah Development and Builders Ltd.,0
2025-02-28,2025,Feb,Dhaka,Dhaka,Arafat Trading,0
2025-02-28,2025,Feb,South,Khulna,Arafat Trading - Khulna,0
2025-02-28,2025,Feb,Dhaka,Narayanganj,AR Building Design and Construction,0
2025-02-28,2025,Feb,Dhaka,Dhaka,A.R Corporation,73
2025-02-28,2025,Feb,North East,Dhaka,ARF Trading International,0
2025-02-28,2025,Feb,Dhaka,Gazipur,Arifa Enterprise,29
2025-02-28,2025,Feb,South,Meherpur,Arif Enterprise,0
2025-02-28,2025,Feb,North,Sirajganj,Ariful Islam Traders,0
2025-02-28,2025,Feb,Dhaka,Dhaka,Arowa Traders,251
2025-02-28,2025,Feb,North,Dhaka,A.R. Trading (Rangpur),0
2025-02-28,2025,Feb,Dhaka,Gazipur,Ashik Traders,0
2025-02-28,2025,Feb,South,Barguna,Ashraful Enterprise,0
2025-02-28,2025,Feb,North,Dinajpur,Asma Traders,0
2025-02-28,2025,Feb,North East,Cumilla,A.Wohab and Sons,0
2025-02-28,2025,Feb,North East,Feni,Ayesha Enterprise,0
2025-02-28,2025,Feb,South,Shariatpur,Azad Traders - Soriotpur,0
2025-02-28,2025,Feb,North East,Chandpur,Aziz Brothers,0
2025-02-28,2025,Feb,South,Jhenaidah,Azizul Haque,0
2025-02-28,2025,Feb,Dhaka,Dhaka,Badsha Faisal Institute Madrasha,0
2025-02-28,2025,Feb,Dhaka,Dhaka,Bangladesh Shishu Kallyan Porishod (BCCW),21
2025-02-28,2025,Feb,South,Barishal,Barishal Iron House,0
2025-02-28,2025,Feb,North,Tangail,Basail Trading House,0
2025-02-28,2025,Feb,North East,Jamalpur,Bashonti Traders,0
2025-02-28,2025,Feb,North,Rangpur,Bengal and Company,0
2025-02-28,2025,Feb,South,Jashore,Bhai Bhai Enterprise,0
2025-02-28,2025,Feb,South,Madaripur,Bhai Bhai Traders - Madaripur,0
2025-02-28,2025,Feb,North,Kurigram,Bhai Bhai Trading,13
2025-02-28,2025,Feb,Dhaka,Gazipur,Bhai Bhon Enterprise,0
2025-02-28,2025,Feb,North,Tangail,Bhuiyan Traders- Mirzapur,0
2025-02-28,2025,Feb,South,Bagerhat,Bismillah Enterprise-Bagerhat,0
2025-02-28,2025,Feb,South,Magura,Bismillah Steel Corner,0
2025-02-28,2025,Feb,South,Khulna,Bismillah Steel House,0
2025-02-28,2025,Feb,Dhaka,Dhaka,Bismillah Traders-Dhaka,30
2025-02-28,2025,Feb,North East,Narsingdi,Bismillah Traders -Narsingdi,0
2025-02-28,2025,Feb,South,Satkhira,Bismillah Traders-Satkhira,0
2025-02-28,2025,Feb,North,Sirajganj,Borsha Enterprise,0
2025-02-28,2025,Feb,South,Dhaka,BRB Cable Industries Ltd. (Dr.),0
2025-02-28,2025,Feb,South,Kushtia,Bristy Traders,0
2025-02-28,2025,Feb,South,Chuadanga,Brothers Traders,13
2025-02-28,2025,Feb,Dhaka,Dhaka,Capital Builders,0
2025-02-28,2025,Feb,South,Patuakhali,Choudhory Enterprise,0
2025-02-28,2025,Feb,South,Patuakhali,Chowa Traders,0
2025-02-28,2025,Feb,North East,Sylhet,Chowdhury Trading,0
2025-02-28,2025,Feb,North,Tangail,Chunailal Traders,0
2025-02-28,2025,Feb,North East,Mymensingh,Community Health Foundation Bangladesh,50
2025-02-28,2025,Feb,North,Tangail,Das Traders,0
2025-02-28,2025,Feb,South,Gopalganj,Delwar and Brothers - Gopalgonj,0
2025-02-28,2025,Feb,North East,Feni,Desh Agency,0
2025-02-28,2025,Feb,South,Kushtia,Dhaka Steel,26
2025-02-28,2025,Feb,North,Pabna,Dhaka Steel King,0
2025-02-28,2025,Feb,Dhaka,Gazipur,Dhaka Trade Centre,7
2025-02-28,2025,Feb,North,Naogaon,Dipak Kumar Deb,0
2025-02-28,2025,Feb,Dhaka,Dhaka,Dipti Traders,0
2025-02-28,2025,Feb,North,Pabna,D.K Traders,0
2025-02-28,2025,Feb,North East,Chandpur,Doha Traders,0
2025-02-28,2025,Feb,North,Nilphamari,DOSHMILE TRADERS,0
2025-02-28,2025,Feb,North East,Mymensingh,Dulal Traders,0
2025-02-28,2025,Feb,North,Chapainawabganj,Emdadul Haque,0
2025-02-28,2025,Feb,South,Jhenaidah,Emon Enterprise,0
2025-02-28,2025,Feb,North,Dinajpur,Eng.Md.Mohsin Ali,0
2025-02-28,2025,Feb,North East,Cumilla,Engr. Shafiqul Islam Build and Consultancy,0
2025-02-28,2025,Feb,North East,Brahmanbaria,Eng. Suman Datta,0
2025-02-28,2025,Feb,Dhaka,Gazipur,Evan Enterprise,0
2025-02-28,2025,Feb,Dhaka,Dhaka,Fakir Chan Bepari and Sons,0
2025-02-28,2025,Feb,North,Kurigram,Farhad and Brothers,0
2025-02-28,2025,Feb,Dhaka,Dhaka,Farid Enterprise,35
2025-02-28,2025,Feb,Dhaka,Manikganj,Faruk and Brothers,76
2025-02-28,2025,Feb,South,Meherpur,Faruk Enterprise - Meherpur,0
2025-02-28,2025,Feb,Dhaka,Dhaka,Feni Traders,0
2025-02-28,2025,Feb,South,Meherpur,F.K Trade,0
2025-02-28,2025,Feb,North,Dhaka,F M Trading International,0
2025-02-28,2025,Feb,North East,Noakhali,Foyez Store,0
2025-02-28,2025,Feb,North East,Chattogram,Friends International,0
2025-02-28,2025,Feb,North East,Mymensingh,F.S Enterprise,50
2025-02-28,2025,Feb,North,Thakurgaon,Gallery Traders,0
2025-02-28,2025,Feb,South,Barishal,Gangashari Traders,0
2025-02-28,2025,Feb,North,Dinajpur,Gausheyz Ventores,0
2025-02-28,2025,Feb,Dhaka,Dhaka,Gawsia Enterprise,80
2025-02-28,2025,Feb,Dhaka,Gazipur,Giash Steel,0
2025-02-28,2025,Feb,South,Barguna,GM Ikfa Enterprise,0
2025-02-28,2025,Feb,Dhaka,Dhaka,Golam Mostafa-Turag,8
2025-02-28,2025,Feb,North East,Cumilla,Grameen Traders,0
2025-02-28,2025,Feb,North East,Mymensingh,Greenland Developers (Pvt.)Ltd.,0
2025-02-28,2025,Feb,South,Faridpur,Habib Enterprise (Faridpur),41
2025-02-28,2025,Feb,Dhaka,Gazipur,Haji Enterprise - Gazipur,44
2025-02-28,2025,Feb,North,Dinajpur,Hamana Traders,0
2025-02-28,2025,Feb,North,Rangpur,Hamid and Sons,0
2025-02-28,2025,Feb,South,Jashore,Hamid Traders,0
2025-02-28,2025,Feb,South,Madaripur,Hamim International,0
2025-02-28,2025,Feb,North,Chapainawabganj,Hammad and Sons,0
2025-02-28,2025,Feb,South,Chuadanga,Hannan and Brothers-Chuadanga,0
2025-02-28,2025,Feb,North,Bogura,Hannan Traders,0
2025-02-28,2025,Feb,North East,Mymensingh,Haque and Brothers,0
2025-02-28,2025,Feb,South,Bhola,Haque and Sons-Bhola,0
2025-02-28,2025,Feb,South,Jhenaidah,Haque and Sons-Jhenaidah,0
2025-02-28,2025,Feb,North,Sirajganj,Haque Iron,0
2025-02-28,2025,Feb,North,Tangail,Harun Enterprise,108
2025-02-28,2025,Feb,South,Barishal,Hawlader Iron Store,0
2025-02-28,2025,Feb,North East,Brahmanbaria,Hazi Mobarak Traders,0
2025-02-28,2025,Feb,North,Dinajpur,Hera Traders,0
2025-02-28,2025,Feb,Dhaka,Dhaka,Hobigonj Traders,0
2025-02-28,2025,Feb,North,Dhaka,Hossain Construction ( Pvt ) Ltd,0
2025-02-28,2025,Feb,North East,Kishoreganj,Hossen Bhuiyan Steel House,0
2025-02-28,2025,Feb,South,Khulna,Howlader and Company,0
2025-02-28,2025,Feb,Dhaka,Dhaka,Howlader Enterprise,39
2025-02-28,2025,Feb,South,Jhalokati,Howlader Traders-Jhalokathi,0
2025-02-28,2025,Feb,Dhaka,Dhaka,H.S Corporation,5
2025-02-28,2025,Feb,North,Gaibandha,Humayan Kabir Traders-Gaibandha,0
2025-02-28,2025,Feb,South,Kushtia,Hymo International,0
2025-02-28,2025,Feb,North,Rangpur,Imarat Trading,25
2025-02-28,2025,Feb,South,Satkhira,Imarot Trading-Satkhira,0
2025-02-28,2025,Feb,South,Faridpur,Iron and Steel House,0
2025-02-28,2025,Feb,North East,Cumilla,Islam and Sons,0
2025-02-28,2025,Feb,North,Bogura,Islam Brothers-Bogura,0
2025-02-28,2025,Feb,South,Jashore,Islam Traders-Jessore,0
2025-02-28,2025,Feb,North,Rangpur,Itusa Builders,0
2025-02-28,2025,Feb,North,Tangail,I.V Methi Traders,0
2025-02-28,2025,Feb,South,Faridpur,Jahangir Store - Faridpur,0
2025-02-28,2025,Feb,South,Satkhira,Jaman Traders,0
2025-02-28,2025,Feb,North,Dhaka,Janata Enterprise- Sirajgonj,0
2025-02-28,2025,Feb,North,Dhaka,Janata Steel and Iron House,0
2025-02-28,2025,Feb,North,Bogura,J and Ma Enterprise,0
2025-02-28,2025,Feb,South,Faridpur,Jaseka Traders,42
2025-02-28,2025,Feb,North East,Noakhali,Jashim Steel House,26
2025-02-28,2025,Feb,North,Lalmonirhat,Jerin Enterprise,0
2025-02-28,2025,Feb,North East,Kishoreganj,Jesan Traders,0
2025-02-28,2025,Feb,South,Jashore,JesminSanitary and Iron Store,0
2025-02-28,2025,Feb,South,Narail,Jhorna Enterprise,0
2025-02-28,2025,Feb,South,Khulna,Joint Enterprise,0
2025-02-28,2025,Feb,North,Tangail,Joy Joya Enterprise,79
2025-02-28,2025,Feb,South,Shariatpur,Julhas and Brothers,0
2025-02-28,2025,Feb,North,Bogura,Kabir Traders-Bogra,0
2025-02-28,2025,Feb,North East,Cumilla,Kajol Enterprise,0
2025-02-28,2025,Feb,North East,Cumilla,Kalam and Sons,0
2025-02-28,2025,Feb,South,Faridpur,Kamarjani Traders,0
2025-02-28,2025,Feb,Dhaka,Gazipur,Kamrul Trading Corporation,5
2025-02-28,2025,Feb,South,Faridpur,Kamruzzaman Enterprise,0
2025-02-28,2025,Feb,South,Kushtia,Kanak Traders-Kustia,0
2025-02-28,2025,Feb,Dhaka,Gazipur,Kashem and Sons,4
2025-02-28,2025,Feb,North East,Noakhali,Kashem Traders (Noakhali),0
2025-02-28,2025,Feb,North,Kurigram,Khairul Enterprise,0
2025-02-28,2025,Feb,Dhaka,Dhaka,Khalid Trading Corporation,0
2025-02-28,2025,Feb,South,Jhalokati,Khan Builders,0
2025-02-28,2025,Feb,Dhaka,Dhaka,Khan Enterprise,62
2025-02-28,2025,Feb,North East,Lakshmipur,Khan Machineries Store,0
2025-02-28,2025,Feb,South,Khulna,Khan Traders -Khulna,27
2025-02-28,2025,Feb,South,Madaripur,Khan Traders- Madaripur,0
2025-02-28,2025,Feb,South,Madaripur,Khan Traders- Shibchor,0
2025-02-28,2025,Feb,North East,Chandpur,Khaza Variety Store,0
2025-02-28,2025,Feb,Dhaka,Gazipur,Khurshida Builders,38
2025-02-28,2025,Feb,South,Narail,King Builders,0
2025-02-28,2025,Feb,North,Rajshahi,Kismot Trading Corporation,0
2025-02-28,2025,Feb,South,Barishal,K K Enterprise,0
2025-02-28,2025,Feb,North,Dinajpur,Kobir Traders,0
2025-02-28,2025,Feb,Dhaka,Dhaka,Kolatia Traders,10
2025-02-28,2025,Feb,North East,Mymensingh,K.S. Trading,0
2025-02-28,2025,Feb,North,Dinajpur,Kumor Uddin and Sons,0
2025-02-28,2025,Feb,North,Dinajpur,Kundu Brothers,0
2025-02-28,2025,Feb,South,Faridpur,Kustia Enterprise,0
2025-02-28,2025,Feb,South,Barishal,Layla Builders,0
2025-02-28,2025,Feb,South,Patuakhali,Lila Enterprise,13
2025-02-28,2025,Feb,North,Tangail,Liton Enterprise,0
2025-02-28,2025,Feb,North,Nilphamari,L.N Trading Co.,13
2025-02-28,2025,Feb,North East,Mymensingh,Lubaba  Enterprise,0
2025-02-28,2025,Feb,North East,Sylhet,Ludhi Steel Marchant,0
2025-02-28,2025,Feb,North East,Feni,Madani Traders,0
2025-02-28,2025,Feb,South,Shariatpur,Madbor Enterprise,0
2025-02-28,2025,Feb,Dhaka,Narayanganj,Madina Corporation,0
2025-02-28,2025,Feb,North East,Netrokona,Mahabub Traders,0
2025-02-28,2025,Feb,Dhaka,Dhaka,Mahadi Design and Construction,0
2025-02-28,2025,Feb,North,Rajshahi,Mahamud Enterprise,0
2025-02-28,2025,Feb,North,Thakurgaon,Mahbub Enterprise,0
2025-02-28,2025,Feb,South,Jhenaidah,Mahir Trading,0
2025-02-28,2025,Feb,North East,Mymensingh,Mahi Traders,0
2025-02-28,2025,Feb,North,Dinajpur,Mahi Traders-Dinajpur,0
2025-02-28,2025,Feb,South,Jashore,Mahiya Kabir Corporation,27
2025-02-28,2025,Feb,North,Bogura,Mahmud Mahbub Traders,0
2025-02-28,2025,Feb,Dhaka,Dhaka,Makkah Traders,17
2025-02-28,2025,Feb,Dhaka,Gazipur,Mamun Enterprise-Gazipur,71
2025-02-28,2025,Feb,North East,Sylhet,Mamun Enterprise- Shylet,0
2025-02-28,2025,Feb,North,Pabna,Mamun Traders-Pabna,0
2025-02-28,2025,Feb,South,Kushtia,Mannan Hardware and Iron Store,0
2025-02-28,2025,Feb,Dhaka,Narayanganj,Mashin Corporation,0
2025-02-28,2025,Feb,North,Bogura,Master Traders (Shantahar),39
2025-02-28,2025,Feb,South,Barishal,Masud Enterprise,0
2025-02-28,2025,Feb,South,Madaripur,Mayer Doa Enterprise,0
2025-02-28,2025,Feb,North East,Netrokona,Mayer Doa Traders,0
2025-02-28,2025,Feb,Dhaka,Gazipur,MB Enterprise,5
2025-02-28,2025,Feb,Dhaka,Dhaka,Md. Hassan Kalu,4
2025-02-28,2025,Feb,North East,Chandpur,Md.Nasir Uddin -Chandpur,0
2025-02-28,2025,Feb,South,Bagerhat,Media Enterprise,0
2025-02-28,2025,Feb,South,Shariatpur,M H Traders,0
2025-02-28,2025,Feb,North East,Cumilla,Mili Enterprise,0
2025-02-28,2025,Feb,Dhaka,Gazipur,Mim Enterprise,0
2025-02-28,2025,Feb,Dhaka,Dhaka,Misti Enterprise,0
2025-02-28,2025,Feb,North East,Jamalpur,Mizan and Son's,26
2025-02-28,2025,Feb,South,Jhalokati,M Khan Ltd.,0
2025-02-28,2025,Feb,North East,Mymensingh,M K Traders,0
2025-02-28,2025,Feb,Dhaka,Dhaka,Modina Steel Corporation,34
2025-02-28,2025,Feb,North East,Sherpur,Mofazzal Enterprise,13
2025-02-28,2025,Feb,South,Kushtia,Mokka Enterprise- Kustia,0
2025-02-28,2025,Feb,South,Magura,Molla Banijjo Vander,0
2025-02-28,2025,Feb,North East,Cumilla,Molla Traders- Comilla,39
2025-02-28,2025,Feb,South,Jashore,Mollik Enterprise-Khulna,0
2025-02-28,2025,Feb,North,Dinajpur,Mondol Traders - Dinajpur,0
2025-02-28,2025,Feb,North,Kurigram,Mondol Traders- Kurigram,0
2025-02-28,2025,Feb,North,Sirajganj,Mondol Traders- Sirajgonj,0
2025-02-28,2025,Feb,Dhaka,Dhaka,Monir Enterprise,0
2025-02-28,2025,Feb,North,Dinajpur,Monoj Kumar Mallick,0
2025-02-28,2025,Feb,North East,Jamalpur,Morzina Steel House,0
2025-02-28,2025,Feb,South,Barishal,Moshiur Rahman Minto,0
2025-02-28,2025,Feb,North,Tangail,Mostafa Enterprise-Tangail,0
2025-02-28,2025,Feb,North,Rangpur,M.R Traders,0
2025-02-28,2025,Feb,North East,Chandpur,M/S: Tafhim Enterprise,0
2025-02-28,2025,Feb,South,Narail,M/S Abdul Hadi Traders,0
2025-02-28,2025,Feb,North,Naogaon,M/S Abdullah Traders,0
2025-02-28,2025,Feb,North,Sirajganj,M/S Abdus Samad Khan,0
2025-02-28,2025,Feb,North East,Cumilla,M/S Abedin Enterprise,0
2025-02-28,2025,Feb,South,Patuakhali,M/S. Abul Kalam Azad,28
2025-02-28,2025,Feb,North East,Narsingdi,M/S Adiat Traders,0
2025-02-28,2025,Feb,Dhaka,Dhaka,M/S Adil Enterprise,7
2025-02-28,2025,Feb,North,Pabna,M/S Adi Saha Trading,0
2025-02-28,2025,Feb,South,Satkhira,M/S. Afroz Enterprise,0
2025-02-28,2025,Feb,North,Nilphamari,M/S. Al Amin Traders-Nilphamary,0
2025-02-28,2025,Feb,North East,Netrokona,M/S Alam Traders,0
2025-02-28,2025,Feb,North,Dinajpur,M/S. Alhaj Traders-Dinajpur,0
2025-02-28,2025,Feb,South,Shariatpur,M/S Aliuzzaman Mir Malot,0
2025-02-28,2025,Feb,Dhaka,Gazipur,M/S Al-Madina Enterprise,0
2025-02-28,2025,Feb,South,Kushtia,M/S. Al-Nobi Hardware & Sanitary,0
2025-02-28,2025,Feb,North East,Noakhali,M/S Anisha Enterprise,0
2025-02-28,2025,Feb,North,Sirajganj,M/S Anowar Enterprise,0
2025-02-28,2025,Feb,South,Barguna,M/S. Anower Brick,0
2025-02-28,2025,Feb,Dhaka,Gazipur,M/S Arif Traders,18
2025-02-28,2025,Feb,North East,Cumilla,M/S -Ariyan Enterprise,0
2025-02-28,2025,Feb,South,Faridpur,M/S Asraf  and Sons,0
2025-02-28,2025,Feb,South,Jhenaidah,M/S. Astha Builders,0
2025-02-28,2025,Feb,South,Barguna,M/S Ayaan Traders,0
2025-02-28,2025,Feb,South,Jashore,M/S Ayesha Steel Corporation,0
2025-02-28,2025,Feb,South,Patuakhali,M/S. Azad Enterprise,0
2025-02-28,2025,Feb,South,Jashore,M/S Azim Shah Traders,18
2025-02-28,2025,Feb,North,Natore,M/S Azmir Enterprise,0
2025-02-28,2025,Feb,South,Jashore,M/S Babu Traders,0
2025-02-28,2025,Feb,South,Magura,M/S Bali Construction,0
2025-02-28,2025,Feb,South,Chuadanga,M/S. Bani Traders,0
2025-02-28,2025,Feb,Dhaka,Dhaka,M/S Bepari Traders,0
2025-02-28,2025,Feb,South,Rajbari,M/S Bepari Traders - Rajbari,0
2025-02-28,2025,Feb,Dhaka,Dhaka,M/S Bhai Bhai Traders and Engineering Works,5
2025-02-28,2025,Feb,North,Dinajpur,M/S. Bhai Bhai Traders (Dinajpur),0
2025-02-28,2025,Feb,North East,Cumilla,M/S Bhuiyan Traders-Cumilla,0
2025-02-28,2025,Feb,North East,Noakhali,M/S Bhuiyan Traders-Noakhali,0
2025-02-28,2025,Feb,North,Rangpur,M/S. Billah Traders,0
2025-02-28,2025,Feb,North East,Chandpur,MS.Billal Traders-Chandpur,0
2025-02-28,2025,Feb,North East,Mymensingh,M/S Bismillah Hardware and Glass House,0
2025-02-28,2025,Feb,North East,Kishoreganj,M/S Bismillah Traders- Bhairob,0
2025-02-28,2025,Feb,North East,Kishoreganj,M/S Bismillah Traders-Mymensing,0
2025-02-28,2025,Feb,North,Naogaon,M/S. Bismillha Traders-Naoga,0
2025-02-28,2025,Feb,South,Jhenaidah,M/S Bondhu Enterprise,13
2025-02-28,2025,Feb,North,Sherpur,M/S. Bondhu Enterprise-Bogra,0
2025-02-28,2025,Feb,South,Bhola,M/S Bushra Construction,0
2025-02-28,2025,Feb,North,Bogura,M/S. Bushra Traders,52
2025-02-28,2025,Feb,South,Jashore,M/S Chitra Trading,0
2025-02-28,2025,Feb,North,Lalmonirhat,M/s Dhorla Trading,0
2025-02-28,2025,Feb,South,Jashore,M/S. Dipro Enterprise,0
2025-02-28,2025,Feb,South,Faridpur,M/S. Durgapur Hi Tech,0
2025-02-28,2025,Feb,North East,Narsingdi,M/S Easy Builders,0
2025-02-28,2025,Feb,South,Khulna,M/S. Elina Enterprise,0
2025-02-28,2025,Feb,South,Pirojpur,M/S Emon Enterprise,0
2025-02-28,2025,Feb,North East,Dhaka,M/S. Engineer Builders,90
2025-02-28,2025,Feb,North East,Cumilla,M/S. Faisal Enterprise,0
2025-02-28,2025,Feb,South,Gopalganj,M/S Fakir and Sons,0
2025-02-28,2025,Feb,South,Satkhira,M/S Faruk Traders-Sathkhira,0
2025-02-28,2025,Feb,Dhaka,Dhaka,M/S Fatema Steel Agency,6
2025-02-28,2025,Feb,South,Meherpur,M/S. Fojilatun Nesha &Sons,0
2025-02-28,2025,Feb,South,Barishal,M/S Forkan Traders,0
2025-02-28,2025,Feb,South,Gopalganj,M/S Friends Enterprise,0
2025-02-28,2025,Feb,North East,Cumilla,M/S Gaji Hardware,0
2025-02-28,2025,Feb,North,Kurigram,M/S. G.M Enterprise,0
2025-02-28,2025,Feb,Dhaka,Dhaka,M/S. Hailmi Enterprise,0
2025-02-28,2025,Feb,North East,Cumilla,M/S Hanif Enterprise,0
2025-02-28,2025,Feb,Dhaka,Dhaka,M/S Haque and Hasan Traders,0
2025-02-28,2025,Feb,North East,Feni,M/S Haque Enterprise,0
2025-02-28,2025,Feb,North East,Brahmanbaria,M/S. Hasan Enterprise,13
2025-02-28,2025,Feb,South,Satkhira,M/S. Hasan Traders-Satkhira,0
2025-02-28,2025,Feb,South,Shariatpur,M/S. Hawlader Enterprise-Sariatpur,0
2025-02-28,2025,Feb,North East,Dhaka,M/S Hazi Abdul Khalique  & Son's,0
2025-02-28,2025,Feb,Dhaka,Dhaka,M/S Hazi Sarif Munshi Traders,10
2025-02-28,2025,Feb,South,Madaripur,M/S. Hazi Traders- Madaripur,0
2025-02-28,2025,Feb,North East,Jamalpur,M/S HEMENDRA CHANDRA SINGH,0
2025-02-28,2025,Feb,North East,Noakhali,M/S Hoque and Brothers (Noakhali),0
2025-02-28,2025,Feb,South,Bhola,M/S H Rahman and Sons,20
2025-02-28,2025,Feb,Dhaka,Narayanganj,M/S Ichapuri Cement House,0
2025-02-28,2025,Feb,South,Patuakhali,M/S.Islamia Traders,0
2025-02-28,2025,Feb,South,Jashore,M/S Islam Traders- Keshabpur,0
2025-02-28,2025,Feb,North,Tangail,M/S. Islam Traders- Sirajgonj,0
2025-02-28,2025,Feb,North,Naogaon,M/S. IT Construction,0
2025-02-28,2025,Feb,North East,Lakshmipur,M/S Jahir Enterprise,0
2025-02-28,2025,Feb,South,Patuakhali,M/S.Jamal Traders,0
2025-02-28,2025,Feb,North,Tangail,M/S.Jannath Enterprise,0
2025-02-28,2025,Feb,North East,Jamalpur,M/S Jibon Enterprise,0
2025-02-28,2025,Feb,North East,Jamalpur,M/S. Jibon Traders,0
2025-02-28,2025,Feb,South,Jashore,M/S Johir Enterprise,0
2025-02-28,2025,Feb,South,Meherpur,M/S Jony Enterprise -Meherpur,0
2025-02-28,2025,Feb,South,Jhenaidah,M/S Kafi Traders,0
2025-02-28,2025,Feb,South,Barguna,M/S. Kamal Enterprise,13
2025-02-28,2025,Feb,Dhaka,Dhaka,M/S. Kamal Traders,11
2025-02-28,2025,Feb,North,Panchagarh,M/S Kamlesh Traders,0
2025-02-28,2025,Feb,South,Barguna,M/S. Karim Builders,0
2025-02-28,2025,Feb,North,Tangail,M/S. Khalekujjaman Traders,0
2025-02-28,2025,Feb,South,Faridpur,M/S Khan Enterprise-Faridpur,0
2025-02-28,2025,Feb,Dhaka,Gazipur,M/S Khan Enterprise-Kaligonj,0
2025-02-28,2025,Feb,North,Dinajpur,M/S. Khan Enterprises- Dinajpur,0
2025-02-28,2025,Feb,North,Tangail,M/S Khan Traders-Tangail,0
2025-02-28,2025,Feb,South,Faridpur,M/S Khaza Traders,0
2025-02-28,2025,Feb,North East,Cumilla,M/S. Khokon Enterprise,0
2025-02-28,2025,Feb,North,Thakurgaon,M/S. Kibriya Enterprise,0
2025-02-28,2025,Feb,North East,Cumilla,M/S-Laksam Trading Corporation,0
2025-02-28,2025,Feb,Dhaka,Manikganj,M/S Latif Traders,0
2025-02-28,2025,Feb,South,Gopalganj,M/S Linkon Enterprise,13
2025-02-28,2025,Feb,North,Natore,M/s Liton Enterprise,0
2025-02-28,2025,Feb,North East,Narsingdi,M/S. Liza Traders,0
2025-02-28,2025,Feb,Dhaka,Dhaka,M/S. Maa Enterprise,0
2025-02-28,2025,Feb,South,Barishal,M/S. Mahabub Traders,13
2025-02-28,2025,Feb,Dhaka,Gazipur,M/S. Mainul Traders,0
2025-02-28,2025,Feb,North East,Brahmanbaria,M/S. Malek and Sons,0
2025-02-28,2025,Feb,North,Dhaka,M/S. Manobendro Das,0
2025-02-28,2025,Feb,Dhaka,Dhaka,M/S. Marks Trading,0
2025-02-28,2025,Feb,South,Jhalokati,M/S Mary Suppliers and Mary Bricks,28
2025-02-28,2025,Feb,South,Bhola,M/S. Masaallah Traders,0
2025-02-28,2025,Feb,North East,Cumilla,M/S.Masfalah Construction,0
2025-02-28,2025,Feb,South,Khulna,M/S. M. A Traders (Dr.),14
2025-02-28,2025,Feb,Dhaka,Gazipur,M/S Mawna Builders,17
2025-02-28,2025,Feb,North,Tangail,M/S Maya Traders,0
2025-02-28,2025,Feb,South,Satkhira,M/S. Mayer Doa Sanitary and Anwar Sheet Enterprise,0
2025-02-28,2025,Feb,North,Bogura,M/S. Mayer Doya Variety Store,0
2025-02-28,2025,Feb,Dhaka,Gazipur,M/s Midul Enterprise,21
2025-02-28,2025,Feb,South,Kushtia,M/S Mim Traders-Kustia,0
2025-02-28,2025,Feb,South,Chuadanga,M/S Mizan Traders,0
2025-02-28,2025,Feb,South,Faridpur,M/S Modina Traders,0
2025-02-28,2025,Feb,North East,Noakhali,M/S. Mokka Enterprise- Noakhali,0
2025-02-28,2025,Feb,North East,Narsingdi,M/S Mollah Enterprise-Narsingdi,0
2025-02-28,2025,Feb,North,Rajshahi,M/S. Mollah Enterprise-Rajshahi,0
2025-02-28,2025,Feb,North East,Cumilla,M/S Molla Traders-Chouddogram,0
2025-02-28,2025,Feb,South,Gopalganj,M/S Molla Traders-Gopalgonj,0
2025-02-28,2025,Feb,North,Bogura,M/S. Mondol Traders-Shibgonj,0
2025-02-28,2025,Feb,North,Tangail,M/S. Monira Enterprise,0
2025-02-28,2025,Feb,North,Dhaka,M/S Moon Traders- Sirajgonj,0
2025-02-28,2025,Feb,South,Barguna,M/S. Mridha Traders,0
2025-02-28,2025,Feb,North East,Netrokona,M/S-M.S Traders,0
2025-02-28,2025,Feb,North,Bogura,M/S. Mukta Traders,0
2025-02-28,2025,Feb,North East,Noakhali,M/S.Muldhara Trading,0
2025-02-28,2025,Feb,South,Pirojpur,M/S Nahar Enterprise- Pirojpur,0
2025-02-28,2025,Feb,South,Shariatpur,M/S Nayeem Enterprise,0
2025-02-28,2025,Feb,North,Tangail,M/S. Nazmul Enterprise,0
2025-02-28,2025,Feb,North East,Cumilla,M/S. Nazrul Traders,0
2025-02-28,2025,Feb,South,Pirojpur,M/S New Hope Traders,0
2025-02-28,2025,Feb,South,Gopalganj,M/S. New Sikder Traders,0
2025-02-28,2025,Feb,South,Satkhira,M/s Nirala Trader's,0
2025-02-28,2025,Feb,South,Madaripur,M/s Nirman,0
2025-02-28,2025,Feb,South,Barguna,M/s. Nur-E-Madina Trading,0
2025-02-28,2025,Feb,South,Faridpur,M/S Nur Mahidi Nerman Vander,0
2025-02-28,2025,Feb,South,Pirojpur,M/S Oishani Enterprise,0
2025-02-28,2025,Feb,Dhaka,Dhaka,M/S Osman Steel Corporation,0
2025-02-28,2025,Feb,North East,Lakshmipur,M/S Parvez Enterprise,0
2025-02-28,2025,Feb,North,Naogaon,M/S Parvez Trading-Naogaon,70
2025-02-28,2025,Feb,North,Dinajpur,M/S Popular Steel,0
2025-02-28,2025,Feb,South,Gopalganj,M/s Porosh Enterprise,27
2025-02-28,2025,Feb,North East,Cumilla,MS.Probashi G.I. Enterpries.,0
2025-02-28,2025,Feb,North,Dhaka,M/S. Purabi Traders,0
2025-02-28,2025,Feb,North,Pabna,M/S Rafiq Enterprise,0
2025-02-28,2025,Feb,South,Narail,M/S Rahit Ruchi Enterprise,0
2025-02-28,2025,Feb,Dhaka,Narayanganj,M/S Rahmania Enterprise,0
2025-02-28,2025,Feb,South,Chuadanga,M/S Rahman Traders,0
2025-02-28,2025,Feb,North East,Narsingdi,M/S Rahman Traders-Norsingdi,0
2025-02-28,2025,Feb,South,Jashore,M/S Raisa Enterprise,0
2025-02-28,2025,Feb,North,Thakurgaon,M/S. Raju Ceramic & Sanitary,0
2025-02-28,2025,Feb,Dhaka,Gazipur,M/S Rana Enterprise,0
2025-02-28,2025,Feb,North,Panchagarh,M/S. Rashad Traders,0
2025-02-28,2025,Feb,Dhaka,Dhaka,M/S. Rayhan Enterprise,28
2025-02-28,2025,Feb,Dhaka,Gazipur,M/S R.B Steel and Co.,30
2025-02-28,2025,Feb,North,Natore,M/S. Reza Enterprise,0
2025-02-28,2025,Feb,North,Pabna,M/S.Reza Enterprise-Pabna,0
2025-02-28,2025,Feb,North,Dinajpur,M/S Ripon Traders,0
2025-02-28,2025,Feb,South,Jashore,M/S R M Traders,0
2025-02-28,2025,Feb,North,Rangpur,M/S Rohima Traders,0
2025-02-28,2025,Feb,North,Panchagarh,M/S Rostom and Sons,0
2025-02-28,2025,Feb,North East,Cumilla,M/S. RS Hardware,0
2025-02-28,2025,Feb,North East,Noakhali,M/S Ruhul Amin Traders,0
2025-02-28,2025,Feb,Dhaka,Gazipur,M/S Sadar Builders,0
2025-02-28,2025,Feb,North,Tangail,M/S Sadia and Samia Traders,0
2025-02-28,2025,Feb,North,Panchagarh,M/S. Sadik Enterprise,0
2025-02-28,2025,Feb,South,Khulna,M/S. Safwan Corporation,0
2025-02-28,2025,Feb,North,Thakurgaon,M/S. Sahi-Imran Traders,0
2025-02-28,2025,Feb,Dhaka,Narayanganj,M/S Saif Traders,0
2025-02-28,2025,Feb,South,Madaripur,M/S Saifullah Enterprise,0
2025-02-28,2025,Feb,North,Pabna,M/S Samir Traders,52
2025-02-28,2025,Feb,South,Barishal,M/S Sazib Trading,0
2025-02-28,2025,Feb,North,Bogura,M/S Sazid Traders,13
2025-02-28,2025,Feb,South,Patuakhali,M/S.Serajul Haque,0
2025-02-28,2025,Feb,North,Rangpur,M/S. Shafi Trading,0
2025-02-28,2025,Feb,South,Faridpur,M/S Shah Farid Nirman Vander,0
2025-02-28,2025,Feb,North,Kurigram,M/S. Shaju Hardware,0
2025-02-28,2025,Feb,South,Jhenaidah,M/S Shamim Steel Corner,0
2025-02-28,2025,Feb,South,Shariatpur,M/S Shamim Traders-Sariatpur,0
2025-02-28,2025,Feb,South,Jhalokati,M/S Shampa Construction,0
2025-02-28,2025,Feb,North,Nilphamari,M/S. Sharif Construction Center,0
2025-02-28,2025,Feb,South,Gopalganj,M/S. Sharif Enterprise,0
2025-02-28,2025,Feb,South,Pirojpur,M/S. Shikder Enterprise-Pirojpur,0
2025-02-28,2025,Feb,South,Magura,M/S Shohag Enterprise-Satkhira,0
2025-02-28,2025,Feb,North,Sirajganj,M/s Shohan Iron and Steel House.,0
2025-02-28,2025,Feb,North,Thakurgaon,M/S. Shovon Traders,0
2025-02-28,2025,Feb,South,Khulna,M/S Showrov Enterprise,0
2025-02-28,2025,Feb,South,Narail,M/S. Sikdar Enterprise- Norail,0
2025-02-28,2025,Feb,North,Dinajpur,M/S. Sohidul Traders,0
2025-02-28,2025,Feb,South,Faridpur,M/S Sony Vander,0
2025-02-28,2025,Feb,North,Thakurgaon,M/S. Sulov Lauho Bitan,0
2025-02-28,2025,Feb,North,Chapainawabganj,M/S Sweet Enterprise,0
2025-02-28,2025,Feb,Dhaka,Gazipur,M/S Takhiya Enterprise,0
2025-02-28,2025,Feb,South,Gopalganj,M/S Tasnim Enterprise,0
2025-02-28,2025,Feb,North,Thakurgaon,M/S. Tin Vai Enterprise,0
2025-02-28,2025,Feb,North,Sirajganj,M/S Tisha Enterprise,0
2025-02-28,2025,Feb,South,Bagerhat,M/S Tonmoy Traders,0
2025-02-28,2025,Feb,Dhaka,Gazipur,M/S. Tosher Enterprise,3
2025-02-28,2025,Feb,North,Panchagarh,M/S Vai Vai Traders-Panchagor,0
2025-02-28,2025,Feb,South,Bhola,M/S. Yakub Traders,0
2025-02-28,2025,Feb,South,Chuadanga,M/S - Younus Hardware,0
2025-02-28,2025,Feb,South,Barishal,M/S Zakir Store,0
2025-02-28,2025,Feb,North,Rangpur,M/S. Zaman Traders-Rangpur,26
2025-02-28,2025,Feb,Dhaka,Dhaka,M/S Zam Zam Trading (Dhaka),0
2025-02-28,2025,Feb,North,Rangpur,M/S Zast Traders,0
2025-02-28,2025,Feb,South,Satkhira,M/S Zia Traders,0
2025-02-28,2025,Feb,Dhaka,Dhaka,Munshigonj Steel House,12
2025-02-28,2025,Feb,South,Jashore,M. Zaman Enterprise,0
2025-02-28,2025,Feb,South,Madaripur,Nabila Traders (Madaripur),0
2025-02-28,2025,Feb,North,Pabna,"Nabi Traders (Ishawrdi,  Pabna)",0
2025-02-28,2025,Feb,Dhaka,Dhaka,Nahar Steel,52
2025-02-28,2025,Feb,Dhaka,Dhaka,Nal Gulf Construction and Properties,0
2025-02-28,2025,Feb,North,Lalmonirhat,Narsingdi Enterprise,0
2025-02-28,2025,Feb,Dhaka,Dhaka,Nasrin Enterprise,6
2025-02-28,2025,Feb,Dhaka,Dhaka,Nation Tech Communications Limited,0
2025-02-28,2025,Feb,Dhaka,Dhaka,Nayeef Trading Corporation,0
2025-02-28,2025,Feb,North,Kurigram,Nayeem Traders (Kurigram),0
2025-02-28,2025,Feb,South,Barishal,Nayem Enterprise,0
2025-02-28,2025,Feb,South,Jashore,Nayon and Chayon,0
2025-02-28,2025,Feb,South,Jhenaidah,Nazmul Traders- Jhenaidah,13
2025-02-28,2025,Feb,North,Rangpur,Need Construction,0
2025-02-28,2025,Feb,South,Khulna,New Bengal Store,0
2025-02-28,2025,Feb,South,Dhaka,New Era Manufacturing Ltd.,0
2025-02-28,2025,Feb,South,Barishal,New Hasina Enterprise,0
2025-02-28,2025,Feb,Dhaka,Dhaka,New Sharmin Enterprise,15
2025-02-28,2025,Feb,Dhaka,Dhaka,Niloy Enterprise,17
2025-02-28,2025,Feb,South,Jhenaidah,Nishi Enterprise- Jhinaidah,0
2025-02-28,2025,Feb,South,Khulna,Nondi Trading Corporatin,0
2025-02-28,2025,Feb,North,Gaibandha,Northbengal Traders,0
2025-02-28,2025,Feb,South,Madaripur,Nurjahan Resourse International,0
2025-02-28,2025,Feb,North,Dinajpur,Nur Steel,0
2025-02-28,2025,Feb,South,Meherpur,Padma Enterprise,0
2025-02-28,2025,Feb,South,Gopalganj,Pal and Sons,0
2025-02-28,2025,Feb,South,Chuadanga,Palash Kumer Shaha,0
2025-02-28,2025,Feb,North,Dhaka,Palli Tower,0
2025-02-28,2025,Feb,North East,Moulvibazar,Paul Traders,0
2025-02-28,2025,Feb,Dhaka,Dhaka,Pioneer Location Ltd.,0
2025-02-28,2025,Feb,Dhaka,Dhaka,Popular Enterprise,4
2025-02-28,2025,Feb,North,Rangpur,Prince Enterprise,0
2025-02-28,2025,Feb,North,Bogura,Priti Traders (Bogra),0
2025-02-28,2025,Feb,North,Tangail,Prodhan Traders,0
2025-02-28,2025,Feb,North East,Chandpur,Rabbi Traders,13
2025-02-28,2025,Feb,North,Tangail,Rafik and Brothers - Joypurhat,0
2025-02-28,2025,Feb,North East,Jamalpur,Rahi Trade,0
2025-02-28,2025,Feb,North East,Narsingdi,Rahman Steel House,20
2025-02-28,2025,Feb,South,Shariatpur,Raju Enterprise,0
2025-02-28,2025,Feb,North,Gaibandha,Raju Traders,0
2025-02-28,2025,Feb,South,Jashore,Raju Zakir Enterprise,0
2025-02-28,2025,Feb,North East,Brahmanbaria,R. A Khan Properties,0
2025-02-28,2025,Feb,South,Narail,Rakhi Enterprise,0
2025-02-28,2025,Feb,North,Tangail,Rasel Store,0
2025-02-28,2025,Feb,South,Madaripur,Rashed Enterprise (Madaripur),0
2025-02-28,2025,Feb,South,Jashore,Razzaque Steel House,41
2025-02-28,2025,Feb,South,Patuakhali,Rema Enterprise,13
2025-02-28,2025,Feb,North East,Kishoreganj,Renu Traders,12
2025-02-28,2025,Feb,North,Bogura,Rezaul Bari (Bogra),0
2025-02-28,2025,Feb,North,Panchagarh,Riad Traders-Panchagor,0
2025-02-28,2025,Feb,South,Kushtia,R.I and Co.,0
2025-02-28,2025,Feb,North,Tangail,Riaz Uddin Traders,0
2025-02-28,2025,Feb,North,Tangail,Ridoy Enterprise- Tangail,0
2025-02-28,2025,Feb,Dhaka,Gazipur,Ridwan Traders,10
2025-02-28,2025,Feb,North,Tangail,Rina Construction,0
2025-02-28,2025,Feb,South,Khulna,Riya Trading International,0
2025-02-28,2025,Feb,North,Tangail,R. K Traders,0
2025-02-28,2025,Feb,South,Satkhira,Rofiqul and Brothers,0
2025-02-28,2025,Feb,South,Khulna,Rokeya Traders,0
2025-02-28,2025,Feb,North,Gaibandha,Rosid Traders,0
2025-02-28,2025,Feb,South,Kushtia,R. Rahman Corporation,65
2025-02-28,2025,Feb,Dhaka,Narayanganj,R.S Enterprise,85
2025-02-28,2025,Feb,South,Madaripur,R. S Enterprise-Madaripur,0
2025-02-28,2025,Feb,North East,Sherpur,Rubel Enterprise,0
2025-02-28,2025,Feb,North,Dinajpur,Rumman Traders,0
2025-02-28,2025,Feb,North,Dinajpur,Runa Enterprise,0
2025-02-28,2025,Feb,South,Barishal,Sajid and Brothers,0
2025-02-28,2025,Feb,South,Patuakhali,Sajid Enterprise- Patuakhali,0
2025-02-28,2025,Feb,South,Kushtia,Salam and Sons,78
2025-02-28,2025,Feb,South,Kushtia,Saleha Traders,0
2025-02-28,2025,Feb,South,Satkhira,Samannay Traders,0
2025-02-28,2025,Feb,North,Chapainawabganj,Sanaullah and Sons,0
2025-02-28,2025,Feb,North,Sirajganj,Sarkar Trading (Sirajgonj),0
2025-02-28,2025,Feb,North,Dinajpur,Sarker Brothers,0
2025-02-28,2025,Feb,South,Barishal,Satata Enterprise,0
2025-02-28,2025,Feb,South,Faridpur,Sathi Store,0
2025-02-28,2025,Feb,North,Pabna,S A Traders-Pabna,0
2025-02-28,2025,Feb,North East,Jamalpur,Sattar Traders,0
2025-02-28,2025,Feb,North,Rajshahi,SB Laboratories,0
2025-02-28,2025,Feb,South,Faridpur,S.B Traders - Faridpur,0
2025-02-28,2025,Feb,South,Shariatpur,Seba Trading Corporation,13
2025-02-28,2025,Feb,Dhaka,Dhaka,Selim Malik Traders,0
2025-02-28,2025,Feb,North,Panchagarh,Shaha Traders,0
2025-02-28,2025,Feb,North East,Mymensingh,Shahbuddin and Brothers,0
2025-02-28,2025,Feb,North East,Mymensingh,Shahin Enterprise,0
2025-02-28,2025,Feb,South,Jhenaidah,Shahin Traders,0
2025-02-28,2025,Feb,South,Narail,Shahin Traders - Narail,13
2025-02-28,2025,Feb,North,Rangpur,Shah Md Ashrafudulla,0
2025-02-28,2025,Feb,North East,Chandpur,Shakil Enterprise- Chandpur,0
2025-02-28,2025,Feb,South,Khulna,Shamim and Co,0
2025-02-28,2025,Feb,North East,Chandpur,Shamima Traders,0
2025-02-28,2025,Feb,South,Bhola,Shanaullah Enterprise,0
2025-02-28,2025,Feb,North,Rajshahi,Shanto Hardware,0
2025-02-28,2025,Feb,South,Khulna,Sharif and Co,0
2025-02-28,2025,Feb,South,Magura,Sharif Steel  Corner,39
2025-02-28,2025,Feb,South,Barguna,Sharmi Enterprise- Borguna,0
2025-02-28,2025,Feb,South,Gopalganj,Shawkat Hossain Mollah,0
2025-02-28,2025,Feb,North East,Mymensingh,Shayan Traders,0
2025-02-28,2025,Feb,South,Satkhira,Sheikh Brothers-Satkhira,0
2025-02-28,2025,Feb,North,Gaibandha,Shetu Traders- Gaibandha,0
2025-02-28,2025,Feb,Dhaka,Narayanganj,Shifat Enterprise-N.Ganj,0
2025-02-28,2025,Feb,South,Khulna,Shikder and Brothers,0
2025-02-28,2025,Feb,North East,Kishoreganj,Shimu Traders,0
2025-02-28,2025,Feb,South,Chuadanga,Shohag Enterprise,0
2025-02-28,2025,Feb,North,Natore,Shohug Machineries  and Traders,0
2025-02-28,2025,Feb,South,Bagerhat,Shotota Enterprise,0
2025-02-28,2025,Feb,North East,Brahmanbaria,Shuvo Enterprise (Ashuganj),0
2025-02-28,2025,Feb,South,Narail,Shuvo Enterprise - Norail,0
2025-02-28,2025,Feb,South,Jhenaidah,Siddique Cycle Store and Traders,0
2025-02-28,2025,Feb,North East,Sylhet,Siddiquey Construction,0
2025-02-28,2025,Feb,Dhaka,Dhaka,Sikder Enterprise (Keranigonj),5
2025-02-28,2025,Feb,South,Gopalganj,Sikder Traders-Goplagonj,0
2025-02-28,2025,Feb,North,Pabna,Sikder Traders (Pabna),14
2025-02-28,2025,Feb,North East,Cumilla,Silver Tiles and Sanitary,0
2025-02-28,2025,Feb,Dhaka,Dhaka,Simplex Development Ltd.,0
2025-02-28,2025,Feb,Dhaka,Manikganj,Singair Alfi Trade Link.,0
2025-02-28,2025,Feb,North,Dhaka,Sirajgonj Iron and Steel House,0
2025-02-28,2025,Feb,South,Dhaka,S.M Kamruzzaman,0
2025-02-28,2025,Feb,South,Narayanganj,Sonali Enterprise,0
2025-02-28,2025,Feb,North,Gaibandha,Sorif Traders,0
2025-02-28,2025,Feb,North,Nilphamari,Sourov Traders,0
2025-02-28,2025,Feb,North East,Jamalpur,S.R.S Construction,0
2025-02-28,2025,Feb,North,Thakurgaon,S. R. Traders,0
2025-02-28,2025,Feb,South,Bagerhat,S.R Traders -Bagerhat,0
2025-02-28,2025,Feb,South,Khulna,S. S. Syndicate,0
2025-02-28,2025,Feb,South,Satkhira,S S Traders,0
2025-02-28,2025,Feb,Dhaka,Gazipur,S T Enterprise,0
2025-02-28,2025,Feb,South,Jhenaidah,Suborna Traders,0
2025-02-28,2025,Feb,Dhaka,Gazipur,Suma Enterprise - Sofipur,12
2025-02-28,2025,Feb,South,Shariatpur,Sumon Enterprise,0
2025-02-28,2025,Feb,South,Khulna,Sumon Traders,0
2025-02-28,2025,Feb,South,Manikganj,Sundorban Hardware,0
2025-02-28,2025,Feb,North,Pabna,Swapan Traders,13
2025-02-28,2025,Feb,South,Jashore,Tahmina Enterprise,0
2025-02-28,2025,Feb,North,Thakurgaon,Tamanna Enterprise-Thakurgaon,0
2025-02-28,2025,Feb,South,Gopalganj,Tamim Enterprise,0
2025-02-28,2025,Feb,North,Rajshahi,Tariq  Enterprise,39
2025-02-28,2025,Feb,South,Narail,Tazmin Enterprise,0
2025-02-28,2025,Feb,Dhaka,Dhaka,The Barik Brothers,355
2025-02-28,2025,Feb,Dhaka,Dhaka,Three Star Co-Operative Multipurpose Ltd.,0
2025-02-28,2025,Feb,South,Patuakhali,Three Star Enterprise,0
2025-02-28,2025,Feb,Dhaka,Dhaka,"Tipu and Co.( Rayerbag, Jatrabari)",33
2025-02-28,2025,Feb,South,Meherpur,Tohmina Engineering Workshop,0
2025-02-28,2025,Feb,Dhaka,Dhaka,Trendy Textiles Ltd.,0
2025-02-28,2025,Feb,North East,Mymensingh,Tripti Steel Bitan,0
2025-02-28,2025,Feb,North,Rangpur,T.S.Enterprise(Rangpur),26
2025-02-28,2025,Feb,Dhaka,Gazipur,Turag Tower,5
2025-02-28,2025,Feb,North,Sirajganj,Ullapara Variety Store,0
2025-02-28,2025,Feb,Dhaka,Dhaka,Unified Holdings Limited,0
2025-02-28,2025,Feb,South,Jhenaidah,Unique Construction,0
2025-02-28,2025,Feb,South,Khulna,Unique International,0
2025-02-28,2025,Feb,North East,Netrokona,Vodra Traders,0
2025-02-28,2025,Feb,Dhaka,Manikganj,Wazuddin Traders,16
2025-02-28,2025,Feb,North East,Sylhet,Windsor Hotel & Resorts Ltd.,0
2025-02-28,2025,Feb,North East,Noakhali,Yeasin Traders,13
2025-02-28,2025,Feb,Dhaka,Narayanganj,York  Composite Ltd,0
2025-02-28,2025,Feb,Dhaka,Narayanganj,York Fashion Ltd.,0
2025-02-28,2025,Feb,Dhaka,Dhaka,Younus Traders,0
2025-02-28,2025,Feb,South,Bhola,Zabbar Biswas Traders,26
2025-02-28,2025,Feb,Dhaka,Dhaka,Zaman Traders ( Savar),5
2025-03-31,2025,Mar,North East,Narsingdi,3D Comet Design & Consultant,0
2025-03-31,2025,Mar,North,Lalmonirhat,Abdul Hakim,0
2025-03-31,2025,Mar,North,Tangail,Abdul Malek - Rangpur,0
2025-03-31,2025,Mar,North,Dinajpur,Abdur Rauf-Dinajpur,0
2025-03-31,2025,Mar,South,Khulna,Abdur Razzak Aziz- Khulna,0
2025-03-31,2025,Mar,South,Shariatpur,Abdus Salam Farazi,0
2025-03-31,2025,Mar,North East,Sylhet,Abdus Shohid Construction,0
2025-03-31,2025,Mar,Dhaka,Dhaka,Abir Enterprise,10
2025-03-31,2025,Mar,North,Bogura,ABK Krishi Beez Himagar,0
2025-03-31,2025,Mar,South,Pirojpur,A.B.L.Builders,0
2025-03-31,2025,Mar,North,Pabna,Abul Hossain Traders,0
2025-03-31,2025,Mar,South,Barguna,Agrani Traders,28
2025-03-31,2025,Mar,South,Khulna,Ahad Enterprise,0
2025-03-31,2025,Mar,North East,Narsingdi,Ahasan Store,0
2025-03-31,2025,Mar,North,Chapainawabganj,Ahmed Store- C. Gonj,0
2025-03-31,2025,Mar,North,Bogura,Ahmed Traders-Bogra,0
2025-03-31,2025,Mar,North,Pabna,Ahsan Trading,0
2025-03-31,2025,Mar,North East,Dhaka,AK Developers Ltd.,0
2025-03-31,2025,Mar,North East,Sylhet,A.K Enterprise (Sylhet),0
2025-03-31,2025,Mar,Dhaka,Dhaka,Akhter Traders,0
2025-03-31,2025,Mar,North,Bogura,Akkash Ali Traders,0
2025-03-31,2025,Mar,North,Bogura,Alam and Brothers,0
2025-03-31,2025,Mar,South,Patuakhali,Al-Amin Traders-Patuakhali,0
2025-03-31,2025,Mar,North,Tangail,Alam Motors,0
2025-03-31,2025,Mar,South,Faridpur,Al-Bagdad Iron Steel- Faridpur,0
2025-03-31,2025,Mar,Dhaka,Dhaka,Al Baraka Steel Corporation- Mirpur,0
2025-03-31,2025,Mar,North East,Brahmanbaria,Al Ekram Traders,0
2025-03-31,2025,Mar,North,Rangpur,Alhaj Atiar Rahman,0
2025-03-31,2025,Mar,North,Dinajpur,Al Haj Traders,0
2025-03-31,2025,Mar,North East,Feni,Al Haj Zakir Enterprise,0
2025-03-31,2025,Mar,South,Bagerhat,Allahardan Enterprise-Bagerhat,0
2025-03-31,2025,Mar,South,Satkhira,Allahardan  Hardware,0
2025-03-31,2025,Mar,South,Satkhira,Allahar Dan Iron Store,0
2025-03-31,2025,Mar,North,Rajshahi,Al Manar Steel,104
2025-03-31,2025,Mar,Dhaka,Dhaka,Aman  Steel Corporation,0
2025-03-31,2025,Mar,North East,Jamalpur,Amena Enterprise-Jamalpur,0
2025-03-31,2025,Mar,Dhaka,Dhaka,Amin and Brother,0
2025-03-31,2025,Mar,South,Bagerhat,Amin Enterprise,0
2025-03-31,2025,Mar,South,Shariatpur,Amin Store,13
2025-03-31,2025,Mar,North East,Jamalpur,Amin Traders,0
2025-03-31,2025,Mar,South,Dhaka,Aminul Islam- Kustia,0
2025-03-31,2025,Mar,North,Tangail,Anny Construction,0
2025-03-31,2025,Mar,South,Satkhira,Anowar Trading,0
2025-03-31,2025,Mar,South,Rajbari,Anupam Nirmata,0
2025-03-31,2025,Mar,South,Rajbari,Anwar Traders,13
2025-03-31,2025,Mar,Dhaka,Dhaka,Arafah Development and Builders Ltd.,0
2025-03-31,2025,Mar,Dhaka,Dhaka,Arafat Trading,0
2025-03-31,2025,Mar,South,Khulna,Arafat Trading - Khulna,0
2025-03-31,2025,Mar,Dhaka,Narayanganj,AR Building Design and Construction,0
2025-03-31,2025,Mar,Dhaka,Dhaka,A.R Corporation,53
2025-03-31,2025,Mar,North East,Dhaka,ARF Trading International,0
2025-03-31,2025,Mar,Dhaka,Gazipur,Arifa Enterprise,5
2025-03-31,2025,Mar,South,Meherpur,Arif Enterprise,0
2025-03-31,2025,Mar,North,Sirajganj,Ariful Islam Traders,0
2025-03-31,2025,Mar,Dhaka,Dhaka,Arowa Traders,169
2025-03-31,2025,Mar,North,Dhaka,A.R. Trading (Rangpur),0
2025-03-31,2025,Mar,Dhaka,Gazipur,Ashik Traders,0
2025-03-31,2025,Mar,South,Barguna,Ashraful Enterprise,0
2025-03-31,2025,Mar,North,Dinajpur,Asma Traders,0
2025-03-31,2025,Mar,North East,Cumilla,A.Wohab and Sons,0
2025-03-31,2025,Mar,North East,Feni,Ayesha Enterprise,0
2025-03-31,2025,Mar,South,Shariatpur,Azad Traders - Soriotpur,0
2025-03-31,2025,Mar,North East,Chandpur,Aziz Brothers,0
2025-03-31,2025,Mar,South,Jhenaidah,Azizul Haque,0
2025-03-31,2025,Mar,Dhaka,Dhaka,Badsha Faisal Institute Madrasha,0
2025-03-31,2025,Mar,Dhaka,Dhaka,Bangladesh Shishu Kallyan Porishod (BCCW),8
2025-03-31,2025,Mar,South,Barishal,Barishal Iron House,13
2025-03-31,2025,Mar,North,Tangail,Basail Trading House,0
2025-03-31,2025,Mar,North East,Jamalpur,Bashonti Traders,0
2025-03-31,2025,Mar,North,Rangpur,Bengal and Company,26
2025-03-31,2025,Mar,South,Jashore,Bhai Bhai Enterprise,0
2025-03-31,2025,Mar,South,Madaripur,Bhai Bhai Traders - Madaripur,0
2025-03-31,2025,Mar,North,Kurigram,Bhai Bhai Trading,13
2025-03-31,2025,Mar,Dhaka,Gazipur,Bhai Bhon Enterprise,0
2025-03-31,2025,Mar,North,Tangail,Bhuiyan Traders- Mirzapur,0
2025-03-31,2025,Mar,South,Bagerhat,Bismillah Enterprise-Bagerhat,0
2025-03-31,2025,Mar,South,Magura,Bismillah Steel Corner,0
2025-03-31,2025,Mar,South,Khulna,Bismillah Steel House,0
2025-03-31,2025,Mar,Dhaka,Dhaka,Bismillah Traders-Dhaka,15
2025-03-31,2025,Mar,North East,Narsingdi,Bismillah Traders -Narsingdi,0
2025-03-31,2025,Mar,South,Satkhira,Bismillah Traders-Satkhira,0
2025-03-31,2025,Mar,North,Sirajganj,Borsha Enterprise,0
2025-03-31,2025,Mar,South,Dhaka,BRB Cable Industries Ltd. (Dr.),0
2025-03-31,2025,Mar,South,Kushtia,Bristy Traders,0
2025-03-31,2025,Mar,South,Chuadanga,Brothers Traders,0
2025-03-31,2025,Mar,Dhaka,Dhaka,Capital Builders,5
2025-03-31,2025,Mar,Dhaka,Dhaka,Chimbuk Cermic Bricks Ltd,8
2025-03-31,2025,Mar,South,Patuakhali,Choudhory Enterprise,0
2025-03-31,2025,Mar,South,Patuakhali,Chowa Traders,0
2025-03-31,2025,Mar,North East,Sylhet,Chowdhury Trading,0
2025-03-31,2025,Mar,North,Tangail,Chunailal Traders,0
2025-03-31,2025,Mar,North East,Mymensingh,Community Health Foundation Bangladesh,0
2025-03-31,2025,Mar,North,Tangail,Das Traders,0
2025-03-31,2025,Mar,South,Gopalganj,Delwar and Brothers - Gopalgonj,0
2025-03-31,2025,Mar,North East,Feni,Desh Agency,0
2025-03-31,2025,Mar,South,Kushtia,Dhaka Steel,13
2025-03-31,2025,Mar,North,Pabna,Dhaka Steel King,0
2025-03-31,2025,Mar,Dhaka,Gazipur,Dhaka Trade Centre,0
2025-03-31,2025,Mar,North,Naogaon,Dipak Kumar Deb,0
2025-03-31,2025,Mar,Dhaka,Dhaka,Dipti Traders,0
2025-03-31,2025,Mar,North,Pabna,D.K Traders,0
2025-03-31,2025,Mar,North East,Chandpur,Doha Traders,0
2025-03-31,2025,Mar,North,Nilphamari,DOSHMILE TRADERS,0
2025-03-31,2025,Mar,North East,Mymensingh,Dulal Traders,0
2025-03-31,2025,Mar,North,Chapainawabganj,Emdadul Haque,0
2025-03-31,2025,Mar,South,Jhenaidah,Emon Enterprise,0
2025-03-31,2025,Mar,North,Dinajpur,Eng.Md.Mohsin Ali,0
2025-03-31,2025,Mar,North East,Cumilla,Engr. Shafiqul Islam Build and Consultancy,0
2025-03-31,2025,Mar,North East,Brahmanbaria,Eng. Suman Datta,0
2025-03-31,2025,Mar,Dhaka,Gazipur,Evan Enterprise,0
2025-03-31,2025,Mar,Dhaka,Dhaka,Fakir Chan Bepari and Sons,0
2025-03-31,2025,Mar,North,Kurigram,Farhad and Brothers,13
2025-03-31,2025,Mar,Dhaka,Dhaka,Farid Enterprise,0
2025-03-31,2025,Mar,Dhaka,Manikganj,Faruk and Brothers,51
2025-03-31,2025,Mar,South,Meherpur,Faruk Enterprise - Meherpur,0
2025-03-31,2025,Mar,Dhaka,Dhaka,Feni Traders,14
2025-03-31,2025,Mar,South,Meherpur,F.K Trade,0
2025-03-31,2025,Mar,North,Dhaka,F M Trading International,0
2025-03-31,2025,Mar,North East,Noakhali,Foyez Store,0
2025-03-31,2025,Mar,North East,Chattogram,Friends International,0
2025-03-31,2025,Mar,North East,Mymensingh,F.S Enterprise,71
2025-03-31,2025,Mar,North,Thakurgaon,Gallery Traders,0
2025-03-31,2025,Mar,South,Barishal,Gangashari Traders,0
2025-03-31,2025,Mar,North,Dinajpur,Gausheyz Ventores,13
2025-03-31,2025,Mar,Dhaka,Dhaka,Gawsia Enterprise,100
2025-03-31,2025,Mar,Dhaka,Gazipur,Giash Steel,0
2025-03-31,2025,Mar,South,Barguna,GM Ikfa Enterprise,0
2025-03-31,2025,Mar,North East,Cumilla,Grameen Traders,0
2025-03-31,2025,Mar,North East,Mymensingh,Greenland Developers (Pvt.)Ltd.,0
2025-03-31,2025,Mar,South,Faridpur,Habib Enterprise (Faridpur),13
2025-03-31,2025,Mar,Dhaka,Gazipur,Haji Enterprise - Gazipur,16
2025-03-31,2025,Mar,North,Dinajpur,Hamana Traders,0
2025-03-31,2025,Mar,North,Rangpur,Hamid and Sons,0
2025-03-31,2025,Mar,South,Jashore,Hamid Traders,0
2025-03-31,2025,Mar,South,Madaripur,Hamim International,0
2025-03-31,2025,Mar,North,Chapainawabganj,Hammad and Sons,0
2025-03-31,2025,Mar,South,Chuadanga,Hannan and Brothers-Chuadanga,0
2025-03-31,2025,Mar,North,Bogura,Hannan Traders,12
2025-03-31,2025,Mar,North East,Mymensingh,Haque and Brothers,0
2025-03-31,2025,Mar,South,Bhola,Haque and Sons-Bhola,0
2025-03-31,2025,Mar,South,Jhenaidah,Haque and Sons-Jhenaidah,0
2025-03-31,2025,Mar,North,Sirajganj,Haque Iron,0
2025-03-31,2025,Mar,North,Tangail,Harun Enterprise,84
2025-03-31,2025,Mar,South,Barishal,Hawlader Iron Store,0
2025-03-31,2025,Mar,North East,Brahmanbaria,Hazi Mobarak Traders,0
2025-03-31,2025,Mar,North,Dinajpur,Hera Traders,0
2025-03-31,2025,Mar,Dhaka,Dhaka,Hobigonj Traders,5
2025-03-31,2025,Mar,North,Dhaka,Hossain Construction ( Pvt ) Ltd,0
2025-03-31,2025,Mar,North East,Kishoreganj,Hossen Bhuiyan Steel House,0
2025-03-31,2025,Mar,South,Khulna,Howlader and Company,0
2025-03-31,2025,Mar,Dhaka,Dhaka,Howlader Enterprise,16
2025-03-31,2025,Mar,South,Jhalokati,Howlader Traders-Jhalokathi,0
2025-03-31,2025,Mar,Dhaka,Dhaka,H.S Corporation,0
2025-03-31,2025,Mar,North,Gaibandha,Humayan Kabir Traders-Gaibandha,0
2025-03-31,2025,Mar,South,Kushtia,Hymo International,0
2025-03-31,2025,Mar,North,Rangpur,Imarat Trading,26
2025-03-31,2025,Mar,South,Satkhira,Imarot Trading-Satkhira,0
2025-03-31,2025,Mar,South,Faridpur,Iron and Steel House,0
2025-03-31,2025,Mar,North East,Cumilla,Islam and Sons,0
2025-03-31,2025,Mar,North,Bogura,Islam Brothers-Bogura,0
2025-03-31,2025,Mar,South,Jashore,Islam Traders-Jessore,0
2025-03-31,2025,Mar,North,Rangpur,Itusa Builders,0
2025-03-31,2025,Mar,North,Tangail,I.V Methi Traders,0
2025-03-31,2025,Mar,South,Faridpur,Jahangir Store - Faridpur,0
2025-03-31,2025,Mar,South,Satkhira,Jaman Traders,0
2025-03-31,2025,Mar,North,Dhaka,Janata Enterprise- Sirajgonj,0
2025-03-31,2025,Mar,North,Dhaka,Janata Steel and Iron House,0
2025-03-31,2025,Mar,North,Bogura,J and Ma Enterprise,0
2025-03-31,2025,Mar,South,Faridpur,Jaseka Traders,27
2025-03-31,2025,Mar,North East,Noakhali,Jashim Steel House,0
2025-03-31,2025,Mar,North,Lalmonirhat,Jerin Enterprise,0
2025-03-31,2025,Mar,North East,Kishoreganj,Jesan Traders,0
2025-03-31,2025,Mar,South,Jashore,JesminSanitary and Iron Store,0
2025-03-31,2025,Mar,South,Narail,Jhorna Enterprise,0
2025-03-31,2025,Mar,South,Khulna,Joint Enterprise,0
2025-03-31,2025,Mar,North,Tangail,Joy Joya Enterprise,52
2025-03-31,2025,Mar,South,Shariatpur,Julhas and Brothers,0
2025-03-31,2025,Mar,North,Bogura,Kabir Traders-Bogra,0
2025-03-31,2025,Mar,North East,Cumilla,Kajol Enterprise,0
2025-03-31,2025,Mar,North East,Cumilla,Kalam and Sons,0
2025-03-31,2025,Mar,South,Faridpur,Kamarjani Traders,0
2025-03-31,2025,Mar,Dhaka,Gazipur,Kamrul Trading Corporation,5
2025-03-31,2025,Mar,South,Faridpur,Kamruzzaman Enterprise,0
2025-03-31,2025,Mar,South,Kushtia,Kanak Traders-Kustia,0
2025-03-31,2025,Mar,Dhaka,Gazipur,Kashem and Sons,5
2025-03-31,2025,Mar,North East,Noakhali,Kashem Traders (Noakhali),0
2025-03-31,2025,Mar,North,Kurigram,Khairul Enterprise,0
2025-03-31,2025,Mar,Dhaka,Dhaka,Khalid Trading Corporation,0
2025-03-31,2025,Mar,South,Jhalokati,Khan Builders,0
2025-03-31,2025,Mar,Dhaka,Dhaka,Khan Enterprise,81
2025-03-31,2025,Mar,North East,Lakshmipur,Khan Machineries Store,0
2025-03-31,2025,Mar,South,Khulna,Khan Traders -Khulna,28
2025-03-31,2025,Mar,South,Madaripur,Khan Traders- Madaripur,0
2025-03-31,2025,Mar,South,Madaripur,Khan Traders- Shibchor,0
2025-03-31,2025,Mar,North East,Chandpur,Khaza Variety Store,0
2025-03-31,2025,Mar,Dhaka,Gazipur,Khurshida Builders,25
2025-03-31,2025,Mar,South,Narail,King Builders,0
2025-03-31,2025,Mar,North,Rajshahi,Kismot Trading Corporation,0
2025-03-31,2025,Mar,South,Barishal,K K Enterprise,0
2025-03-31,2025,Mar,North,Dinajpur,Kobir Traders,0
2025-03-31,2025,Mar,North East,Mymensingh,K.S. Trading,0
2025-03-31,2025,Mar,North,Dinajpur,Kumor Uddin and Sons,0
2025-03-31,2025,Mar,North,Dinajpur,Kundu Brothers,0
2025-03-31,2025,Mar,South,Faridpur,Kustia Enterprise,0
2025-03-31,2025,Mar,South,Barishal,Layla Builders,0
2025-03-31,2025,Mar,South,Patuakhali,Lila Enterprise,0
2025-03-31,2025,Mar,North,Tangail,Liton Enterprise,0
2025-03-31,2025,Mar,North,Nilphamari,L.N Trading Co.,26
2025-03-31,2025,Mar,North East,Mymensingh,Lubaba  Enterprise,0
2025-03-31,2025,Mar,North East,Sylhet,Ludhi Steel Marchant,0
2025-03-31,2025,Mar,North East,Feni,Madani Traders,0
2025-03-31,2025,Mar,South,Shariatpur,Madbor Enterprise,13
2025-03-31,2025,Mar,Dhaka,Narayanganj,Madina Corporation,0
2025-03-31,2025,Mar,North East,Netrokona,Mahabub Traders,0
2025-03-31,2025,Mar,Dhaka,Dhaka,Mahadi Design and Construction,0
2025-03-31,2025,Mar,North,Rajshahi,Mahamud Enterprise,0
2025-03-31,2025,Mar,North,Thakurgaon,Mahbub Enterprise,0
2025-03-31,2025,Mar,South,Jhenaidah,Mahir Trading,0
2025-03-31,2025,Mar,North East,Mymensingh,Mahi Traders,0
2025-03-31,2025,Mar,North,Dinajpur,Mahi Traders-Dinajpur,0
2025-03-31,2025,Mar,South,Jashore,Mahiya Kabir Corporation,13
2025-03-31,2025,Mar,North,Bogura,Mahmud Mahbub Traders,0
2025-03-31,2025,Mar,Dhaka,Dhaka,Makkah Traders,19
2025-03-31,2025,Mar,Dhaka,Gazipur,Mamun Enterprise-Gazipur,25
2025-03-31,2025,Mar,North East,Sylhet,Mamun Enterprise- Shylet,0
2025-03-31,2025,Mar,North,Pabna,Mamun Traders-Pabna,52
2025-03-31,2025,Mar,South,Kushtia,Mannan Hardware and Iron Store,0
2025-03-31,2025,Mar,Dhaka,Narayanganj,Mashin Corporation,0
2025-03-31,2025,Mar,North,Bogura,Master Traders (Shantahar),26
2025-03-31,2025,Mar,South,Barishal,Masud Enterprise,0
2025-03-31,2025,Mar,South,Madaripur,Mayer Doa Enterprise,0
2025-03-31,2025,Mar,North East,Netrokona,Mayer Doa Traders,0
2025-03-31,2025,Mar,North East,Chandpur,Md.Nasir Uddin -Chandpur,0
2025-03-31,2025,Mar,South,Bagerhat,Media Enterprise,0
2025-03-31,2025,Mar,South,Shariatpur,M H Traders,0
2025-03-31,2025,Mar,North East,Cumilla,Mili Enterprise,0
2025-03-31,2025,Mar,Dhaka,Gazipur,Mim Enterprise,23
2025-03-31,2025,Mar,Dhaka,Dhaka,Misti Enterprise,0
2025-03-31,2025,Mar,North East,Jamalpur,Mizan and Son's,0
2025-03-31,2025,Mar,South,Jhalokati,M Khan Ltd.,0
2025-03-31,2025,Mar,North East,Mymensingh,M K Traders,0
2025-03-31,2025,Mar,Dhaka,Dhaka,Modina Steel Corporation,20
2025-03-31,2025,Mar,North East,Sherpur,Mofazzal Enterprise,28
2025-03-31,2025,Mar,South,Kushtia,Mokka Enterprise- Kustia,0
2025-03-31,2025,Mar,South,Magura,Molla Banijjo Vander,13
2025-03-31,2025,Mar,North East,Cumilla,Molla Traders- Comilla,13
2025-03-31,2025,Mar,South,Jashore,Mollik Enterprise-Khulna,0
2025-03-31,2025,Mar,North,Dinajpur,Mondol Traders - Dinajpur,0
2025-03-31,2025,Mar,North,Kurigram,Mondol Traders- Kurigram,0
2025-03-31,2025,Mar,North,Sirajganj,Mondol Traders- Sirajgonj,0
2025-03-31,2025,Mar,Dhaka,Dhaka,Monir Enterprise,0
2025-03-31,2025,Mar,North,Dinajpur,Monoj Kumar Mallick,0
2025-03-31,2025,Mar,North East,Jamalpur,Morzina Steel House,0
2025-03-31,2025,Mar,South,Barishal,Moshiur Rahman Minto,0
2025-03-31,2025,Mar,North,Tangail,Mostafa Enterprise-Tangail,0
2025-03-31,2025,Mar,Dhaka,Gazipur,Mowchak Steel Corporation,4
2025-03-31,2025,Mar,North,Rangpur,M.R Traders,0
2025-03-31,2025,Mar,North East,Chandpur,M/S: Tafhim Enterprise,0
2025-03-31,2025,Mar,South,Narail,M/S Abdul Hadi Traders,0
2025-03-31,2025,Mar,North,Naogaon,M/S Abdullah Traders,0
2025-03-31,2025,Mar,North,Sirajganj,M/S Abdus Samad Khan,0
2025-03-31,2025,Mar,North East,Cumilla,M/S Abedin Enterprise,0
2025-03-31,2025,Mar,South,Patuakhali,M/S. Abul Kalam Azad,0
2025-03-31,2025,Mar,North East,Narsingdi,M/S Adiat Traders,0
2025-03-31,2025,Mar,Dhaka,Dhaka,M/S Adil Enterprise,6
2025-03-31,2025,Mar,North,Pabna,M/S Adi Saha Trading,0
2025-03-31,2025,Mar,South,Satkhira,M/S. Afroz Enterprise,0
2025-03-31,2025,Mar,North,Nilphamari,M/S. Al Amin Traders-Nilphamary,0
2025-03-31,2025,Mar,North East,Netrokona,M/S Alam Traders,0
2025-03-31,2025,Mar,North,Dinajpur,M/S. Alhaj Traders-Dinajpur,0
2025-03-31,2025,Mar,South,Shariatpur,M/S Aliuzzaman Mir Malot,0
2025-03-31,2025,Mar,Dhaka,Gazipur,M/S Al-Madina Enterprise,0
2025-03-31,2025,Mar,South,Kushtia,M/S. Al-Nobi Hardware & Sanitary,0
2025-03-31,2025,Mar,North East,Noakhali,M/S Anisha Enterprise,0
2025-03-31,2025,Mar,North,Sirajganj,M/S Anowar Enterprise,0
2025-03-31,2025,Mar,South,Barguna,M/S. Anower Brick,0
2025-03-31,2025,Mar,Dhaka,Gazipur,M/S Arif Traders,5
2025-03-31,2025,Mar,North East,Cumilla,M/S -Ariyan Enterprise,0
2025-03-31,2025,Mar,South,Faridpur,M/S Asraf  and Sons,0
2025-03-31,2025,Mar,South,Jhenaidah,M/S. Astha Builders,0
2025-03-31,2025,Mar,South,Barguna,M/S Ayaan Traders,0
2025-03-31,2025,Mar,South,Jashore,M/S Ayesha Steel Corporation,0
2025-03-31,2025,Mar,South,Patuakhali,M/S. Azad Enterprise,0
2025-03-31,2025,Mar,South,Jashore,M/S Azim Shah Traders,13
2025-03-31,2025,Mar,North,Natore,M/S Azmir Enterprise,0
2025-03-31,2025,Mar,South,Jashore,M/S Babu Traders,28
2025-03-31,2025,Mar,South,Magura,M/S Bali Construction,0
2025-03-31,2025,Mar,South,Chuadanga,M/S. Bani Traders,0
2025-03-31,2025,Mar,Dhaka,Dhaka,M/S Bepari Traders,0
2025-03-31,2025,Mar,South,Rajbari,M/S Bepari Traders - Rajbari,0
2025-03-31,2025,Mar,Dhaka,Dhaka,M/S Bhai Bhai Traders and Engineering Works,0
2025-03-31,2025,Mar,North,Dinajpur,M/S. Bhai Bhai Traders (Dinajpur),0
2025-03-31,2025,Mar,North East,Cumilla,M/S Bhuiyan Traders-Cumilla,0
2025-03-31,2025,Mar,North East,Noakhali,M/S Bhuiyan Traders-Noakhali,0
2025-03-31,2025,Mar,North,Rangpur,M/S. Billah Traders,0
2025-03-31,2025,Mar,North East,Chandpur,MS.Billal Traders-Chandpur,0
2025-03-31,2025,Mar,North East,Mymensingh,M/S Bismillah Hardware and Glass House,0
2025-03-31,2025,Mar,North East,Kishoreganj,M/S Bismillah Traders- Bhairob,0
2025-03-31,2025,Mar,North East,Kishoreganj,M/S Bismillah Traders-Mymensing,0
2025-03-31,2025,Mar,North,Naogaon,M/S. Bismillha Traders-Naoga,0
2025-03-31,2025,Mar,South,Jhenaidah,M/S Bondhu Enterprise,52
2025-03-31,2025,Mar,North,Sherpur,M/S. Bondhu Enterprise-Bogra,0
2025-03-31,2025,Mar,South,Bhola,M/S Bushra Construction,0
2025-03-31,2025,Mar,North,Bogura,M/S. Bushra Traders,52
2025-03-31,2025,Mar,South,Jashore,M/S Chitra Trading,0
2025-03-31,2025,Mar,North,Lalmonirhat,M/s Dhorla Trading,0
2025-03-31,2025,Mar,South,Jashore,M/S. Dipro Enterprise,0
2025-03-31,2025,Mar,South,Faridpur,M/S. Durgapur Hi Tech,0
2025-03-31,2025,Mar,North East,Narsingdi,M/S Easy Builders,0
2025-03-31,2025,Mar,South,Khulna,M/S. Elina Enterprise,0
2025-03-31,2025,Mar,South,Pirojpur,M/S Emon Enterprise,0
2025-03-31,2025,Mar,North East,Dhaka,M/S. Engineer Builders,0
2025-03-31,2025,Mar,North East,Cumilla,M/S. Faisal Enterprise,0
2025-03-31,2025,Mar,South,Gopalganj,M/S Fakir and Sons,0
2025-03-31,2025,Mar,South,Satkhira,M/S Faruk Traders-Sathkhira,0
2025-03-31,2025,Mar,South,Meherpur,M/S. Fojilatun Nesha &Sons,0
2025-03-31,2025,Mar,South,Barishal,M/S Forkan Traders,0
2025-03-31,2025,Mar,South,Gopalganj,M/S Friends Enterprise,0
2025-03-31,2025,Mar,North East,Cumilla,M/S Gaji Hardware,0
2025-03-31,2025,Mar,North,Kurigram,M/S. G.M Enterprise,0
2025-03-31,2025,Mar,Dhaka,Dhaka,M/S. Hailmi Enterprise,0
2025-03-31,2025,Mar,North East,Cumilla,M/S Hanif Enterprise,0
2025-03-31,2025,Mar,Dhaka,Dhaka,M/S Haque and Hasan Traders,0
2025-03-31,2025,Mar,North East,Feni,M/S Haque Enterprise,0
2025-03-31,2025,Mar,North East,Brahmanbaria,M/S. Hasan Enterprise,0
2025-03-31,2025,Mar,South,Satkhira,M/S. Hasan Traders-Satkhira,0
2025-03-31,2025,Mar,South,Shariatpur,M/S. Hawlader Enterprise-Sariatpur,0
2025-03-31,2025,Mar,North East,Dhaka,M/S Hazi Abdul Khalique  & Son's,0
2025-03-31,2025,Mar,Dhaka,Dhaka,M/S Hazi Sarif Munshi Traders,0
2025-03-31,2025,Mar,South,Madaripur,M/S. Hazi Traders- Madaripur,0
2025-03-31,2025,Mar,North East,Jamalpur,M/S HEMENDRA CHANDRA SINGH,0
2025-03-31,2025,Mar,North East,Noakhali,M/S Hoque and Brothers (Noakhali),0
2025-03-31,2025,Mar,South,Bhola,M/S H Rahman and Sons,20
2025-03-31,2025,Mar,Dhaka,Narayanganj,M/S Ichapuri Cement House,0
2025-03-31,2025,Mar,South,Patuakhali,M/S.Islamia Traders,0
2025-03-31,2025,Mar,South,Jashore,M/S Islam Traders- Keshabpur,0
2025-03-31,2025,Mar,North,Tangail,M/S. Islam Traders- Sirajgonj,0
2025-03-31,2025,Mar,North,Naogaon,M/S. IT Construction,0
2025-03-31,2025,Mar,North East,Lakshmipur,M/S Jahir Enterprise,0
2025-03-31,2025,Mar,South,Patuakhali,M/S.Jamal Traders,0
2025-03-31,2025,Mar,North,Tangail,M/S.Jannath Enterprise,0
2025-03-31,2025,Mar,North East,Jamalpur,M/S Jibon Enterprise,0
2025-03-31,2025,Mar,North East,Jamalpur,M/S. Jibon Traders,0
2025-03-31,2025,Mar,South,Jashore,M/S Johir Enterprise,0
2025-03-31,2025,Mar,South,Meherpur,M/S Jony Enterprise -Meherpur,13
2025-03-31,2025,Mar,South,Jhenaidah,M/S Kafi Traders,0
2025-03-31,2025,Mar,South,Barguna,M/S. Kamal Enterprise,9
2025-03-31,2025,Mar,North,Panchagarh,M/S Kamlesh Traders,0
2025-03-31,2025,Mar,South,Barguna,M/S. Karim Builders,0
2025-03-31,2025,Mar,North,Tangail,M/S. Khalekujjaman Traders,0
2025-03-31,2025,Mar,South,Faridpur,M/S Khan Enterprise-Faridpur,0
2025-03-31,2025,Mar,Dhaka,Gazipur,M/S Khan Enterprise-Kaligonj,0
2025-03-31,2025,Mar,North,Dinajpur,M/S. Khan Enterprises- Dinajpur,0
2025-03-31,2025,Mar,North,Tangail,M/S Khan Traders-Tangail,0
2025-03-31,2025,Mar,South,Faridpur,M/S Khaza Traders,0
2025-03-31,2025,Mar,North East,Cumilla,M/S. Khokon Enterprise,0
2025-03-31,2025,Mar,North,Thakurgaon,M/S. Kibriya Enterprise,0
2025-03-31,2025,Mar,North East,Cumilla,M/S-Laksam Trading Corporation,13
2025-03-31,2025,Mar,Dhaka,Manikganj,M/S Latif Traders,0
2025-03-31,2025,Mar,South,Gopalganj,M/S Linkon Enterprise,0
2025-03-31,2025,Mar,North,Natore,M/s Liton Enterprise,0
2025-03-31,2025,Mar,North East,Narsingdi,M/S. Liza Traders,0
2025-03-31,2025,Mar,Dhaka,Dhaka,M/S. Maa Enterprise,0
2025-03-31,2025,Mar,South,Barishal,M/S. Mahabub Traders,13
2025-03-31,2025,Mar,Dhaka,Gazipur,M/S. Mainul Traders,0
2025-03-31,2025,Mar,North East,Brahmanbaria,M/S. Malek and Sons,0
2025-03-31,2025,Mar,North,Dhaka,M/S. Manobendro Das,0
2025-03-31,2025,Mar,Dhaka,Dhaka,M/S. Marks Trading,0
2025-03-31,2025,Mar,South,Jhalokati,M/S Mary Suppliers and Mary Bricks,26
2025-03-31,2025,Mar,South,Bhola,M/S. Masaallah Traders,0
2025-03-31,2025,Mar,North East,Cumilla,M/S.Masfalah Construction,0
2025-03-31,2025,Mar,South,Khulna,M/S. M. A Traders (Dr.),28
2025-03-31,2025,Mar,Dhaka,Gazipur,M/S Mawna Builders,6
2025-03-31,2025,Mar,North,Tangail,M/S Maya Traders,0
2025-03-31,2025,Mar,South,Satkhira,M/S. Mayer Doa Sanitary and Anwar Sheet Enterprise,0
2025-03-31,2025,Mar,North,Bogura,M/S. Mayer Doya Variety Store,0
2025-03-31,2025,Mar,Dhaka,Gazipur,M/s Midul Enterprise,12
2025-03-31,2025,Mar,Dhaka,Gazipur,M/S. Mim Enterprise-Kapashia,6
2025-03-31,2025,Mar,South,Kushtia,M/S Mim Traders-Kustia,0
2025-03-31,2025,Mar,South,Chuadanga,M/S Mizan Traders,0
2025-03-31,2025,Mar,South,Faridpur,M/S Modina Traders,0
2025-03-31,2025,Mar,North East,Noakhali,M/S. Mokka Enterprise- Noakhali,0
2025-03-31,2025,Mar,North East,Narsingdi,M/S Mollah Enterprise-Narsingdi,0
2025-03-31,2025,Mar,North,Rajshahi,M/S. Mollah Enterprise-Rajshahi,0
2025-03-31,2025,Mar,North East,Cumilla,M/S Molla Traders-Chouddogram,0
2025-03-31,2025,Mar,South,Gopalganj,M/S Molla Traders-Gopalgonj,0
2025-03-31,2025,Mar,North,Bogura,M/S. Mondol Traders-Shibgonj,0
2025-03-31,2025,Mar,North,Tangail,M/S. Monira Enterprise,0
2025-03-31,2025,Mar,North,Dhaka,M/S Moon Traders- Sirajgonj,0
2025-03-31,2025,Mar,South,Barguna,M/S. Mridha Traders,0
2025-03-31,2025,Mar,North East,Netrokona,M/S-M.S Traders,0
2025-03-31,2025,Mar,North,Bogura,M/S. Mukta Traders,0
2025-03-31,2025,Mar,North East,Noakhali,M/S.Muldhara Trading,0
2025-03-31,2025,Mar,South,Pirojpur,M/S Nahar Enterprise- Pirojpur,0
2025-03-31,2025,Mar,South,Shariatpur,M/S Nayeem Enterprise,0
2025-03-31,2025,Mar,North,Tangail,M/S. Nazmul Enterprise,0
2025-03-31,2025,Mar,North East,Cumilla,M/S. Nazrul Traders,0
2025-03-31,2025,Mar,South,Pirojpur,M/S New Hope Traders,0
2025-03-31,2025,Mar,South,Gopalganj,M/S. New Sikder Traders,0
2025-03-31,2025,Mar,South,Satkhira,M/s Nirala Trader's,0
2025-03-31,2025,Mar,South,Madaripur,M/s Nirman,0
2025-03-31,2025,Mar,South,Barguna,M/s. Nur-E-Madina Trading,0
2025-03-31,2025,Mar,South,Faridpur,M/S Nur Mahidi Nerman Vander,26
2025-03-31,2025,Mar,South,Pirojpur,M/S Oishani Enterprise,0
2025-03-31,2025,Mar,Dhaka,Dhaka,M/S Osman Steel Corporation,0
2025-03-31,2025,Mar,North East,Lakshmipur,M/S Parvez Enterprise,0
2025-03-31,2025,Mar,North,Naogaon,M/S Parvez Trading-Naogaon,70
2025-03-31,2025,Mar,North,Dinajpur,M/S Popular Steel,0
2025-03-31,2025,Mar,South,Gopalganj,M/s Porosh Enterprise,26
2025-03-31,2025,Mar,North East,Cumilla,MS.Probashi G.I. Enterpries.,0
2025-03-31,2025,Mar,North,Dhaka,M/S. Purabi Traders,0
2025-03-31,2025,Mar,North,Pabna,M/S Rafiq Enterprise,0
2025-03-31,2025,Mar,South,Narail,M/S Rahit Ruchi Enterprise,0
2025-03-31,2025,Mar,Dhaka,Narayanganj,M/S Rahmania Enterprise,0
2025-03-31,2025,Mar,South,Chuadanga,M/S Rahman Traders,0
2025-03-31,2025,Mar,North East,Narsingdi,M/S Rahman Traders-Norsingdi,0
2025-03-31,2025,Mar,South,Jashore,M/S Raisa Enterprise,0
2025-03-31,2025,Mar,North,Thakurgaon,M/S. Raju Ceramic & Sanitary,0
2025-03-31,2025,Mar,Dhaka,Gazipur,M/S Rana Enterprise,8
2025-03-31,2025,Mar,North,Panchagarh,M/S. Rashad Traders,0
2025-03-31,2025,Mar,Dhaka,Dhaka,M/S. Rayhan Enterprise,46
2025-03-31,2025,Mar,Dhaka,Gazipur,M/S R.B Steel and Co.,10
2025-03-31,2025,Mar,North,Natore,M/S. Reza Enterprise,0
2025-03-31,2025,Mar,North,Pabna,M/S.Reza Enterprise-Pabna,0
2025-03-31,2025,Mar,North,Dinajpur,M/S Ripon Traders,0
2025-03-31,2025,Mar,South,Jashore,M/S R M Traders,0
2025-03-31,2025,Mar,North,Rangpur,M/S Rohima Traders,0
2025-03-31,2025,Mar,North,Panchagarh,M/S Rostom and Sons,0
2025-03-31,2025,Mar,North East,Cumilla,M/S. RS Hardware,0
2025-03-31,2025,Mar,North East,Noakhali,M/S Ruhul Amin Traders,0
2025-03-31,2025,Mar,Dhaka,Gazipur,M/S Sadar Builders,0
2025-03-31,2025,Mar,North,Tangail,M/S Sadia and Samia Traders,0
2025-03-31,2025,Mar,North,Panchagarh,M/S. Sadik Enterprise,0
2025-03-31,2025,Mar,South,Khulna,M/S. Safwan Corporation,0
2025-03-31,2025,Mar,North,Thakurgaon,M/S. Sahi-Imran Traders,0
2025-03-31,2025,Mar,Dhaka,Narayanganj,M/S Saif Traders,0
2025-03-31,2025,Mar,South,Madaripur,M/S Saifullah Enterprise,0
2025-03-31,2025,Mar,North,Pabna,M/S Samir Traders,26
2025-03-31,2025,Mar,South,Barishal,M/S Sazib Trading,0
2025-03-31,2025,Mar,North,Bogura,M/S Sazid Traders,0
2025-03-31,2025,Mar,South,Patuakhali,M/S.Serajul Haque,0
2025-03-31,2025,Mar,North,Rangpur,M/S. Shafi Trading,0
2025-03-31,2025,Mar,South,Faridpur,M/S Shah Farid Nirman Vander,0
2025-03-31,2025,Mar,North,Kurigram,M/S. Shaju Hardware,0
2025-03-31,2025,Mar,South,Jhenaidah,M/S Shamim Steel Corner,0
2025-03-31,2025,Mar,South,Shariatpur,M/S Shamim Traders-Sariatpur,0
2025-03-31,2025,Mar,South,Jhalokati,M/S Shampa Construction,0
2025-03-31,2025,Mar,North,Nilphamari,M/S. Sharif Construction Center,0
2025-03-31,2025,Mar,South,Gopalganj,M/S. Sharif Enterprise,13
2025-03-31,2025,Mar,South,Pirojpur,M/S. Shikder Enterprise-Pirojpur,0
2025-03-31,2025,Mar,South,Magura,M/S Shohag Enterprise-Satkhira,0
2025-03-31,2025,Mar,North,Sirajganj,M/s Shohan Iron and Steel House.,0
2025-03-31,2025,Mar,North,Thakurgaon,M/S. Shovon Traders,0
2025-03-31,2025,Mar,South,Khulna,M/S Showrov Enterprise,0
2025-03-31,2025,Mar,South,Narail,M/S. Sikdar Enterprise- Norail,14
2025-03-31,2025,Mar,North,Dinajpur,M/S. Sohidul Traders,0
2025-03-31,2025,Mar,South,Faridpur,M/S Sony Vander,0
2025-03-31,2025,Mar,North,Thakurgaon,M/S. Sulov Lauho Bitan,0
2025-03-31,2025,Mar,North,Chapainawabganj,M/S Sweet Enterprise,0
2025-03-31,2025,Mar,Dhaka,Gazipur,M/S Takhiya Enterprise,0
2025-03-31,2025,Mar,South,Gopalganj,M/S Tasnim Enterprise,0
2025-03-31,2025,Mar,North,Thakurgaon,M/S. Tin Vai Enterprise,0
2025-03-31,2025,Mar,North,Sirajganj,M/S Tisha Enterprise,0
2025-03-31,2025,Mar,South,Bagerhat,M/S Tonmoy Traders,0
2025-03-31,2025,Mar,Dhaka,Gazipur,M/S. Tosher Enterprise,0
2025-03-31,2025,Mar,North,Panchagarh,M/S Vai Vai Traders-Panchagor,0
2025-03-31,2025,Mar,South,Bhola,M/S. Yakub Traders,0
2025-03-31,2025,Mar,South,Chuadanga,M/S - Younus Hardware,13
2025-03-31,2025,Mar,South,Barishal,M/S Zakir Store,0
2025-03-31,2025,Mar,North,Rangpur,M/S. Zaman Traders-Rangpur,39
2025-03-31,2025,Mar,Dhaka,Dhaka,M/S Zam Zam Trading (Dhaka),0
2025-03-31,2025,Mar,North,Rangpur,M/S Zast Traders,0
2025-03-31,2025,Mar,South,Satkhira,M/S Zia Traders,0
2025-03-31,2025,Mar,Dhaka,Dhaka,Munshigonj Steel House,0
2025-03-31,2025,Mar,South,Jashore,M. Zaman Enterprise,0
2025-03-31,2025,Mar,South,Madaripur,Nabila Traders (Madaripur),0
2025-03-31,2025,Mar,North,Pabna,"Nabi Traders (Ishawrdi,  Pabna)",13
2025-03-31,2025,Mar,Dhaka,Dhaka,Nahar Steel,39
2025-03-31,2025,Mar,Dhaka,Dhaka,Nal Gulf Construction and Properties,0
2025-03-31,2025,Mar,North,Lalmonirhat,Narsingdi Enterprise,0
2025-03-31,2025,Mar,Dhaka,Dhaka,Nasrin Enterprise,0
2025-03-31,2025,Mar,Dhaka,Dhaka,Nation Tech Communications Limited,0
2025-03-31,2025,Mar,Dhaka,Dhaka,Nayeef Trading Corporation,5
2025-03-31,2025,Mar,North,Kurigram,Nayeem Traders (Kurigram),0
2025-03-31,2025,Mar,South,Barishal,Nayem Enterprise,0
2025-03-31,2025,Mar,South,Jashore,Nayon and Chayon,0
2025-03-31,2025,Mar,South,Jhenaidah,Nazmul Traders- Jhenaidah,0
2025-03-31,2025,Mar,North,Rangpur,Need Construction,0
2025-03-31,2025,Mar,South,Khulna,New Bengal Store,0
2025-03-31,2025,Mar,South,Dhaka,New Era Manufacturing Ltd.,0
2025-03-31,2025,Mar,South,Barishal,New Hasina Enterprise,0
2025-03-31,2025,Mar,Dhaka,Dhaka,New Sharmin Enterprise,11
2025-03-31,2025,Mar,Dhaka,Dhaka,Niloy Enterprise,2
2025-03-31,2025,Mar,South,Jhenaidah,Nishi Enterprise- Jhinaidah,0
2025-03-31,2025,Mar,South,Khulna,Nondi Trading Corporatin,0
2025-03-31,2025,Mar,North,Gaibandha,Northbengal Traders,0
2025-03-31,2025,Mar,South,Madaripur,Nurjahan Resourse International,0
2025-03-31,2025,Mar,North,Dinajpur,Nur Steel,0
2025-03-31,2025,Mar,South,Meherpur,Padma Enterprise,0
2025-03-31,2025,Mar,South,Gopalganj,Pal and Sons,0
2025-03-31,2025,Mar,South,Chuadanga,Palash Kumer Shaha,0
2025-03-31,2025,Mar,North,Dhaka,Palli Tower,0
2025-03-31,2025,Mar,North East,Moulvibazar,Paul Traders,0
2025-03-31,2025,Mar,Dhaka,Dhaka,Pioneer Location Ltd.,0
2025-03-31,2025,Mar,Dhaka,Dhaka,Popular Enterprise,9
2025-03-31,2025,Mar,North,Rangpur,Prince Enterprise,0
2025-03-31,2025,Mar,North,Bogura,Priti Traders (Bogra),0
2025-03-31,2025,Mar,North,Tangail,Prodhan Traders,0
2025-03-31,2025,Mar,North East,Chandpur,Rabbi Traders,0
2025-03-31,2025,Mar,North,Tangail,Rafik and Brothers - Joypurhat,0
2025-03-31,2025,Mar,North East,Jamalpur,Rahi Trade,0
2025-03-31,2025,Mar,North East,Narsingdi,Rahman Steel House,30
2025-03-31,2025,Mar,South,Shariatpur,Raju Enterprise,0
2025-03-31,2025,Mar,North,Gaibandha,Raju Traders,0
2025-03-31,2025,Mar,South,Jashore,Raju Zakir Enterprise,0
2025-03-31,2025,Mar,North East,Brahmanbaria,R. A Khan Properties,0
2025-03-31,2025,Mar,South,Narail,Rakhi Enterprise,0
2025-03-31,2025,Mar,North,Tangail,Rasel Store,0
2025-03-31,2025,Mar,South,Madaripur,Rashed Enterprise (Madaripur),0
2025-03-31,2025,Mar,South,Jashore,Razzaque Steel House,14
2025-03-31,2025,Mar,South,Patuakhali,Rema Enterprise,13
2025-03-31,2025,Mar,North East,Kishoreganj,Renu Traders,16
2025-03-31,2025,Mar,North,Bogura,Rezaul Bari (Bogra),0
2025-03-31,2025,Mar,North,Panchagarh,Riad Traders-Panchagor,0
2025-03-31,2025,Mar,South,Kushtia,R.I and Co.,0
2025-03-31,2025,Mar,North,Tangail,Riaz Uddin Traders,0
2025-03-31,2025,Mar,North,Tangail,Ridoy Enterprise- Tangail,0
2025-03-31,2025,Mar,Dhaka,Gazipur,Ridwan Traders,10
2025-03-31,2025,Mar,North,Tangail,Rina Construction,0
2025-03-31,2025,Mar,South,Khulna,Riya Trading International,0
2025-03-31,2025,Mar,North,Tangail,R. K Traders,0
2025-03-31,2025,Mar,South,Satkhira,Rofiqul and Brothers,0
2025-03-31,2025,Mar,South,Khulna,Rokeya Traders,0
2025-03-31,2025,Mar,North,Gaibandha,Rosid Traders,0
2025-03-31,2025,Mar,South,Kushtia,R. Rahman Corporation,52
2025-03-31,2025,Mar,Dhaka,Narayanganj,R.S Enterprise,119
2025-03-31,2025,Mar,South,Madaripur,R. S Enterprise-Madaripur,13
2025-03-31,2025,Mar,North East,Sherpur,Rubel Enterprise,0
2025-03-31,2025,Mar,North,Dinajpur,Rumman Traders,0
2025-03-31,2025,Mar,North,Dinajpur,Runa Enterprise,0
2025-03-31,2025,Mar,South,Barishal,Sajid and Brothers,0
2025-03-31,2025,Mar,South,Patuakhali,Sajid Enterprise- Patuakhali,0
2025-03-31,2025,Mar,South,Kushtia,Salam and Sons,52
2025-03-31,2025,Mar,South,Kushtia,Saleha Traders,0
2025-03-31,2025,Mar,South,Satkhira,Samannay Traders,0
2025-03-31,2025,Mar,North,Chapainawabganj,Sanaullah and Sons,0
2025-03-31,2025,Mar,North,Sirajganj,Sarkar Trading (Sirajgonj),0
2025-03-31,2025,Mar,North,Dinajpur,Sarker Brothers,0
2025-03-31,2025,Mar,South,Barishal,Satata Enterprise,0
2025-03-31,2025,Mar,South,Faridpur,Sathi Store,0
2025-03-31,2025,Mar,North,Pabna,S A Traders-Pabna,0
2025-03-31,2025,Mar,North East,Jamalpur,Sattar Traders,0
2025-03-31,2025,Mar,North,Rajshahi,SB Laboratories,0
2025-03-31,2025,Mar,South,Faridpur,S.B Traders - Faridpur,0
2025-03-31,2025,Mar,South,Shariatpur,Seba Trading Corporation,13
2025-03-31,2025,Mar,Dhaka,Dhaka,Selim Malik Traders,0
2025-03-31,2025,Mar,North,Panchagarh,Shaha Traders,0
2025-03-31,2025,Mar,North East,Mymensingh,Shahbuddin and Brothers,0
2025-03-31,2025,Mar,North East,Mymensingh,Shahin Enterprise,0
2025-03-31,2025,Mar,South,Jhenaidah,Shahin Traders,0
2025-03-31,2025,Mar,South,Narail,Shahin Traders - Narail,13
2025-03-31,2025,Mar,North,Rangpur,Shah Md Ashrafudulla,0
2025-03-31,2025,Mar,North East,Chandpur,Shakil Enterprise- Chandpur,0
2025-03-31,2025,Mar,South,Khulna,Shamim and Co,0
2025-03-31,2025,Mar,North East,Chandpur,Shamima Traders,0
2025-03-31,2025,Mar,South,Bhola,Shanaullah Enterprise,0
2025-03-31,2025,Mar,North,Rajshahi,Shanto Hardware,0
2025-03-31,2025,Mar,South,Khulna,Sharif and Co,0
2025-03-31,2025,Mar,South,Magura,Sharif Steel  Corner,0
2025-03-31,2025,Mar,South,Barguna,Sharmi Enterprise- Borguna,0
2025-03-31,2025,Mar,South,Gopalganj,Shawkat Hossain Mollah,0
2025-03-31,2025,Mar,North East,Mymensingh,Shayan Traders,0
2025-03-31,2025,Mar,South,Satkhira,Sheikh Brothers-Satkhira,0
2025-03-31,2025,Mar,North,Gaibandha,Shetu Traders- Gaibandha,0
2025-03-31,2025,Mar,Dhaka,Narayanganj,Shifat Enterprise-N.Ganj,0
2025-03-31,2025,Mar,South,Khulna,Shikder and Brothers,0
2025-03-31,2025,Mar,North East,Kishoreganj,Shimu Traders,0
2025-03-31,2025,Mar,South,Chuadanga,Shohag Enterprise,0
2025-03-31,2025,Mar,North,Natore,Shohug Machineries  and Traders,0
2025-03-31,2025,Mar,South,Bagerhat,Shotota Enterprise,0
2025-03-31,2025,Mar,North East,Brahmanbaria,Shuvo Enterprise (Ashuganj),0
2025-03-31,2025,Mar,South,Narail,Shuvo Enterprise - Norail,0
2025-03-31,2025,Mar,South,Jhenaidah,Siddique Cycle Store and Traders,0
2025-03-31,2025,Mar,North East,Sylhet,Siddiquey Construction,0
2025-03-31,2025,Mar,Dhaka,Dhaka,Sikder Enterprise (Keranigonj),5
2025-03-31,2025,Mar,South,Gopalganj,Sikder Traders-Goplagonj,0
2025-03-31,2025,Mar,North,Pabna,Sikder Traders (Pabna),26
2025-03-31,2025,Mar,North East,Cumilla,Silver Tiles and Sanitary,0
2025-03-31,2025,Mar,Dhaka,Dhaka,Simplex Development Ltd.,0
2025-03-31,2025,Mar,Dhaka,Manikganj,Singair Alfi Trade Link.,0
2025-03-31,2025,Mar,North,Dhaka,Sirajgonj Iron and Steel House,0
2025-03-31,2025,Mar,South,Dhaka,S.M Kamruzzaman,0
2025-03-31,2025,Mar,South,Narayanganj,Sonali Enterprise,0
2025-03-31,2025,Mar,North,Gaibandha,Sorif Traders,0
2025-03-31,2025,Mar,North,Nilphamari,Sourov Traders,0
2025-03-31,2025,Mar,North East,Jamalpur,S.R.S Construction,0
2025-03-31,2025,Mar,North,Thakurgaon,S. R. Traders,0
2025-03-31,2025,Mar,South,Bagerhat,S.R Traders -Bagerhat,0
2025-03-31,2025,Mar,South,Khulna,S. S. Syndicate,0
2025-03-31,2025,Mar,South,Satkhira,S S Traders,0
2025-03-31,2025,Mar,Dhaka,Gazipur,S T Enterprise,0
2025-03-31,2025,Mar,South,Jhenaidah,Suborna Traders,0
2025-03-31,2025,Mar,Dhaka,Gazipur,Suma Enterprise - Sofipur,0
2025-03-31,2025,Mar,South,Shariatpur,Sumon Enterprise,0
2025-03-31,2025,Mar,South,Khulna,Sumon Traders,0
2025-03-31,2025,Mar,South,Manikganj,Sundorban Hardware,0
2025-03-31,2025,Mar,North,Pabna,Swapan Traders,0
2025-03-31,2025,Mar,South,Jashore,Tahmina Enterprise,0
2025-03-31,2025,Mar,North,Thakurgaon,Tamanna Enterprise-Thakurgaon,0
2025-03-31,2025,Mar,South,Gopalganj,Tamim Enterprise,0
2025-03-31,2025,Mar,North,Rajshahi,Tariq  Enterprise,26
2025-03-31,2025,Mar,South,Narail,Tazmin Enterprise,13
2025-03-31,2025,Mar,Dhaka,Dhaka,The Barik Brothers,212
2025-03-31,2025,Mar,Dhaka,Dhaka,Three Star Co-Operative Multipurpose Ltd.,0
2025-03-31,2025,Mar,South,Patuakhali,Three Star Enterprise,0
2025-03-31,2025,Mar,Dhaka,Dhaka,"Tipu and Co.( Rayerbag, Jatrabari)",44
2025-03-31,2025,Mar,South,Meherpur,Tohmina Engineering Workshop,0
2025-03-31,2025,Mar,Dhaka,Dhaka,Trendy Textiles Ltd.,0
2025-03-31,2025,Mar,North East,Mymensingh,Tripti Steel Bitan,0
2025-03-31,2025,Mar,North,Rangpur,T.S.Enterprise(Rangpur),26
2025-03-31,2025,Mar,North,Sirajganj,Ullapara Variety Store,0
2025-03-31,2025,Mar,Dhaka,Dhaka,Unified Holdings Limited,0
2025-03-31,2025,Mar,South,Jhenaidah,Unique Construction,0
2025-03-31,2025,Mar,South,Khulna,Unique International,0
2025-03-31,2025,Mar,North East,Netrokona,Vodra Traders,0
2025-03-31,2025,Mar,Dhaka,Manikganj,Wazuddin Traders,11
2025-03-31,2025,Mar,North East,Sylhet,Windsor Hotel & Resorts Ltd.,0
2025-03-31,2025,Mar,North East,Noakhali,Yeasin Traders,0
2025-03-31,2025,Mar,Dhaka,Narayanganj,York  Composite Ltd,0
2025-03-31,2025,Mar,Dhaka,Narayanganj,York Fashion Ltd.,0
2025-03-31,2025,Mar,Dhaka,Dhaka,Younus Traders,0
2025-03-31,2025,Mar,South,Bhola,Zabbar Biswas Traders,48
2025-03-31,2025,Mar,Dhaka,Dhaka,Zaman Traders ( Savar),0
2025-04-30,2025,Apr,North East,Narsingdi,3D Comet Design & Consultant,0
2025-04-30,2025,Apr,North,Lalmonirhat,Abdul Hakim,26
2025-04-30,2025,Apr,North,Tangail,Abdul Malek - Rangpur,0
2025-04-30,2025,Apr,North,Dinajpur,Abdur Rauf-Dinajpur,0
2025-04-30,2025,Apr,South,Khulna,Abdur Razzak Aziz- Khulna,14
2025-04-30,2025,Apr,South,Shariatpur,Abdus Salam Farazi,0
2025-04-30,2025,Apr,North East,Sylhet,Abdus Shohid Construction,0
2025-04-30,2025,Apr,Dhaka,Dhaka,Abir Enterprise,28
2025-04-30,2025,Apr,North,Bogura,ABK Krishi Beez Himagar,0
2025-04-30,2025,Apr,South,Pirojpur,A.B.L.Builders,0
2025-04-30,2025,Apr,North,Pabna,Abul Hossain Traders,0
2025-04-30,2025,Apr,South,Barguna,Agrani Traders,14
2025-04-30,2025,Apr,South,Khulna,Ahad Enterprise,0
2025-04-30,2025,Apr,North East,Narsingdi,Ahasan Store,0
2025-04-30,2025,Apr,North,Chapainawabganj,Ahmed Store- C. Gonj,0
2025-04-30,2025,Apr,North,Bogura,Ahmed Traders-Bogra,0
2025-04-30,2025,Apr,North,Pabna,Ahsan Trading,0
2025-04-30,2025,Apr,North East,Dhaka,AK Developers Ltd.,0
2025-04-30,2025,Apr,North East,Sylhet,A.K Enterprise (Sylhet),0
2025-04-30,2025,Apr,Dhaka,Dhaka,Akhter Traders,10
2025-04-30,2025,Apr,North,Bogura,Akkash Ali Traders,0
2025-04-30,2025,Apr,North,Bogura,Alam and Brothers,0
2025-04-30,2025,Apr,South,Patuakhali,Al-Amin Traders-Patuakhali,0
2025-04-30,2025,Apr,North,Tangail,Alam Motors,0
2025-04-30,2025,Apr,South,Faridpur,Al-Bagdad Iron Steel- Faridpur,0
2025-04-30,2025,Apr,Dhaka,Dhaka,Al Baraka Steel Corporation- Mirpur,5
2025-04-30,2025,Apr,North East,Brahmanbaria,Al Ekram Traders,0
2025-04-30,2025,Apr,North,Rangpur,Alhaj Atiar Rahman,0
2025-04-30,2025,Apr,North,Dinajpur,Al Haj Traders,13
2025-04-30,2025,Apr,North East,Feni,Al Haj Zakir Enterprise,0
2025-04-30,2025,Apr,South,Bagerhat,Allahardan Enterprise-Bagerhat,0
2025-04-30,2025,Apr,South,Satkhira,Allahardan  Hardware,0
2025-04-30,2025,Apr,South,Satkhira,Allahar Dan Iron Store,0
2025-04-30,2025,Apr,North,Rajshahi,Al Manar Steel,140
2025-04-30,2025,Apr,Dhaka,Dhaka,Aman  Steel Corporation,0
2025-04-30,2025,Apr,North East,Jamalpur,Amena Enterprise-Jamalpur,0
2025-04-30,2025,Apr,Dhaka,Dhaka,Amin and Brother,5
2025-04-30,2025,Apr,South,Bagerhat,Amin Enterprise,0
2025-04-30,2025,Apr,South,Shariatpur,Amin Store,26
2025-04-30,2025,Apr,North East,Jamalpur,Amin Traders,0
2025-04-30,2025,Apr,South,Dhaka,Aminul Islam- Kustia,0
2025-04-30,2025,Apr,North,Tangail,Anny Construction,0
2025-04-30,2025,Apr,South,Satkhira,Anowar Trading,0
2025-04-30,2025,Apr,South,Rajbari,Anupam Nirmata,0
2025-04-30,2025,Apr,South,Rajbari,Anwar Traders,0
2025-04-30,2025,Apr,Dhaka,Dhaka,Arafah Development and Builders Ltd.,0
2025-04-30,2025,Apr,Dhaka,Dhaka,Arafat Trading,0
2025-04-30,2025,Apr,South,Khulna,Arafat Trading - Khulna,0
2025-04-30,2025,Apr,Dhaka,Narayanganj,AR Building Design and Construction,0
2025-04-30,2025,Apr,Dhaka,Dhaka,A.R Corporation,28
2025-04-30,2025,Apr,North East,Dhaka,ARF Trading International,0
2025-04-30,2025,Apr,Dhaka,Gazipur,Arifa Enterprise,36
2025-04-30,2025,Apr,South,Meherpur,Arif Enterprise,0
2025-04-30,2025,Apr,North,Sirajganj,Ariful Islam Traders,0
2025-04-30,2025,Apr,Dhaka,Dhaka,Arowa Traders,457
2025-04-30,2025,Apr,North,Dhaka,A.R. Trading (Rangpur),0
2025-04-30,2025,Apr,Dhaka,Gazipur,Ashik Traders,0
2025-04-30,2025,Apr,South,Barguna,Ashraful Enterprise,0
2025-04-30,2025,Apr,North,Dinajpur,Asma Traders,0
2025-04-30,2025,Apr,North East,Cumilla,A.Wohab and Sons,0
2025-04-30,2025,Apr,North East,Feni,Ayesha Enterprise,0
2025-04-30,2025,Apr,South,Shariatpur,Azad Traders - Soriotpur,0
2025-04-30,2025,Apr,North East,Chandpur,Aziz Brothers,0
2025-04-30,2025,Apr,South,Jhenaidah,Azizul Haque,0
2025-04-30,2025,Apr,Dhaka,Dhaka,Badsha Faisal Institute Madrasha,25
2025-04-30,2025,Apr,Dhaka,Dhaka,Bangladesh Shishu Kallyan Porishod (BCCW),12
2025-04-30,2025,Apr,South,Barishal,Barishal Iron House,0
2025-04-30,2025,Apr,North,Tangail,Basail Trading House,0
2025-04-30,2025,Apr,North East,Jamalpur,Bashonti Traders,0
2025-04-30,2025,Apr,North,Rangpur,Bengal and Company,0
2025-04-30,2025,Apr,South,Jashore,Bhai Bhai Enterprise,0
2025-04-30,2025,Apr,South,Madaripur,Bhai Bhai Traders - Madaripur,0
2025-04-30,2025,Apr,North,Kurigram,Bhai Bhai Trading,52
2025-04-30,2025,Apr,Dhaka,Gazipur,Bhai Bhon Enterprise,0
2025-04-30,2025,Apr,North,Tangail,Bhuiyan Traders- Mirzapur,0
2025-04-30,2025,Apr,South,Bagerhat,Bismillah Enterprise-Bagerhat,0
2025-04-30,2025,Apr,South,Magura,Bismillah Steel Corner,0
2025-04-30,2025,Apr,South,Khulna,Bismillah Steel House,0
2025-04-30,2025,Apr,Dhaka,Dhaka,Bismillah Traders-Dhaka,165
2025-04-30,2025,Apr,North East,Narsingdi,Bismillah Traders -Narsingdi,0
2025-04-30,2025,Apr,South,Satkhira,Bismillah Traders-Satkhira,0
2025-04-30,2025,Apr,North,Sirajganj,Borsha Enterprise,0
2025-04-30,2025,Apr,South,Dhaka,BRB Cable Industries Ltd. (Dr.),50
2025-04-30,2025,Apr,South,Kushtia,Bristy Traders,0
2025-04-30,2025,Apr,South,Chuadanga,Brothers Traders,26
2025-04-30,2025,Apr,Dhaka,Dhaka,Capital Builders,15
2025-04-30,2025,Apr,South,Patuakhali,Choudhory Enterprise,0
2025-04-30,2025,Apr,South,Patuakhali,Chowa Traders,0
2025-04-30,2025,Apr,North East,Sylhet,Chowdhury Trading,0
2025-04-30,2025,Apr,North,Tangail,Chunailal Traders,0
2025-04-30,2025,Apr,North East,Mymensingh,Community Health Foundation Bangladesh,78
2025-04-30,2025,Apr,North,Tangail,Das Traders,0
2025-04-30,2025,Apr,South,Gopalganj,Delwar and Brothers - Gopalgonj,0
2025-04-30,2025,Apr,North East,Feni,Desh Agency,0
2025-04-30,2025,Apr,South,Kushtia,Dhaka Steel,65
2025-04-30,2025,Apr,North,Pabna,Dhaka Steel King,0
2025-04-30,2025,Apr,Dhaka,Gazipur,Dhaka Trade Centre,0
2025-04-30,2025,Apr,North,Naogaon,Dipak Kumar Deb,0
2025-04-30,2025,Apr,Dhaka,Dhaka,Dipti Traders,0
2025-04-30,2025,Apr,North,Pabna,D.K Traders,13
2025-04-30,2025,Apr,North East,Chandpur,Doha Traders,0
2025-04-30,2025,Apr,North,Nilphamari,DOSHMILE TRADERS,0
2025-04-30,2025,Apr,North East,Mymensingh,Dulal Traders,0
2025-04-30,2025,Apr,North,Chapainawabganj,Emdadul Haque,0
2025-04-30,2025,Apr,South,Jhenaidah,Emon Enterprise,0
2025-04-30,2025,Apr,North,Dinajpur,Eng.Md.Mohsin Ali,0
2025-04-30,2025,Apr,North East,Cumilla,Engr. Shafiqul Islam Build and Consultancy,0
2025-04-30,2025,Apr,North East,Brahmanbaria,Eng. Suman Datta,0
2025-04-30,2025,Apr,Dhaka,Gazipur,Evan Enterprise,0
2025-04-30,2025,Apr,Dhaka,Dhaka,Fakir Chan Bepari and Sons,0
2025-04-30,2025,Apr,North,Kurigram,Farhad and Brothers,26
2025-04-30,2025,Apr,Dhaka,Dhaka,Farid Enterprise,40
2025-04-30,2025,Apr,Dhaka,Manikganj,Faruk and Brothers,180
2025-04-30,2025,Apr,South,Meherpur,Faruk Enterprise - Meherpur,0
2025-04-30,2025,Apr,Dhaka,Dhaka,Feni Traders,0
2025-04-30,2025,Apr,South,Meherpur,F.K Trade,0
2025-04-30,2025,Apr,North,Dhaka,F M Trading International,0
2025-04-30,2025,Apr,North East,Noakhali,Foyez Store,0
2025-04-30,2025,Apr,North East,Chattogram,Friends International,0
2025-04-30,2025,Apr,North East,Mymensingh,F.S Enterprise,77
2025-04-30,2025,Apr,North,Thakurgaon,Gallery Traders,0
2025-04-30,2025,Apr,South,Barishal,Gangashari Traders,0
2025-04-30,2025,Apr,North,Dinajpur,Gausheyz Ventores,13
2025-04-30,2025,Apr,Dhaka,Dhaka,Gawsia Enterprise,275
2025-04-30,2025,Apr,Dhaka,Gazipur,Giash Steel,5
2025-04-30,2025,Apr,South,Barguna,GM Ikfa Enterprise,0
2025-04-30,2025,Apr,North East,Cumilla,Grameen Traders,0
2025-04-30,2025,Apr,North East,Mymensingh,Greenland Developers (Pvt.)Ltd.,0
2025-04-30,2025,Apr,South,Faridpur,Habib Enterprise (Faridpur),50
2025-04-30,2025,Apr,Dhaka,Gazipur,Haji Enterprise - Gazipur,106
2025-04-30,2025,Apr,North,Dinajpur,Hamana Traders,0
2025-04-30,2025,Apr,North,Rangpur,Hamid and Sons,0
2025-04-30,2025,Apr,South,Jashore,Hamid Traders,0
2025-04-30,2025,Apr,South,Madaripur,Hamim International,0
2025-04-30,2025,Apr,North,Chapainawabganj,Hammad and Sons,0
2025-04-30,2025,Apr,South,Chuadanga,Hannan and Brothers-Chuadanga,0
2025-04-30,2025,Apr,North,Bogura,Hannan Traders,24
2025-04-30,2025,Apr,North East,Mymensingh,Haque and Brothers,0
2025-04-30,2025,Apr,South,Bhola,Haque and Sons-Bhola,0
2025-04-30,2025,Apr,South,Jhenaidah,Haque and Sons-Jhenaidah,0
2025-04-30,2025,Apr,North,Sirajganj,Haque Iron,0
2025-04-30,2025,Apr,North,Tangail,Harun Enterprise,131
2025-04-30,2025,Apr,South,Barishal,Hawlader Iron Store,0
2025-04-30,2025,Apr,North East,Brahmanbaria,Hazi Mobarak Traders,0
2025-04-30,2025,Apr,North,Dinajpur,Hera Traders,0
2025-04-30,2025,Apr,Dhaka,Dhaka,Hobigonj Traders,54
2025-04-30,2025,Apr,North,Dhaka,Hossain Construction ( Pvt ) Ltd,0
2025-04-30,2025,Apr,North East,Kishoreganj,Hossen Bhuiyan Steel House,0
2025-04-30,2025,Apr,South,Khulna,Howlader and Company,0
2025-04-30,2025,Apr,Dhaka,Dhaka,Howlader Enterprise,104
2025-04-30,2025,Apr,South,Jhalokati,Howlader Traders-Jhalokathi,0
2025-04-30,2025,Apr,Dhaka,Dhaka,H.S Corporation,0
2025-04-30,2025,Apr,North,Gaibandha,Humayan Kabir Traders-Gaibandha,0
2025-04-30,2025,Apr,South,Kushtia,Hymo International,0
2025-04-30,2025,Apr,North,Rangpur,Imarat Trading,39
2025-04-30,2025,Apr,South,Satkhira,Imarot Trading-Satkhira,0
2025-04-30,2025,Apr,South,Faridpur,Iron and Steel House,0
2025-04-30,2025,Apr,North East,Cumilla,Islam and Sons,0
2025-04-30,2025,Apr,North,Bogura,Islam Brothers-Bogura,0
2025-04-30,2025,Apr,South,Jashore,Islam Traders-Jessore,0
2025-04-30,2025,Apr,North,Rangpur,Itusa Builders,0
2025-04-30,2025,Apr,North,Tangail,I.V Methi Traders,0
2025-04-30,2025,Apr,South,Faridpur,Jahangir Store - Faridpur,0
2025-04-30,2025,Apr,South,Satkhira,Jaman Traders,0
2025-04-30,2025,Apr,North,Dhaka,Janata Enterprise- Sirajgonj,0
2025-04-30,2025,Apr,North,Dhaka,Janata Steel and Iron House,0
2025-04-30,2025,Apr,North,Bogura,J and Ma Enterprise,0
2025-04-30,2025,Apr,South,Faridpur,Jaseka Traders,80
2025-04-30,2025,Apr,North East,Noakhali,Jashim Steel House,26
2025-04-30,2025,Apr,North,Lalmonirhat,Jerin Enterprise,0
2025-04-30,2025,Apr,North East,Kishoreganj,Jesan Traders,0
2025-04-30,2025,Apr,South,Jashore,JesminSanitary and Iron Store,0
2025-04-30,2025,Apr,South,Narail,Jhorna Enterprise,0
2025-04-30,2025,Apr,South,Khulna,Joint Enterprise,0
2025-04-30,2025,Apr,North,Tangail,Joy Joya Enterprise,92
2025-04-30,2025,Apr,South,Shariatpur,Julhas and Brothers,0
2025-04-30,2025,Apr,North,Bogura,Kabir Traders-Bogra,0
2025-04-30,2025,Apr,North East,Cumilla,Kajol Enterprise,0
2025-04-30,2025,Apr,North East,Cumilla,Kalam and Sons,0
2025-04-30,2025,Apr,South,Faridpur,Kamarjani Traders,0
2025-04-30,2025,Apr,Dhaka,Gazipur,Kamrul Trading Corporation,44
2025-04-30,2025,Apr,South,Faridpur,Kamruzzaman Enterprise,0
2025-04-30,2025,Apr,South,Kushtia,Kanak Traders-Kustia,0
2025-04-30,2025,Apr,Dhaka,Gazipur,Kashem and Sons,15
2025-04-30,2025,Apr,North East,Noakhali,Kashem Traders (Noakhali),13
2025-04-30,2025,Apr,North,Kurigram,Khairul Enterprise,0
2025-04-30,2025,Apr,Dhaka,Dhaka,Khalid Trading Corporation,0
2025-04-30,2025,Apr,South,Jhalokati,Khan Builders,0
2025-04-30,2025,Apr,Dhaka,Dhaka,Khan Enterprise,122
2025-04-30,2025,Apr,North East,Lakshmipur,Khan Machineries Store,0
2025-04-30,2025,Apr,South,Khulna,Khan Traders -Khulna,14
2025-04-30,2025,Apr,South,Madaripur,Khan Traders- Madaripur,37
2025-04-30,2025,Apr,South,Madaripur,Khan Traders- Shibchor,0
2025-04-30,2025,Apr,North East,Chandpur,Khaza Variety Store,0
2025-04-30,2025,Apr,Dhaka,Gazipur,Khurshida Builders,121
2025-04-30,2025,Apr,South,Narail,King Builders,0
2025-04-30,2025,Apr,North,Rajshahi,Kismot Trading Corporation,0
2025-04-30,2025,Apr,South,Barishal,K K Enterprise,0
2025-04-30,2025,Apr,North,Dinajpur,Kobir Traders,0
2025-04-30,2025,Apr,Dhaka,Dhaka,Kolatia Traders,15
2025-04-30,2025,Apr,North East,Mymensingh,K.S. Trading,0
2025-04-30,2025,Apr,North,Dinajpur,Kumor Uddin and Sons,0
2025-04-30,2025,Apr,North,Dinajpur,Kundu Brothers,0
2025-04-30,2025,Apr,South,Faridpur,Kustia Enterprise,0
2025-04-30,2025,Apr,South,Barishal,Layla Builders,0
2025-04-30,2025,Apr,South,Patuakhali,Lila Enterprise,13
2025-04-30,2025,Apr,North,Tangail,Liton Enterprise,0
2025-04-30,2025,Apr,North,Nilphamari,L.N Trading Co.,91
2025-04-30,2025,Apr,North East,Mymensingh,Lubaba  Enterprise,0
2025-04-30,2025,Apr,North East,Sylhet,Ludhi Steel Marchant,135
2025-04-30,2025,Apr,North East,Feni,Madani Traders,52
2025-04-30,2025,Apr,South,Shariatpur,Madbor Enterprise,13
2025-04-30,2025,Apr,Dhaka,Narayanganj,Madina Corporation,0
2025-04-30,2025,Apr,North East,Netrokona,Mahabub Traders,0
2025-04-30,2025,Apr,Dhaka,Dhaka,Mahadi Design and Construction,20
2025-04-30,2025,Apr,North,Rajshahi,Mahamud Enterprise,0
2025-04-30,2025,Apr,North,Thakurgaon,Mahbub Enterprise,0
2025-04-30,2025,Apr,South,Jhenaidah,Mahir Trading,0
2025-04-30,2025,Apr,North East,Mymensingh,Mahi Traders,0
2025-04-30,2025,Apr,North,Dinajpur,Mahi Traders-Dinajpur,0
2025-04-30,2025,Apr,South,Jashore,Mahiya Kabir Corporation,0
2025-04-30,2025,Apr,North,Bogura,Mahmud Mahbub Traders,0
2025-04-30,2025,Apr,Dhaka,Dhaka,Makkah Traders,131
2025-04-30,2025,Apr,Dhaka,Gazipur,Mamun Enterprise-Gazipur,153
2025-04-30,2025,Apr,North East,Sylhet,Mamun Enterprise- Shylet,0
2025-04-30,2025,Apr,North,Pabna,Mamun Traders-Pabna,40
2025-04-30,2025,Apr,South,Kushtia,Mannan Hardware and Iron Store,0
2025-04-30,2025,Apr,Dhaka,Narayanganj,Mashin Corporation,0
2025-04-30,2025,Apr,North,Bogura,Master Traders (Shantahar),40
2025-04-30,2025,Apr,South,Barishal,Masud Enterprise,20
2025-04-30,2025,Apr,South,Madaripur,Mayer Doa Enterprise,0
2025-04-30,2025,Apr,North East,Netrokona,Mayer Doa Traders,0
2025-04-30,2025,Apr,North East,Chandpur,Md.Nasir Uddin -Chandpur,0
2025-04-30,2025,Apr,South,Bagerhat,Media Enterprise,0
2025-04-30,2025,Apr,Dhaka,Dhaka,Mega Ventures,14
2025-04-30,2025,Apr,South,Shariatpur,M H Traders,0
2025-04-30,2025,Apr,North East,Cumilla,Mili Enterprise,11
2025-04-30,2025,Apr,Dhaka,Gazipur,Mim Enterprise,40
2025-04-30,2025,Apr,Dhaka,Dhaka,Misti Enterprise,8
2025-04-30,2025,Apr,North East,Jamalpur,Mizan and Son's,20
2025-04-30,2025,Apr,South,Jhalokati,M Khan Ltd.,0
2025-04-30,2025,Apr,North East,Mymensingh,M K Traders,0
2025-04-30,2025,Apr,Dhaka,Dhaka,Modina Steel Corporation,78
2025-04-30,2025,Apr,North East,Sherpur,Mofazzal Enterprise,13
2025-04-30,2025,Apr,South,Kushtia,Mokka Enterprise- Kustia,0
2025-04-30,2025,Apr,South,Magura,Molla Banijjo Vander,13
2025-04-30,2025,Apr,North East,Cumilla,Molla Traders- Comilla,8
2025-04-30,2025,Apr,South,Jashore,Mollik Enterprise-Khulna,0
2025-04-30,2025,Apr,North,Dinajpur,Mondol Traders - Dinajpur,0
2025-04-30,2025,Apr,North,Kurigram,Mondol Traders- Kurigram,0
2025-04-30,2025,Apr,North,Sirajganj,Mondol Traders- Sirajgonj,0
2025-04-30,2025,Apr,Dhaka,Dhaka,Monir Enterprise,0
2025-04-30,2025,Apr,North,Dinajpur,Monoj Kumar Mallick,0
2025-04-30,2025,Apr,North East,Jamalpur,Morzina Steel House,0
2025-04-30,2025,Apr,South,Barishal,Moshiur Rahman Minto,0
2025-04-30,2025,Apr,North,Tangail,Mostafa Enterprise-Tangail,0
2025-04-30,2025,Apr,North,Rangpur,M.R Traders,0
2025-04-30,2025,Apr,North East,Chandpur,M/S: Tafhim Enterprise,0
2025-04-30,2025,Apr,South,Narail,M/S Abdul Hadi Traders,0
2025-04-30,2025,Apr,North,Naogaon,M/S Abdullah Traders,0
2025-04-30,2025,Apr,North,Sirajganj,M/S Abdus Samad Khan,14
2025-04-30,2025,Apr,North East,Cumilla,M/S Abedin Enterprise,0
2025-04-30,2025,Apr,South,Patuakhali,M/S. Abul Kalam Azad,0
2025-04-30,2025,Apr,North East,Narsingdi,M/S Adiat Traders,0
2025-04-30,2025,Apr,Dhaka,Dhaka,M/S Adil Enterprise,25
2025-04-30,2025,Apr,North,Pabna,M/S Adi Saha Trading,0
2025-04-30,2025,Apr,South,Satkhira,M/S. Afroz Enterprise,0
2025-04-30,2025,Apr,Dhaka,Narayanganj,M/S Alam and Sons Departmental Store,6
2025-04-30,2025,Apr,North,Nilphamari,M/S. Al Amin Traders-Nilphamary,0
2025-04-30,2025,Apr,North East,Netrokona,M/S Alam Traders,0
2025-04-30,2025,Apr,North,Dinajpur,M/S. Alhaj Traders-Dinajpur,0
2025-04-30,2025,Apr,South,Shariatpur,M/S Aliuzzaman Mir Malot,0
2025-04-30,2025,Apr,Dhaka,Gazipur,M/S Al-Madina Enterprise,0
2025-04-30,2025,Apr,South,Kushtia,M/S. Al-Nobi Hardware & Sanitary,0
2025-04-30,2025,Apr,North East,Noakhali,M/S Anisha Enterprise,0
2025-04-30,2025,Apr,North,Sirajganj,M/S Anowar Enterprise,0
2025-04-30,2025,Apr,South,Barguna,M/S. Anower Brick,0
2025-04-30,2025,Apr,Dhaka,Gazipur,M/S Arif Traders,26
2025-04-30,2025,Apr,North East,Cumilla,M/S -Ariyan Enterprise,0
2025-04-30,2025,Apr,South,Faridpur,M/S Asraf  and Sons,0
2025-04-30,2025,Apr,South,Jhenaidah,M/S. Astha Builders,0
2025-04-30,2025,Apr,South,Barguna,M/S Ayaan Traders,0
2025-04-30,2025,Apr,South,Jashore,M/S Ayesha Steel Corporation,13
2025-04-30,2025,Apr,South,Patuakhali,M/S. Azad Enterprise,0
2025-04-30,2025,Apr,South,Jashore,M/S Azim Shah Traders,39
2025-04-30,2025,Apr,North,Natore,M/S Azmir Enterprise,0
2025-04-30,2025,Apr,South,Jashore,M/S Babu Traders,0
2025-04-30,2025,Apr,South,Magura,M/S Bali Construction,0
2025-04-30,2025,Apr,South,Chuadanga,M/S. Bani Traders,0
2025-04-30,2025,Apr,Dhaka,Dhaka,M/S Bepari Traders,0
2025-04-30,2025,Apr,South,Rajbari,M/S Bepari Traders - Rajbari,0
2025-04-30,2025,Apr,Dhaka,Dhaka,M/S Bhai Bhai Traders and Engineering Works,0
2025-04-30,2025,Apr,North,Dinajpur,M/S. Bhai Bhai Traders (Dinajpur),0
2025-04-30,2025,Apr,North East,Cumilla,M/S Bhuiyan Traders-Cumilla,0
2025-04-30,2025,Apr,North East,Noakhali,M/S Bhuiyan Traders-Noakhali,0
2025-04-30,2025,Apr,North,Rangpur,M/S. Billah Traders,0
2025-04-30,2025,Apr,North East,Chandpur,MS.Billal Traders-Chandpur,0
2025-04-30,2025,Apr,North East,Mymensingh,M/S Bismillah Hardware and Glass House,0
2025-04-30,2025,Apr,North East,Kishoreganj,M/S Bismillah Traders- Bhairob,15
2025-04-30,2025,Apr,North East,Kishoreganj,M/S Bismillah Traders-Mymensing,0
2025-04-30,2025,Apr,North,Naogaon,M/S. Bismillha Traders-Naoga,0
2025-04-30,2025,Apr,South,Jhenaidah,M/S Bondhu Enterprise,73
2025-04-30,2025,Apr,North,Sherpur,M/S. Bondhu Enterprise-Bogra,0
2025-04-30,2025,Apr,South,Bhola,M/S Bushra Construction,0
2025-04-30,2025,Apr,North,Bogura,M/S. Bushra Traders,169
2025-04-30,2025,Apr,South,Jashore,M/S Chitra Trading,0
2025-04-30,2025,Apr,North,Lalmonirhat,M/s Dhorla Trading,0
2025-04-30,2025,Apr,South,Jashore,M/S. Dipro Enterprise,0
2025-04-30,2025,Apr,South,Faridpur,M/S. Durgapur Hi Tech,0
2025-04-30,2025,Apr,North East,Narsingdi,M/S Easy Builders,0
2025-04-30,2025,Apr,South,Khulna,M/S. Elina Enterprise,0
2025-04-30,2025,Apr,South,Pirojpur,M/S Emon Enterprise,0
2025-04-30,2025,Apr,North East,Dhaka,M/S. Engineer Builders,60
2025-04-30,2025,Apr,North East,Cumilla,M/S. Faisal Enterprise,0
2025-04-30,2025,Apr,South,Gopalganj,M/S Fakir and Sons,0
2025-04-30,2025,Apr,South,Satkhira,M/S Faruk Traders-Sathkhira,0
2025-04-30,2025,Apr,South,Meherpur,M/S. Fojilatun Nesha &Sons,0
2025-04-30,2025,Apr,South,Barishal,M/S Forkan Traders,0
2025-04-30,2025,Apr,South,Gopalganj,M/S Friends Enterprise,0
2025-04-30,2025,Apr,North East,Cumilla,M/S Gaji Hardware,0
2025-04-30,2025,Apr,North,Kurigram,M/S. G.M Enterprise,0
2025-04-30,2025,Apr,Dhaka,Dhaka,M/S. Hailmi Enterprise,0
2025-04-30,2025,Apr,North East,Cumilla,M/S Hanif Enterprise,0
2025-04-30,2025,Apr,Dhaka,Dhaka,M/S Haque and Hasan Traders,16
2025-04-30,2025,Apr,North East,Feni,M/S Haque Enterprise,0
2025-04-30,2025,Apr,North East,Brahmanbaria,M/S. Hasan Enterprise,30
2025-04-30,2025,Apr,South,Satkhira,M/S. Hasan Traders-Satkhira,0
2025-04-30,2025,Apr,South,Shariatpur,M/S. Hawlader Enterprise-Sariatpur,0
2025-04-30,2025,Apr,North East,Dhaka,M/S Hazi Abdul Khalique  & Son's,0
2025-04-30,2025,Apr,Dhaka,Dhaka,M/S Hazi Sarif Munshi Traders,17
2025-04-30,2025,Apr,South,Madaripur,M/S. Hazi Traders- Madaripur,0
2025-04-30,2025,Apr,North East,Jamalpur,M/S HEMENDRA CHANDRA SINGH,0
2025-04-30,2025,Apr,North East,Noakhali,M/S Hoque and Brothers (Noakhali),0
2025-04-30,2025,Apr,South,Bhola,M/S H Rahman and Sons,40
2025-04-30,2025,Apr,Dhaka,Narayanganj,M/S Ichapuri Cement House,0
2025-04-30,2025,Apr,South,Patuakhali,M/S.Islamia Traders,0
2025-04-30,2025,Apr,South,Jashore,M/S Islam Traders- Keshabpur,0
2025-04-30,2025,Apr,North,Tangail,M/S. Islam Traders- Sirajgonj,0
2025-04-30,2025,Apr,North,Naogaon,M/S. IT Construction,0
2025-04-30,2025,Apr,North East,Lakshmipur,M/S Jahir Enterprise,0
2025-04-30,2025,Apr,South,Patuakhali,M/S.Jamal Traders,0
2025-04-30,2025,Apr,North,Tangail,M/S.Jannath Enterprise,0
2025-04-30,2025,Apr,North East,Jamalpur,M/S Jibon Enterprise,0
2025-04-30,2025,Apr,North East,Jamalpur,M/S. Jibon Traders,0
2025-04-30,2025,Apr,South,Jashore,M/S Johir Enterprise,0
2025-04-30,2025,Apr,South,Meherpur,M/S Jony Enterprise -Meherpur,26
2025-04-30,2025,Apr,South,Jhenaidah,M/S Kafi Traders,0
2025-04-30,2025,Apr,South,Barguna,M/S. Kamal Enterprise,13
2025-04-30,2025,Apr,North,Panchagarh,M/S Kamlesh Traders,13
2025-04-30,2025,Apr,South,Barguna,M/S. Karim Builders,0
2025-04-30,2025,Apr,North,Tangail,M/S. Khalekujjaman Traders,0
2025-04-30,2025,Apr,South,Faridpur,M/S Khan Enterprise-Faridpur,0
2025-04-30,2025,Apr,Dhaka,Gazipur,M/S Khan Enterprise-Kaligonj,0
2025-04-30,2025,Apr,North,Dinajpur,M/S. Khan Enterprises- Dinajpur,0
2025-04-30,2025,Apr,North,Tangail,M/S Khan Traders-Tangail,0
2025-04-30,2025,Apr,South,Faridpur,M/S Khaza Traders,0
2025-04-30,2025,Apr,North East,Cumilla,M/S. Khokon Enterprise,0
2025-04-30,2025,Apr,North,Thakurgaon,M/S. Kibriya Enterprise,0
2025-04-30,2025,Apr,North East,Cumilla,M/S-Laksam Trading Corporation,44
2025-04-30,2025,Apr,Dhaka,Manikganj,M/S Latif Traders,0
2025-04-30,2025,Apr,South,Gopalganj,M/S Linkon Enterprise,13
2025-04-30,2025,Apr,North,Natore,M/s Liton Enterprise,0
2025-04-30,2025,Apr,North East,Narsingdi,M/S. Liza Traders,0
2025-04-30,2025,Apr,Dhaka,Dhaka,M/S. Maa Enterprise,16
2025-04-30,2025,Apr,South,Barishal,M/S. Mahabub Traders,13
2025-04-30,2025,Apr,Dhaka,Gazipur,M/S. Mainul Traders,0
2025-04-30,2025,Apr,North East,Brahmanbaria,M/S. Malek and Sons,0
2025-04-30,2025,Apr,North,Dhaka,M/S. Manobendro Das,0
2025-04-30,2025,Apr,Dhaka,Dhaka,M/S. Marks Trading,0
2025-04-30,2025,Apr,South,Jhalokati,M/S Mary Suppliers and Mary Bricks,0
2025-04-30,2025,Apr,South,Bhola,M/S. Masaallah Traders,0
2025-04-30,2025,Apr,North East,Cumilla,M/S.Masfalah Construction,0
2025-04-30,2025,Apr,South,Khulna,M/S. M. A Traders (Dr.),42
2025-04-30,2025,Apr,Dhaka,Gazipur,M/S Mawna Builders,0
2025-04-30,2025,Apr,North,Tangail,M/S Maya Traders,0
2025-04-30,2025,Apr,South,Satkhira,M/S. Mayer Doa Sanitary and Anwar Sheet Enterprise,0
2025-04-30,2025,Apr,North,Bogura,M/S. Mayer Doya Variety Store,0
2025-04-30,2025,Apr,Dhaka,Gazipur,M/s Midul Enterprise,21
2025-04-30,2025,Apr,South,Kushtia,M/S Mim Traders-Kustia,0
2025-04-30,2025,Apr,South,Chuadanga,M/S Mizan Traders,0
2025-04-30,2025,Apr,South,Faridpur,M/S Modina Traders,0
2025-04-30,2025,Apr,North East,Noakhali,M/S. Mokka Enterprise- Noakhali,0
2025-04-30,2025,Apr,North East,Narsingdi,M/S Mollah Enterprise-Narsingdi,0
2025-04-30,2025,Apr,North,Rajshahi,M/S. Mollah Enterprise-Rajshahi,0
2025-04-30,2025,Apr,North East,Cumilla,M/S Molla Traders-Chouddogram,13
2025-04-30,2025,Apr,South,Gopalganj,M/S Molla Traders-Gopalgonj,0
2025-04-30,2025,Apr,North,Bogura,M/S. Mondol Traders-Shibgonj,0
2025-04-30,2025,Apr,North,Tangail,M/S. Monira Enterprise,0
2025-04-30,2025,Apr,North,Dhaka,M/S Moon Traders- Sirajgonj,0
2025-04-30,2025,Apr,South,Barguna,M/S. Mridha Traders,0
2025-04-30,2025,Apr,North East,Netrokona,M/S-M.S Traders,0
2025-04-30,2025,Apr,North,Bogura,M/S. Mukta Traders,52
2025-04-30,2025,Apr,North East,Noakhali,M/S.Muldhara Trading,0
2025-04-30,2025,Apr,South,Pirojpur,M/S Nahar Enterprise- Pirojpur,0
2025-04-30,2025,Apr,South,Shariatpur,M/S Nayeem Enterprise,0
2025-04-30,2025,Apr,North,Tangail,M/S. Nazmul Enterprise,0
2025-04-30,2025,Apr,North East,Cumilla,M/S. Nazrul Traders,0
2025-04-30,2025,Apr,South,Pirojpur,M/S New Hope Traders,13
2025-04-30,2025,Apr,South,Gopalganj,M/S. New Sikder Traders,0
2025-04-30,2025,Apr,South,Satkhira,M/s Nirala Trader's,0
2025-04-30,2025,Apr,South,Madaripur,M/s Nirman,0
2025-04-30,2025,Apr,South,Barguna,M/s. Nur-E-Madina Trading,0
2025-04-30,2025,Apr,South,Faridpur,M/S Nur Mahidi Nerman Vander,66
2025-04-30,2025,Apr,South,Pirojpur,M/S Oishani Enterprise,0
2025-04-30,2025,Apr,Dhaka,Dhaka,M/S Osman Steel Corporation,0
2025-04-30,2025,Apr,North East,Lakshmipur,M/S Parvez Enterprise,0
2025-04-30,2025,Apr,North,Naogaon,M/S Parvez Trading-Naogaon,98
2025-04-30,2025,Apr,North,Dinajpur,M/S Popular Steel,0
2025-04-30,2025,Apr,South,Gopalganj,M/s Porosh Enterprise,0
2025-04-30,2025,Apr,North East,Cumilla,MS.Probashi G.I. Enterpries.,0
2025-04-30,2025,Apr,North,Dhaka,M/S. Purabi Traders,0
2025-04-30,2025,Apr,North,Pabna,M/S Rafiq Enterprise,0
2025-04-30,2025,Apr,South,Narail,M/S Rahit Ruchi Enterprise,0
2025-04-30,2025,Apr,Dhaka,Narayanganj,M/S Rahmania Enterprise,0
2025-04-30,2025,Apr,South,Chuadanga,M/S Rahman Traders,0
2025-04-30,2025,Apr,North East,Narsingdi,M/S Rahman Traders-Norsingdi,33
2025-04-30,2025,Apr,South,Jashore,M/S Raisa Enterprise,0
2025-04-30,2025,Apr,North,Thakurgaon,M/S. Raju Ceramic & Sanitary,0
2025-04-30,2025,Apr,Dhaka,Gazipur,M/S Rana Enterprise,41
2025-04-30,2025,Apr,North,Panchagarh,M/S. Rashad Traders,0
2025-04-30,2025,Apr,Dhaka,Dhaka,M/S. Rayhan Enterprise,110
2025-04-30,2025,Apr,Dhaka,Gazipur,M/S R.B Steel and Co.,40
2025-04-30,2025,Apr,North,Natore,M/S. Reza Enterprise,0
2025-04-30,2025,Apr,North,Pabna,M/S.Reza Enterprise-Pabna,0
2025-04-30,2025,Apr,North,Dinajpur,M/S Ripon Traders,0
2025-04-30,2025,Apr,South,Jashore,M/S R M Traders,0
2025-04-30,2025,Apr,North,Rangpur,M/S Rohima Traders,0
2025-04-30,2025,Apr,North,Panchagarh,M/S Rostom and Sons,0
2025-04-30,2025,Apr,North East,Cumilla,M/S. RS Hardware,0
2025-04-30,2025,Apr,North East,Noakhali,M/S Ruhul Amin Traders,0
2025-04-30,2025,Apr,Dhaka,Gazipur,M/S Sadar Builders,0
2025-04-30,2025,Apr,North,Tangail,M/S Sadia and Samia Traders,0
2025-04-30,2025,Apr,North,Panchagarh,M/S. Sadik Enterprise,0
2025-04-30,2025,Apr,South,Khulna,M/S. Safwan Corporation,0
2025-04-30,2025,Apr,North,Thakurgaon,M/S. Sahi-Imran Traders,0
2025-04-30,2025,Apr,Dhaka,Narayanganj,M/S Saif Traders,0
2025-04-30,2025,Apr,South,Madaripur,M/S Saifullah Enterprise,0
2025-04-30,2025,Apr,North,Pabna,M/S Samir Traders,106
2025-04-30,2025,Apr,South,Barishal,M/S Sazib Trading,0
2025-04-30,2025,Apr,North,Bogura,M/S Sazid Traders,13
2025-04-30,2025,Apr,South,Patuakhali,M/S.Serajul Haque,0
2025-04-30,2025,Apr,North,Rangpur,M/S. Shafi Trading,0
2025-04-30,2025,Apr,South,Faridpur,M/S Shah Farid Nirman Vander,0
2025-04-30,2025,Apr,North,Kurigram,M/S. Shaju Hardware,0
2025-04-30,2025,Apr,South,Jhenaidah,M/S Shamim Steel Corner,0
2025-04-30,2025,Apr,South,Shariatpur,M/S Shamim Traders-Sariatpur,0
2025-04-30,2025,Apr,South,Jhalokati,M/S Shampa Construction,0
2025-04-30,2025,Apr,North,Nilphamari,M/S. Sharif Construction Center,0
2025-04-30,2025,Apr,South,Gopalganj,M/S. Sharif Enterprise,20
2025-04-30,2025,Apr,South,Pirojpur,M/S. Shikder Enterprise-Pirojpur,0
2025-04-30,2025,Apr,South,Magura,M/S Shohag Enterprise-Satkhira,0
2025-04-30,2025,Apr,North,Sirajganj,M/s Shohan Iron and Steel House.,0
2025-04-30,2025,Apr,North,Thakurgaon,M/S. Shovon Traders,0
2025-04-30,2025,Apr,South,Khulna,M/S Showrov Enterprise,0
2025-04-30,2025,Apr,South,Narail,M/S. Sikdar Enterprise- Norail,28
2025-04-30,2025,Apr,North,Dinajpur,M/S. Sohidul Traders,0
2025-04-30,2025,Apr,South,Faridpur,M/S Sony Vander,13
2025-04-30,2025,Apr,North,Thakurgaon,M/S. Sulov Lauho Bitan,0
2025-04-30,2025,Apr,North,Chapainawabganj,M/S Sweet Enterprise,0
2025-04-30,2025,Apr,Dhaka,Gazipur,M/S Takhiya Enterprise,0
2025-04-30,2025,Apr,South,Gopalganj,M/S Tasnim Enterprise,0
2025-04-30,2025,Apr,North,Thakurgaon,M/S. Tin Vai Enterprise,0
2025-04-30,2025,Apr,North,Sirajganj,M/S Tisha Enterprise,0
2025-04-30,2025,Apr,South,Bagerhat,M/S Tonmoy Traders,0
2025-04-30,2025,Apr,Dhaka,Gazipur,M/S. Tosher Enterprise,5
2025-04-30,2025,Apr,North,Panchagarh,M/S Vai Vai Traders-Panchagor,0
2025-04-30,2025,Apr,South,Bhola,M/S. Yakub Traders,0
2025-04-30,2025,Apr,South,Chuadanga,M/S - Younus Hardware,0
2025-04-30,2025,Apr,South,Barishal,M/S Zakir Store,0
2025-04-30,2025,Apr,North,Rangpur,M/S. Zaman Traders-Rangpur,184
2025-04-30,2025,Apr,Dhaka,Dhaka,M/S Zam Zam Trading (Dhaka),0
2025-04-30,2025,Apr,North,Rangpur,M/S Zast Traders,0
2025-04-30,2025,Apr,South,Satkhira,M/S Zia Traders,0
2025-04-30,2025,Apr,Dhaka,Dhaka,Munshigonj Steel House,65
2025-04-30,2025,Apr,South,Jashore,M. Zaman Enterprise,0
2025-04-30,2025,Apr,South,Madaripur,Nabila Traders (Madaripur),0
2025-04-30,2025,Apr,North,Pabna,"Nabi Traders (Ishawrdi,  Pabna)",0
2025-04-30,2025,Apr,Dhaka,Dhaka,Nahar Steel,71
2025-04-30,2025,Apr,Dhaka,Dhaka,Nal Gulf Construction and Properties,0
2025-04-30,2025,Apr,North,Lalmonirhat,Narsingdi Enterprise,0
2025-04-30,2025,Apr,Dhaka,Dhaka,Nasrin Enterprise,5
2025-04-30,2025,Apr,Dhaka,Dhaka,Nation Tech Communications Limited,0
2025-04-30,2025,Apr,Dhaka,Dhaka,Nayeef Trading Corporation,5
2025-04-30,2025,Apr,North,Kurigram,Nayeem Traders (Kurigram),0
2025-04-30,2025,Apr,South,Barishal,Nayem Enterprise,0
2025-04-30,2025,Apr,South,Jashore,Nayon and Chayon,0
2025-04-30,2025,Apr,South,Jhenaidah,Nazmul Traders- Jhenaidah,0
2025-04-30,2025,Apr,North,Rangpur,Need Construction,0
2025-04-30,2025,Apr,South,Khulna,New Bengal Store,0
2025-04-30,2025,Apr,South,Dhaka,New Era Manufacturing Ltd.,0
2025-04-30,2025,Apr,South,Barishal,New Hasina Enterprise,0
2025-04-30,2025,Apr,Dhaka,Dhaka,New Sharmin Enterprise,10
2025-04-30,2025,Apr,Dhaka,Dhaka,Niloy Enterprise,5
2025-04-30,2025,Apr,South,Jhenaidah,Nishi Enterprise- Jhinaidah,0
2025-04-30,2025,Apr,South,Khulna,Nondi Trading Corporatin,0
2025-04-30,2025,Apr,North,Gaibandha,Northbengal Traders,0
2025-04-30,2025,Apr,South,Madaripur,Nurjahan Resourse International,0
2025-04-30,2025,Apr,North,Dinajpur,Nur Steel,0
2025-04-30,2025,Apr,South,Meherpur,Padma Enterprise,0
2025-04-30,2025,Apr,South,Gopalganj,Pal and Sons,0
2025-04-30,2025,Apr,South,Chuadanga,Palash Kumer Shaha,0
2025-04-30,2025,Apr,North,Dhaka,Palli Tower,0
2025-04-30,2025,Apr,North East,Moulvibazar,Paul Traders,0
2025-04-30,2025,Apr,Dhaka,Dhaka,Pioneer Location Ltd.,0
2025-04-30,2025,Apr,Dhaka,Dhaka,Popular Enterprise,9
2025-04-30,2025,Apr,North,Rangpur,Prince Enterprise,0
2025-04-30,2025,Apr,North,Bogura,Priti Traders (Bogra),13
2025-04-30,2025,Apr,North,Tangail,Prodhan Traders,0
2025-04-30,2025,Apr,North East,Chandpur,Rabbi Traders,0
2025-04-30,2025,Apr,North,Tangail,Rafik and Brothers - Joypurhat,0
2025-04-30,2025,Apr,North East,Jamalpur,Rahi Trade,0
2025-04-30,2025,Apr,North East,Narsingdi,Rahman Steel House,40
2025-04-30,2025,Apr,South,Shariatpur,Raju Enterprise,0
2025-04-30,2025,Apr,North,Gaibandha,Raju Traders,0
2025-04-30,2025,Apr,South,Jashore,Raju Zakir Enterprise,0
2025-04-30,2025,Apr,North East,Brahmanbaria,R. A Khan Properties,0
2025-04-30,2025,Apr,South,Narail,Rakhi Enterprise,0
2025-04-30,2025,Apr,North,Tangail,Rasel Store,0
2025-04-30,2025,Apr,South,Madaripur,Rashed Enterprise (Madaripur),0
2025-04-30,2025,Apr,South,Jashore,Razzaque Steel House,68
2025-04-30,2025,Apr,South,Patuakhali,Rema Enterprise,13
2025-04-30,2025,Apr,North East,Kishoreganj,Renu Traders,12
2025-04-30,2025,Apr,North,Bogura,Rezaul Bari (Bogra),0
2025-04-30,2025,Apr,North,Panchagarh,Riad Traders-Panchagor,0
2025-04-30,2025,Apr,South,Kushtia,R.I and Co.,0
2025-04-30,2025,Apr,North,Tangail,Riaz Uddin Traders,0
2025-04-30,2025,Apr,North,Tangail,Ridoy Enterprise- Tangail,0
2025-04-30,2025,Apr,Dhaka,Gazipur,Ridwan Traders,21
2025-04-30,2025,Apr,North,Tangail,Rina Construction,0
2025-04-30,2025,Apr,South,Khulna,Riya Trading International,0
2025-04-30,2025,Apr,North,Tangail,R. K Traders,0
2025-04-30,2025,Apr,South,Satkhira,Rofiqul and Brothers,0
2025-04-30,2025,Apr,South,Khulna,Rokeya Traders,0
2025-04-30,2025,Apr,North,Gaibandha,Rosid Traders,0
2025-04-30,2025,Apr,South,Kushtia,R. Rahman Corporation,104
2025-04-30,2025,Apr,Dhaka,Narayanganj,R.S Enterprise,181
2025-04-30,2025,Apr,South,Madaripur,R. S Enterprise-Madaripur,0
2025-04-30,2025,Apr,North East,Sherpur,Rubel Enterprise,0
2025-04-30,2025,Apr,North,Dinajpur,Rumman Traders,0
2025-04-30,2025,Apr,North,Dinajpur,Runa Enterprise,0
2025-04-30,2025,Apr,South,Barishal,Sajid and Brothers,0
2025-04-30,2025,Apr,South,Patuakhali,Sajid Enterprise- Patuakhali,0
2025-04-30,2025,Apr,South,Kushtia,Salam and Sons,117
2025-04-30,2025,Apr,South,Kushtia,Saleha Traders,39
2025-04-30,2025,Apr,South,Satkhira,Samannay Traders,0
2025-04-30,2025,Apr,North,Chapainawabganj,Sanaullah and Sons,0
2025-04-30,2025,Apr,North,Sirajganj,Sarkar Trading (Sirajgonj),27
2025-04-30,2025,Apr,North,Dinajpur,Sarker Brothers,0
2025-04-30,2025,Apr,South,Barishal,Satata Enterprise,0
2025-04-30,2025,Apr,South,Faridpur,Sathi Store,0
2025-04-30,2025,Apr,North,Pabna,S A Traders-Pabna,0
2025-04-30,2025,Apr,North East,Jamalpur,Sattar Traders,0
2025-04-30,2025,Apr,North,Rajshahi,SB Laboratories,0
2025-04-30,2025,Apr,South,Faridpur,S.B Traders - Faridpur,0
2025-04-30,2025,Apr,South,Shariatpur,Seba Trading Corporation,13
2025-04-30,2025,Apr,Dhaka,Dhaka,Selim Malik Traders,0
2025-04-30,2025,Apr,North,Panchagarh,Shaha Traders,0
2025-04-30,2025,Apr,North East,Mymensingh,Shahbuddin and Brothers,0
2025-04-30,2025,Apr,North East,Mymensingh,Shahin Enterprise,0
2025-04-30,2025,Apr,South,Jhenaidah,Shahin Traders,0
2025-04-30,2025,Apr,South,Narail,Shahin Traders - Narail,13
2025-04-30,2025,Apr,North,Rangpur,Shah Md Ashrafudulla,0
2025-04-30,2025,Apr,North East,Chandpur,Shakil Enterprise- Chandpur,0
2025-04-30,2025,Apr,South,Khulna,Shamim and Co,0
2025-04-30,2025,Apr,North East,Chandpur,Shamima Traders,0
2025-04-30,2025,Apr,South,Bhola,Shanaullah Enterprise,0
2025-04-30,2025,Apr,North,Rajshahi,Shanto Hardware,0
2025-04-30,2025,Apr,South,Khulna,Sharif and Co,0
2025-04-30,2025,Apr,South,Magura,Sharif Steel  Corner,13
2025-04-30,2025,Apr,South,Barguna,Sharmi Enterprise- Borguna,0
2025-04-30,2025,Apr,South,Gopalganj,Shawkat Hossain Mollah,0
2025-04-30,2025,Apr,North East,Mymensingh,Shayan Traders,0
2025-04-30,2025,Apr,South,Satkhira,Sheikh Brothers-Satkhira,0
2025-04-30,2025,Apr,North,Gaibandha,Shetu Traders- Gaibandha,0
2025-04-30,2025,Apr,Dhaka,Narayanganj,Shifat Enterprise-N.Ganj,0
2025-04-30,2025,Apr,South,Khulna,Shikder and Brothers,0
2025-04-30,2025,Apr,North East,Kishoreganj,Shimu Traders,0
2025-04-30,2025,Apr,South,Chuadanga,Shohag Enterprise,0
2025-04-30,2025,Apr,North,Natore,Shohug Machineries  and Traders,0
2025-04-30,2025,Apr,South,Bagerhat,Shotota Enterprise,0
2025-04-30,2025,Apr,North East,Brahmanbaria,Shuvo Enterprise (Ashuganj),0
2025-04-30,2025,Apr,South,Narail,Shuvo Enterprise - Norail,0
2025-04-30,2025,Apr,South,Jhenaidah,Siddique Cycle Store and Traders,0
2025-04-30,2025,Apr,North East,Sylhet,Siddiquey Construction,0
2025-04-30,2025,Apr,Dhaka,Dhaka,Sikder Enterprise (Keranigonj),13
2025-04-30,2025,Apr,South,Gopalganj,Sikder Traders-Goplagonj,0
2025-04-30,2025,Apr,North,Pabna,Sikder Traders (Pabna),52
2025-04-30,2025,Apr,North East,Cumilla,Silver Tiles and Sanitary,0
2025-04-30,2025,Apr,Dhaka,Dhaka,Simplex Development Ltd.,0
2025-04-30,2025,Apr,Dhaka,Manikganj,Singair Alfi Trade Link.,0
2025-04-30,2025,Apr,North,Dhaka,Sirajgonj Iron and Steel House,0
2025-04-30,2025,Apr,South,Dhaka,S.M Kamruzzaman,0
2025-04-30,2025,Apr,South,Narayanganj,Sonali Enterprise,0
2025-04-30,2025,Apr,North,Gaibandha,Sorif Traders,26
2025-04-30,2025,Apr,North,Nilphamari,Sourov Traders,13
2025-04-30,2025,Apr,North East,Jamalpur,S.R.S Construction,0
2025-04-30,2025,Apr,North,Thakurgaon,S. R. Traders,0
2025-04-30,2025,Apr,South,Bagerhat,S.R Traders -Bagerhat,0
2025-04-30,2025,Apr,South,Khulna,S. S. Syndicate,0
2025-04-30,2025,Apr,South,Satkhira,S S Traders,0
2025-04-30,2025,Apr,Dhaka,Gazipur,S T Enterprise,18
2025-04-30,2025,Apr,South,Jhenaidah,Suborna Traders,0
2025-04-30,2025,Apr,Dhaka,Gazipur,Suma Enterprise - Sofipur,36
2025-04-30,2025,Apr,South,Shariatpur,Sumon Enterprise,0
2025-04-30,2025,Apr,South,Khulna,Sumon Traders,0
2025-04-30,2025,Apr,South,Manikganj,Sundorban Hardware,0
2025-04-30,2025,Apr,North,Pabna,Swapan Traders,0
2025-04-30,2025,Apr,South,Jashore,Tahmina Enterprise,0
2025-04-30,2025,Apr,North,Thakurgaon,Tamanna Enterprise-Thakurgaon,0
2025-04-30,2025,Apr,South,Gopalganj,Tamim Enterprise,0
2025-04-30,2025,Apr,North,Rajshahi,Tariq  Enterprise,39
2025-04-30,2025,Apr,South,Narail,Tazmin Enterprise,0
2025-04-30,2025,Apr,Dhaka,Dhaka,The Barik Brothers,639
2025-04-30,2025,Apr,Dhaka,Dhaka,Three Star Co-Operative Multipurpose Ltd.,0
2025-04-30,2025,Apr,South,Patuakhali,Three Star Enterprise,0
2025-04-30,2025,Apr,Dhaka,Dhaka,"Tipu and Co.( Rayerbag, Jatrabari)",10
2025-04-30,2025,Apr,South,Meherpur,Tohmina Engineering Workshop,0
2025-04-30,2025,Apr,Dhaka,Dhaka,Trendy Textiles Ltd.,0
2025-04-30,2025,Apr,North East,Mymensingh,Tripti Steel Bitan,0
2025-04-30,2025,Apr,North,Rangpur,T.S.Enterprise(Rangpur),52
2025-04-30,2025,Apr,Dhaka,Gazipur,Turag Tower,5
2025-04-30,2025,Apr,North,Sirajganj,Ullapara Variety Store,26
2025-04-30,2025,Apr,Dhaka,Dhaka,Unified Holdings Limited,0
2025-04-30,2025,Apr,South,Jhenaidah,Unique Construction,0
2025-04-30,2025,Apr,South,Khulna,Unique International,0
2025-04-30,2025,Apr,North East,Netrokona,Vodra Traders,0
2025-04-30,2025,Apr,Dhaka,Manikganj,Wazuddin Traders,50
2025-04-30,2025,Apr,North East,Sylhet,Windsor Hotel & Resorts Ltd.,0
2025-04-30,2025,Apr,North East,Noakhali,Yeasin Traders,13
2025-04-30,2025,Apr,Dhaka,Narayanganj,York  Composite Ltd,0
2025-04-30,2025,Apr,Dhaka,Narayanganj,York Fashion Ltd.,0
2025-04-30,2025,Apr,Dhaka,Dhaka,Younus Traders,11
2025-04-30,2025,Apr,South,Bhola,Zabbar Biswas Traders,98
2025-04-30,2025,Apr,Dhaka,Dhaka,Zaman Traders ( Savar),18
2025-05-31,2025,May,North East,Narsingdi,3D Comet Design & Consultant,0
2025-05-31,2025,May,North,Lalmonirhat,Abdul Hakim,0
2025-05-31,2025,May,North,Tangail,Abdul Malek - Rangpur,0
2025-05-31,2025,May,North,Dinajpur,Abdur Rauf-Dinajpur,0
2025-05-31,2025,May,South,Khulna,Abdur Razzak Aziz- Khulna,72
2025-05-31,2025,May,South,Shariatpur,Abdus Salam Farazi,0
2025-05-31,2025,May,North East,Sylhet,Abdus Shohid Construction,0
2025-05-31,2025,May,Dhaka,Dhaka,Abir Enterprise,65
2025-05-31,2025,May,North,Bogura,ABK Krishi Beez Himagar,0
2025-05-31,2025,May,South,Pirojpur,A.B.L.Builders,0
2025-05-31,2025,May,North,Pabna,Abul Hossain Traders,12
2025-05-31,2025,May,South,Barguna,Agrani Traders,14
2025-05-31,2025,May,South,Khulna,Ahad Enterprise,0
2025-05-31,2025,May,North East,Narsingdi,Ahasan Store,0
2025-05-31,2025,May,North,Chapainawabganj,Ahmed Store- C. Gonj,0
2025-05-31,2025,May,North,Bogura,Ahmed Traders-Bogra,0
2025-05-31,2025,May,North,Pabna,Ahsan Trading,0
2025-05-31,2025,May,North East,Dhaka,AK Developers Ltd.,9
2025-05-31,2025,May,North East,Sylhet,A.K Enterprise (Sylhet),0
2025-05-31,2025,May,Dhaka,Dhaka,Akhter Traders,8
2025-05-31,2025,May,North,Bogura,Akkash Ali Traders,0
2025-05-31,2025,May,North,Bogura,Alam and Brothers,0
2025-05-31,2025,May,South,Patuakhali,Al-Amin Traders-Patuakhali,0
2025-05-31,2025,May,North,Tangail,Alam Motors,0
2025-05-31,2025,May,South,Faridpur,Al-Bagdad Iron Steel- Faridpur,0
2025-05-31,2025,May,Dhaka,Dhaka,Al Baraka Steel Corporation- Mirpur,11
2025-05-31,2025,May,North East,Brahmanbaria,Al Ekram Traders,0
2025-05-31,2025,May,North,Rangpur,Alhaj Atiar Rahman,0
2025-05-31,2025,May,North,Dinajpur,Al Haj Traders,65
2025-05-31,2025,May,North East,Feni,Al Haj Zakir Enterprise,0
2025-05-31,2025,May,South,Bagerhat,Allahardan Enterprise-Bagerhat,0
2025-05-31,2025,May,South,Satkhira,Allahardan  Hardware,0
2025-05-31,2025,May,South,Satkhira,Allahar Dan Iron Store,0
2025-05-31,2025,May,North,Rajshahi,Al Manar Steel,234
2025-05-31,2025,May,Dhaka,Dhaka,Aman  Steel Corporation,0
2025-05-31,2025,May,North East,Jamalpur,Amena Enterprise-Jamalpur,0
2025-05-31,2025,May,Dhaka,Dhaka,Amin and Brother,6
2025-05-31,2025,May,South,Bagerhat,Amin Enterprise,0
2025-05-31,2025,May,South,Shariatpur,Amin Store,0
2025-05-31,2025,May,North East,Jamalpur,Amin Traders,0
2025-05-31,2025,May,South,Dhaka,Aminul Islam- Kustia,0
2025-05-31,2025,May,North,Tangail,Anny Construction,0
2025-05-31,2025,May,South,Satkhira,Anowar Trading,0
2025-05-31,2025,May,South,Rajbari,Anupam Nirmata,13
2025-05-31,2025,May,South,Rajbari,Anwar Traders,26
2025-05-31,2025,May,Dhaka,Dhaka,Arafah Development and Builders Ltd.,0
2025-05-31,2025,May,Dhaka,Dhaka,Arafat Trading,0
2025-05-31,2025,May,South,Khulna,Arafat Trading - Khulna,0
2025-05-31,2025,May,Dhaka,Narayanganj,AR Building Design and Construction,0
2025-05-31,2025,May,Dhaka,Dhaka,A.R Corporation,51
2025-05-31,2025,May,North East,Dhaka,ARF Trading International,0
2025-05-31,2025,May,Dhaka,Gazipur,Arifa Enterprise,42
2025-05-31,2025,May,South,Meherpur,Arif Enterprise,0
2025-05-31,2025,May,North,Sirajganj,Ariful Islam Traders,0
2025-05-31,2025,May,Dhaka,Dhaka,Arowa Traders,880
2025-05-31,2025,May,North,Dhaka,A.R. Trading (Rangpur),0
2025-05-31,2025,May,Dhaka,Gazipur,Ashik Traders,53
2025-05-31,2025,May,South,Barguna,Ashraful Enterprise,0
2025-05-31,2025,May,North,Dinajpur,Asma Traders,0
2025-05-31,2025,May,North East,Cumilla,A.Wohab and Sons,0
2025-05-31,2025,May,North East,Feni,Ayesha Enterprise,0
2025-05-31,2025,May,South,Shariatpur,Azad Traders - Soriotpur,0
2025-05-31,2025,May,North East,Chandpur,Aziz Brothers,0
2025-05-31,2025,May,South,Jhenaidah,Azizul Haque,0
2025-05-31,2025,May,Dhaka,Dhaka,Badsha Faisal Institute Madrasha,0
2025-05-31,2025,May,Dhaka,Dhaka,Bangladesh Shishu Kallyan Porishod (BCCW),8
2025-05-31,2025,May,South,Barishal,Barishal Iron House,13
2025-05-31,2025,May,North,Tangail,Basail Trading House,0
2025-05-31,2025,May,North East,Jamalpur,Bashonti Traders,0
2025-05-31,2025,May,North,Rangpur,Bengal and Company,52
2025-05-31,2025,May,South,Jashore,Bhai Bhai Enterprise,0
2025-05-31,2025,May,South,Madaripur,Bhai Bhai Traders - Madaripur,0
2025-05-31,2025,May,North,Kurigram,Bhai Bhai Trading,92
2025-05-31,2025,May,Dhaka,Gazipur,Bhai Bhon Enterprise,0
2025-05-31,2025,May,North,Tangail,Bhuiyan Traders- Mirzapur,7
2025-05-31,2025,May,South,Bagerhat,Bismillah Enterprise-Bagerhat,0
2025-05-31,2025,May,South,Magura,Bismillah Steel Corner,0
2025-05-31,2025,May,South,Khulna,Bismillah Steel House,0
2025-05-31,2025,May,Dhaka,Dhaka,Bismillah Traders-Dhaka,145
2025-05-31,2025,May,North East,Narsingdi,Bismillah Traders -Narsingdi,0
2025-05-31,2025,May,South,Satkhira,Bismillah Traders-Satkhira,0
2025-05-31,2025,May,North,Sirajganj,Borsha Enterprise,0
2025-05-31,2025,May,South,Dhaka,BRB Cable Industries Ltd. (Dr.),0
2025-05-31,2025,May,South,Kushtia,Bristy Traders,0
2025-05-31,2025,May,South,Chuadanga,Brothers Traders,13
2025-05-31,2025,May,Dhaka,Dhaka,Capital Builders,11
2025-05-31,2025,May,South,Patuakhali,Choudhory Enterprise,0
2025-05-31,2025,May,South,Patuakhali,Chowa Traders,0
2025-05-31,2025,May,North East,Sylhet,Chowdhury Trading,0
2025-05-31,2025,May,North,Tangail,Chunailal Traders,0
2025-05-31,2025,May,North East,Mymensingh,Community Health Foundation Bangladesh,0
2025-05-31,2025,May,North,Tangail,Das Traders,0
2025-05-31,2025,May,South,Gopalganj,Delwar and Brothers - Gopalgonj,0
2025-05-31,2025,May,North East,Feni,Desh Agency,0
2025-05-31,2025,May,South,Kushtia,Dhaka Steel,65
2025-05-31,2025,May,North,Pabna,Dhaka Steel King,0
2025-05-31,2025,May,Dhaka,Gazipur,Dhaka Trade Centre,55
2025-05-31,2025,May,North,Naogaon,Dipak Kumar Deb,0
2025-05-31,2025,May,Dhaka,Dhaka,Dipti Traders,0
2025-05-31,2025,May,North,Pabna,D.K Traders,13
2025-05-31,2025,May,North East,Chandpur,Doha Traders,0
2025-05-31,2025,May,North,Nilphamari,DOSHMILE TRADERS,0
2025-05-31,2025,May,North East,Mymensingh,Dulal Traders,0
2025-05-31,2025,May,North,Chapainawabganj,Emdadul Haque,0
2025-05-31,2025,May,South,Jhenaidah,Emon Enterprise,0
2025-05-31,2025,May,North,Dinajpur,Eng.Md.Mohsin Ali,0
2025-05-31,2025,May,North East,Cumilla,Engr. Shafiqul Islam Build and Consultancy,0
2025-05-31,2025,May,North East,Brahmanbaria,Eng. Suman Datta,0
2025-05-31,2025,May,Dhaka,Gazipur,Evan Enterprise,14
2025-05-31,2025,May,Dhaka,Dhaka,Fakir Chan Bepari and Sons,30
2025-05-31,2025,May,North,Kurigram,Farhad and Brothers,13
2025-05-31,2025,May,Dhaka,Dhaka,Farid Enterprise,5
2025-05-31,2025,May,Dhaka,Manikganj,Faruk and Brothers,74
2025-05-31,2025,May,South,Meherpur,Faruk Enterprise - Meherpur,0
2025-05-31,2025,May,Dhaka,Dhaka,Feni Traders,10
2025-05-31,2025,May,South,Meherpur,F.K Trade,0
2025-05-31,2025,May,North,Dhaka,F M Trading International,0
2025-05-31,2025,May,North East,Noakhali,Foyez Store,0
2025-05-31,2025,May,North East,Chattogram,Friends International,0
2025-05-31,2025,May,North East,Mymensingh,F.S Enterprise,204
2025-05-31,2025,May,North,Thakurgaon,Gallery Traders,0
2025-05-31,2025,May,South,Barishal,Gangashari Traders,0
2025-05-31,2025,May,North,Dinajpur,Gausheyz Ventores,0
2025-05-31,2025,May,Dhaka,Dhaka,Gawsia Enterprise,322
2025-05-31,2025,May,Dhaka,Gazipur,Giash Steel,0
2025-05-31,2025,May,South,Barguna,GM Ikfa Enterprise,0
2025-05-31,2025,May,North East,Cumilla,Grameen Traders,0
2025-05-31,2025,May,North East,Mymensingh,Greenland Developers (Pvt.)Ltd.,27
2025-05-31,2025,May,South,Faridpur,Habib Enterprise (Faridpur),26
2025-05-31,2025,May,Dhaka,Gazipur,Haji Enterprise - Gazipur,74
2025-05-31,2025,May,North,Dinajpur,Hamana Traders,0
2025-05-31,2025,May,North,Rangpur,Hamid and Sons,0
2025-05-31,2025,May,South,Jashore,Hamid Traders,0
2025-05-31,2025,May,South,Madaripur,Hamim International,0
2025-05-31,2025,May,North,Chapainawabganj,Hammad and Sons,0
2025-05-31,2025,May,South,Chuadanga,Hannan and Brothers-Chuadanga,0
2025-05-31,2025,May,North,Bogura,Hannan Traders,54
2025-05-31,2025,May,North East,Mymensingh,Haque and Brothers,0
2025-05-31,2025,May,South,Bhola,Haque and Sons-Bhola,0
2025-05-31,2025,May,South,Jhenaidah,Haque and Sons-Jhenaidah,0
2025-05-31,2025,May,North,Sirajganj,Haque Iron,0
2025-05-31,2025,May,North,Tangail,Harun Enterprise,70
2025-05-31,2025,May,South,Barishal,Hawlader Iron Store,0
2025-05-31,2025,May,North East,Brahmanbaria,Hazi Mobarak Traders,0
2025-05-31,2025,May,North,Dinajpur,Hera Traders,0
2025-05-31,2025,May,Dhaka,Dhaka,Hobigonj Traders,64
2025-05-31,2025,May,North,Dhaka,Hossain Construction ( Pvt ) Ltd,0
2025-05-31,2025,May,North East,Kishoreganj,Hossen Bhuiyan Steel House,0
2025-05-31,2025,May,South,Khulna,Howlader and Company,0
2025-05-31,2025,May,Dhaka,Dhaka,Howlader Enterprise,99
2025-05-31,2025,May,South,Jhalokati,Howlader Traders-Jhalokathi,0
2025-05-31,2025,May,Dhaka,Dhaka,H.S Corporation,0
2025-05-31,2025,May,North,Gaibandha,Humayan Kabir Traders-Gaibandha,0
2025-05-31,2025,May,South,Kushtia,Hymo International,0
2025-05-31,2025,May,Dhaka,Narayanganj,Ikhwan Construction,9
2025-05-31,2025,May,North,Rangpur,Imarat Trading,52
2025-05-31,2025,May,South,Satkhira,Imarot Trading-Satkhira,0
2025-05-31,2025,May,South,Faridpur,Iron and Steel House,13
2025-05-31,2025,May,North East,Cumilla,Islam and Sons,0
2025-05-31,2025,May,North,Bogura,Islam Brothers-Bogura,0
2025-05-31,2025,May,South,Jashore,Islam Traders-Jessore,0
2025-05-31,2025,May,North,Rangpur,Itusa Builders,0
2025-05-31,2025,May,North,Tangail,I.V Methi Traders,0
2025-05-31,2025,May,South,Faridpur,Jahangir Store - Faridpur,0
2025-05-31,2025,May,South,Satkhira,Jaman Traders,0
2025-05-31,2025,May,North,Dhaka,Janata Enterprise- Sirajgonj,0
2025-05-31,2025,May,North,Dhaka,Janata Steel and Iron House,0
2025-05-31,2025,May,North,Bogura,J and Ma Enterprise,0
2025-05-31,2025,May,South,Faridpur,Jaseka Traders,32
2025-05-31,2025,May,North East,Noakhali,Jashim Steel House,13
2025-05-31,2025,May,North,Lalmonirhat,Jerin Enterprise,0
2025-05-31,2025,May,North East,Kishoreganj,Jesan Traders,0
2025-05-31,2025,May,South,Jashore,JesminSanitary and Iron Store,14
2025-05-31,2025,May,South,Narail,Jhorna Enterprise,0
2025-05-31,2025,May,Dhaka,Gazipur,Jidni Enterprise,15
2025-05-31,2025,May,South,Khulna,Joint Enterprise,0
2025-05-31,2025,May,North,Tangail,Joy Joya Enterprise,143
2025-05-31,2025,May,South,Shariatpur,Julhas and Brothers,0
2025-05-31,2025,May,North,Bogura,Kabir Traders-Bogra,0
2025-05-31,2025,May,North East,Cumilla,Kajol Enterprise,0
2025-05-31,2025,May,North East,Cumilla,Kalam and Sons,0
2025-05-31,2025,May,South,Faridpur,Kamarjani Traders,0
2025-05-31,2025,May,Dhaka,Gazipur,Kamrul Trading Corporation,45
2025-05-31,2025,May,South,Faridpur,Kamruzzaman Enterprise,0
2025-05-31,2025,May,South,Kushtia,Kanak Traders-Kustia,0
2025-05-31,2025,May,Dhaka,Gazipur,Kashem and Sons,32
2025-05-31,2025,May,North East,Noakhali,Kashem Traders (Noakhali),0
2025-05-31,2025,May,North,Kurigram,Khairul Enterprise,0
2025-05-31,2025,May,Dhaka,Dhaka,Khalid Trading Corporation,0
2025-05-31,2025,May,South,Jhalokati,Khan Builders,0
2025-05-31,2025,May,Dhaka,Dhaka,Khan Enterprise,271
2025-05-31,2025,May,North East,Lakshmipur,Khan Machineries Store,0
2025-05-31,2025,May,South,Khulna,Khan Traders -Khulna,28
2025-05-31,2025,May,South,Madaripur,Khan Traders- Madaripur,0
2025-05-31,2025,May,South,Madaripur,Khan Traders- Shibchor,0
2025-05-31,2025,May,North East,Chandpur,Khaza Variety Store,0
2025-05-31,2025,May,Dhaka,Gazipur,Khurshida Builders,91
2025-05-31,2025,May,South,Narail,King Builders,0
2025-05-31,2025,May,North,Rajshahi,Kismot Trading Corporation,0
2025-05-31,2025,May,South,Barishal,K K Enterprise,0
2025-05-31,2025,May,North,Dinajpur,Kobir Traders,0
2025-05-31,2025,May,Dhaka,Dhaka,Kolatia Traders,8
2025-05-31,2025,May,North East,Mymensingh,K.S. Trading,0
2025-05-31,2025,May,North,Dinajpur,Kumor Uddin and Sons,0
2025-05-31,2025,May,North,Dinajpur,Kundu Brothers,0
2025-05-31,2025,May,South,Faridpur,Kustia Enterprise,0
2025-05-31,2025,May,South,Barishal,Layla Builders,0
2025-05-31,2025,May,South,Patuakhali,Lila Enterprise,10
2025-05-31,2025,May,North,Tangail,Liton Enterprise,0
2025-05-31,2025,May,North,Nilphamari,L.N Trading Co.,52
2025-05-31,2025,May,North East,Mymensingh,Lubaba  Enterprise,0
2025-05-31,2025,May,North East,Sylhet,Ludhi Steel Marchant,165
2025-05-31,2025,May,North East,Feni,Madani Traders,26
2025-05-31,2025,May,South,Shariatpur,Madbor Enterprise,0
2025-05-31,2025,May,Dhaka,Narayanganj,Madina Corporation,0
2025-05-31,2025,May,North East,Netrokona,Mahabub Traders,0
2025-05-31,2025,May,Dhaka,Dhaka,Mahadi Design and Construction,22
2025-05-31,2025,May,North,Rajshahi,Mahamud Enterprise,0
2025-05-31,2025,May,North,Thakurgaon,Mahbub Enterprise,0
2025-05-31,2025,May,South,Jhenaidah,Mahir Trading,0
2025-05-31,2025,May,North East,Mymensingh,Mahi Traders,0
2025-05-31,2025,May,North,Dinajpur,Mahi Traders-Dinajpur,0
2025-05-31,2025,May,South,Jashore,Mahiya Kabir Corporation,73
2025-05-31,2025,May,North,Bogura,Mahmud Mahbub Traders,0
2025-05-31,2025,May,Dhaka,Dhaka,Makkah Traders,141
2025-05-31,2025,May,Dhaka,Gazipur,Mamun Enterprise-Gazipur,141
2025-05-31,2025,May,North East,Sylhet,Mamun Enterprise- Shylet,0
2025-05-31,2025,May,North,Pabna,Mamun Traders-Pabna,54
2025-05-31,2025,May,South,Kushtia,Mannan Hardware and Iron Store,0
2025-05-31,2025,May,Dhaka,Narayanganj,Mashin Corporation,0
2025-05-31,2025,May,North,Bogura,Master Traders (Shantahar),0
2025-05-31,2025,May,South,Barishal,Masud Enterprise,0
2025-05-31,2025,May,South,Madaripur,Mayer Doa Enterprise,27
2025-05-31,2025,May,North East,Netrokona,Mayer Doa Traders,0
2025-05-31,2025,May,North East,Chandpur,Md.Nasir Uddin -Chandpur,0
2025-05-31,2025,May,South,Bagerhat,Media Enterprise,0
2025-05-31,2025,May,South,Shariatpur,M H Traders,0
2025-05-31,2025,May,North East,Cumilla,Mili Enterprise,10
2025-05-31,2025,May,Dhaka,Gazipur,Mim Enterprise,18
2025-05-31,2025,May,Dhaka,Dhaka,Misti Enterprise,4
2025-05-31,2025,May,North East,Jamalpur,Mizan and Son's,12
2025-05-31,2025,May,South,Jhalokati,M Khan Ltd.,0
2025-05-31,2025,May,North East,Mymensingh,M K Traders,0
2025-05-31,2025,May,Dhaka,Dhaka,Modina Steel Corporation,188
2025-05-31,2025,May,North East,Sherpur,Mofazzal Enterprise,52
2025-05-31,2025,May,South,Kushtia,Mokka Enterprise- Kustia,0
2025-05-31,2025,May,South,Magura,Molla Banijjo Vander,0
2025-05-31,2025,May,North East,Cumilla,Molla Traders- Comilla,12
2025-05-31,2025,May,South,Jashore,Mollik Enterprise-Khulna,0
2025-05-31,2025,May,North,Dinajpur,Mondol Traders - Dinajpur,0
2025-05-31,2025,May,North,Kurigram,Mondol Traders- Kurigram,0
2025-05-31,2025,May,North,Sirajganj,Mondol Traders- Sirajgonj,0
2025-05-31,2025,May,Dhaka,Dhaka,Monir Enterprise,15
2025-05-31,2025,May,North,Dinajpur,Monoj Kumar Mallick,0
2025-05-31,2025,May,North East,Jamalpur,Morzina Steel House,0
2025-05-31,2025,May,South,Barishal,Moshiur Rahman Minto,0
2025-05-31,2025,May,North,Tangail,Mostafa Enterprise-Tangail,0
2025-05-31,2025,May,North,Rangpur,M.R Traders,0
2025-05-31,2025,May,North East,Chandpur,M/S: Tafhim Enterprise,0
2025-05-31,2025,May,South,Narail,M/S Abdul Hadi Traders,0
2025-05-31,2025,May,North,Naogaon,M/S Abdullah Traders,0
2025-05-31,2025,May,North,Sirajganj,M/S Abdus Samad Khan,14
2025-05-31,2025,May,North East,Cumilla,M/S Abedin Enterprise,0
2025-05-31,2025,May,South,Patuakhali,M/S. Abul Kalam Azad,0
2025-05-31,2025,May,North East,Narsingdi,M/S Adiat Traders,0
2025-05-31,2025,May,Dhaka,Dhaka,M/S Adil Enterprise,22
2025-05-31,2025,May,North,Pabna,M/S Adi Saha Trading,13
2025-05-31,2025,May,South,Satkhira,M/S. Afroz Enterprise,0
2025-05-31,2025,May,Dhaka,Narayanganj,M/S Alam and Sons Departmental Store,10
2025-05-31,2025,May,North,Nilphamari,M/S. Al Amin Traders-Nilphamary,0
2025-05-31,2025,May,North East,Netrokona,M/S Alam Traders,0
2025-05-31,2025,May,North,Dinajpur,M/S. Alhaj Traders-Dinajpur,0
2025-05-31,2025,May,South,Shariatpur,M/S Aliuzzaman Mir Malot,0
2025-05-31,2025,May,Dhaka,Gazipur,M/S Al-Madina Enterprise,0
2025-05-31,2025,May,South,Kushtia,M/S. Al-Nobi Hardware & Sanitary,0
2025-05-31,2025,May,North East,Noakhali,M/S Anisha Enterprise,0
2025-05-31,2025,May,North,Sirajganj,M/S Anowar Enterprise,0
2025-05-31,2025,May,South,Barguna,M/S. Anower Brick,0
2025-05-31,2025,May,Dhaka,Dhaka,M/S Apurba Build Bazar,8
2025-05-31,2025,May,Dhaka,Gazipur,M/S Arif Traders,21
2025-05-31,2025,May,North East,Cumilla,M/S -Ariyan Enterprise,0
2025-05-31,2025,May,South,Faridpur,M/S Asraf  and Sons,0
2025-05-31,2025,May,South,Jhenaidah,M/S. Astha Builders,0
2025-05-31,2025,May,South,Barguna,M/S Ayaan Traders,0
2025-05-31,2025,May,South,Jashore,M/S Ayesha Steel Corporation,13
2025-05-31,2025,May,South,Patuakhali,M/S. Azad Enterprise,0
2025-05-31,2025,May,South,Jashore,M/S Azim Shah Traders,28
2025-05-31,2025,May,North,Natore,M/S Azmir Enterprise,0
2025-05-31,2025,May,South,Jashore,M/S Babu Traders,27
2025-05-31,2025,May,South,Magura,M/S Bali Construction,0
2025-05-31,2025,May,South,Chuadanga,M/S. Bani Traders,0
2025-05-31,2025,May,Dhaka,Dhaka,M/S Bepari Traders,0
2025-05-31,2025,May,South,Rajbari,M/S Bepari Traders - Rajbari,0
2025-05-31,2025,May,Dhaka,Dhaka,M/S Bhai Bhai Traders and Engineering Works,0
2025-05-31,2025,May,North,Dinajpur,M/S. Bhai Bhai Traders (Dinajpur),0
2025-05-31,2025,May,North East,Cumilla,M/S Bhuiyan Traders-Cumilla,0
2025-05-31,2025,May,North East,Noakhali,M/S Bhuiyan Traders-Noakhali,0
2025-05-31,2025,May,North,Rangpur,M/S. Billah Traders,0
2025-05-31,2025,May,North East,Chandpur,MS.Billal Traders-Chandpur,0
2025-05-31,2025,May,North East,Mymensingh,M/S Bismillah Hardware and Glass House,0
2025-05-31,2025,May,North East,Kishoreganj,M/S Bismillah Traders- Bhairob,30
2025-05-31,2025,May,North East,Kishoreganj,M/S Bismillah Traders-Mymensing,0
2025-05-31,2025,May,North,Naogaon,M/S. Bismillha Traders-Naoga,0
2025-05-31,2025,May,South,Jhenaidah,M/S Bondhu Enterprise,112
2025-05-31,2025,May,North,Sherpur,M/S. Bondhu Enterprise-Bogra,0
2025-05-31,2025,May,South,Bhola,M/S Bushra Construction,0
2025-05-31,2025,May,North,Bogura,M/S. Bushra Traders,170
2025-05-31,2025,May,South,Jashore,M/S Chitra Trading,0
2025-05-31,2025,May,North,Lalmonirhat,M/s Dhorla Trading,0
2025-05-31,2025,May,South,Jashore,M/S. Dipro Enterprise,22
2025-05-31,2025,May,South,Faridpur,M/S. Durgapur Hi Tech,0
2025-05-31,2025,May,North East,Narsingdi,M/S Easy Builders,0
2025-05-31,2025,May,South,Khulna,M/S. Elina Enterprise,0
2025-05-31,2025,May,South,Pirojpur,M/S Emon Enterprise,0
2025-05-31,2025,May,North East,Dhaka,M/S. Engineer Builders,30
2025-05-31,2025,May,North East,Cumilla,M/S. Faisal Enterprise,0
2025-05-31,2025,May,South,Gopalganj,M/S Fakir and Sons,0
2025-05-31,2025,May,South,Satkhira,M/S Faruk Traders-Sathkhira,0
2025-05-31,2025,May,South,Meherpur,M/S. Fojilatun Nesha &Sons,0
2025-05-31,2025,May,South,Barishal,M/S Forkan Traders,0
2025-05-31,2025,May,South,Gopalganj,M/S Friends Enterprise,0
2025-05-31,2025,May,North East,Cumilla,M/S Gaji Hardware,0
2025-05-31,2025,May,North,Kurigram,M/S. G.M Enterprise,0
2025-05-31,2025,May,Dhaka,Dhaka,M/S. Hailmi Enterprise,0
2025-05-31,2025,May,North East,Cumilla,M/S Hanif Enterprise,6
2025-05-31,2025,May,Dhaka,Dhaka,M/S Haque and Hasan Traders,0
2025-05-31,2025,May,North East,Feni,M/S Haque Enterprise,0
2025-05-31,2025,May,North East,Brahmanbaria,M/S. Hasan Enterprise,60
2025-05-31,2025,May,South,Satkhira,M/S. Hasan Traders-Satkhira,0
2025-05-31,2025,May,South,Shariatpur,M/S. Hawlader Enterprise-Sariatpur,0
2025-05-31,2025,May,North East,Dhaka,M/S Hazi Abdul Khalique  & Son's,0
2025-05-31,2025,May,Dhaka,Dhaka,M/S Hazi Sarif Munshi Traders,10
2025-05-31,2025,May,South,Madaripur,M/S. Hazi Traders- Madaripur,0
2025-05-31,2025,May,North East,Jamalpur,M/S HEMENDRA CHANDRA SINGH,0
2025-05-31,2025,May,North East,Noakhali,M/S Hoque and Brothers (Noakhali),0
2025-05-31,2025,May,South,Bhola,M/S H Rahman and Sons,20
2025-05-31,2025,May,Dhaka,Narayanganj,M/S Ichapuri Cement House,0
2025-05-31,2025,May,South,Patuakhali,M/S.Islamia Traders,0
2025-05-31,2025,May,South,Jashore,M/S Islam Traders- Keshabpur,0
2025-05-31,2025,May,North,Tangail,M/S. Islam Traders- Sirajgonj,0
2025-05-31,2025,May,North,Naogaon,M/S. IT Construction,0
2025-05-31,2025,May,North East,Lakshmipur,M/S Jahir Enterprise,0
2025-05-31,2025,May,South,Patuakhali,M/S.Jamal Traders,0
2025-05-31,2025,May,North,Tangail,M/S.Jannath Enterprise,0
2025-05-31,2025,May,North East,Jamalpur,M/S Jibon Enterprise,0
2025-05-31,2025,May,North East,Jamalpur,M/S. Jibon Traders,0
2025-05-31,2025,May,South,Jashore,M/S Johir Enterprise,0
2025-05-31,2025,May,South,Meherpur,M/S Jony Enterprise -Meherpur,13
2025-05-31,2025,May,South,Jhenaidah,M/S Kafi Traders,0
2025-05-31,2025,May,South,Barguna,M/S. Kamal Enterprise,13
2025-05-31,2025,May,North,Panchagarh,M/S Kamlesh Traders,0
2025-05-31,2025,May,South,Barguna,M/S. Karim Builders,20
2025-05-31,2025,May,North,Tangail,M/S. Khalekujjaman Traders,0
2025-05-31,2025,May,South,Faridpur,M/S Khan Enterprise-Faridpur,0
2025-05-31,2025,May,Dhaka,Gazipur,M/S Khan Enterprise-Kaligonj,142
2025-05-31,2025,May,North,Dinajpur,M/S. Khan Enterprises- Dinajpur,0
2025-05-31,2025,May,North,Tangail,M/S Khan Traders-Tangail,13
2025-05-31,2025,May,South,Faridpur,M/S Khaza Traders,0
2025-05-31,2025,May,North East,Cumilla,M/S. Khokon Enterprise,0
2025-05-31,2025,May,North,Thakurgaon,M/S. Kibriya Enterprise,0
2025-05-31,2025,May,North East,Cumilla,M/S-Laksam Trading Corporation,56
2025-05-31,2025,May,Dhaka,Manikganj,M/S Latif Traders,0
2025-05-31,2025,May,South,Gopalganj,M/S Linkon Enterprise,0
2025-05-31,2025,May,North,Natore,M/s Liton Enterprise,0
2025-05-31,2025,May,North East,Narsingdi,M/S. Liza Traders,0
2025-05-31,2025,May,Dhaka,Dhaka,M/S. Maa Enterprise,52
2025-05-31,2025,May,South,Barishal,M/S. Mahabub Traders,20
2025-05-31,2025,May,Dhaka,Gazipur,M/S. Mainul Traders,0
2025-05-31,2025,May,North East,Brahmanbaria,M/S. Malek and Sons,0
2025-05-31,2025,May,North,Dhaka,M/S. Manobendro Das,0
2025-05-31,2025,May,Dhaka,Gazipur,M/s Manobi Construction,19
2025-05-31,2025,May,Dhaka,Dhaka,M/S. Marks Trading,0
2025-05-31,2025,May,South,Jhalokati,M/S Mary Suppliers and Mary Bricks,0
2025-05-31,2025,May,South,Bhola,M/S. Masaallah Traders,0
2025-05-31,2025,May,North East,Cumilla,M/S.Masfalah Construction,0
2025-05-31,2025,May,South,Khulna,M/S. M. A Traders (Dr.),0
2025-05-31,2025,May,Dhaka,Gazipur,M/S Mawna Builders,18
2025-05-31,2025,May,North,Tangail,M/S Maya Traders,0
2025-05-31,2025,May,South,Satkhira,M/S. Mayer Doa Sanitary and Anwar Sheet Enterprise,0
2025-05-31,2025,May,North,Bogura,M/S. Mayer Doya Variety Store,0
2025-05-31,2025,May,Dhaka,Gazipur,M/s Midul Enterprise,24
2025-05-31,2025,May,South,Kushtia,M/S Mim Traders-Kustia,0
2025-05-31,2025,May,South,Chuadanga,M/S Mizan Traders,0
2025-05-31,2025,May,South,Faridpur,M/S Modina Traders,0
2025-05-31,2025,May,North East,Noakhali,M/S. Mokka Enterprise- Noakhali,0
2025-05-31,2025,May,North East,Narsingdi,M/S Mollah Enterprise-Narsingdi,0
2025-05-31,2025,May,North,Rajshahi,M/S. Mollah Enterprise-Rajshahi,0
2025-05-31,2025,May,North East,Cumilla,M/S Molla Traders-Chouddogram,5
2025-05-31,2025,May,South,Gopalganj,M/S Molla Traders-Gopalgonj,0
2025-05-31,2025,May,North,Bogura,M/S. Mondol Traders-Shibgonj,0
2025-05-31,2025,May,North,Tangail,M/S. Monira Enterprise,0
2025-05-31,2025,May,North,Dhaka,M/S Moon Traders- Sirajgonj,0
2025-05-31,2025,May,South,Barguna,M/S. Mridha Traders,0
2025-05-31,2025,May,North East,Netrokona,M/S-M.S Traders,0
2025-05-31,2025,May,North,Bogura,M/S. Mukta Traders,40
2025-05-31,2025,May,North East,Noakhali,M/S.Muldhara Trading,0
2025-05-31,2025,May,South,Pirojpur,M/S Nahar Enterprise- Pirojpur,0
2025-05-31,2025,May,South,Shariatpur,M/S Nayeem Enterprise,0
2025-05-31,2025,May,North,Tangail,M/S. Nazmul Enterprise,0
2025-05-31,2025,May,North East,Cumilla,M/S. Nazrul Traders,0
2025-05-31,2025,May,South,Pirojpur,M/S New Hope Traders,20
2025-05-31,2025,May,South,Gopalganj,M/S. New Sikder Traders,0
2025-05-31,2025,May,South,Satkhira,M/s Nirala Trader's,0
2025-05-31,2025,May,South,Madaripur,M/s Nirman,0
2025-05-31,2025,May,South,Barguna,M/s. Nur-E-Madina Trading,0
2025-05-31,2025,May,South,Faridpur,M/S Nur Mahidi Nerman Vander,34
2025-05-31,2025,May,South,Pirojpur,M/S Oishani Enterprise,0
2025-05-31,2025,May,Dhaka,Dhaka,M/S Osman Steel Corporation,0
2025-05-31,2025,May,North East,Lakshmipur,M/S Parvez Enterprise,0
2025-05-31,2025,May,North,Naogaon,M/S Parvez Trading-Naogaon,70
2025-05-31,2025,May,North,Dinajpur,M/S Popular Steel,0
2025-05-31,2025,May,South,Gopalganj,M/s Porosh Enterprise,28
2025-05-31,2025,May,North East,Cumilla,MS.Probashi G.I. Enterpries.,0
2025-05-31,2025,May,North,Dhaka,M/S. Purabi Traders,0
2025-05-31,2025,May,North,Pabna,M/S Rafiq Enterprise,0
2025-05-31,2025,May,South,Narail,M/S Rahit Ruchi Enterprise,0
2025-05-31,2025,May,Dhaka,Narayanganj,M/S Rahmania Enterprise,0
2025-05-31,2025,May,South,Chuadanga,M/S Rahman Traders,0
2025-05-31,2025,May,North East,Narsingdi,M/S Rahman Traders-Norsingdi,28
2025-05-31,2025,May,South,Jashore,M/S Raisa Enterprise,0
2025-05-31,2025,May,Dhaka,Dhaka,M/S Rajdhani Traders,5
2025-05-31,2025,May,North,Thakurgaon,M/S. Raju Ceramic & Sanitary,0
2025-05-31,2025,May,Dhaka,Gazipur,M/S Rana Enterprise,13
2025-05-31,2025,May,North,Panchagarh,M/S. Rashad Traders,0
2025-05-31,2025,May,Dhaka,Dhaka,M/S. Rayhan Enterprise,135
2025-05-31,2025,May,Dhaka,Gazipur,M/S R.B Steel and Co.,70
2025-05-31,2025,May,North,Natore,M/S. Reza Enterprise,0
2025-05-31,2025,May,North,Pabna,M/S.Reza Enterprise-Pabna,0
2025-05-31,2025,May,North,Dinajpur,M/S Ripon Traders,26
2025-05-31,2025,May,South,Jashore,M/S R M Traders,0
2025-05-31,2025,May,North,Rangpur,M/S Rohima Traders,0
2025-05-31,2025,May,North,Panchagarh,M/S Rostom and Sons,0
2025-05-31,2025,May,North East,Cumilla,M/S. RS Hardware,0
2025-05-31,2025,May,North East,Noakhali,M/S Ruhul Amin Traders,0
2025-05-31,2025,May,Dhaka,Gazipur,M/S Sadar Builders,0
2025-05-31,2025,May,North,Tangail,M/S Sadia and Samia Traders,0
2025-05-31,2025,May,North,Panchagarh,M/S. Sadik Enterprise,0
2025-05-31,2025,May,South,Khulna,M/S. Safwan Corporation,0
2025-05-31,2025,May,North,Thakurgaon,M/S. Sahi-Imran Traders,0
2025-05-31,2025,May,Dhaka,Narayanganj,M/S Saif Traders,0
2025-05-31,2025,May,South,Madaripur,M/S Saifullah Enterprise,26
2025-05-31,2025,May,North,Pabna,M/S Samir Traders,26
2025-05-31,2025,May,South,Barishal,M/S Sazib Trading,0
2025-05-31,2025,May,North,Bogura,M/S Sazid Traders,13
2025-05-31,2025,May,South,Patuakhali,M/S.Serajul Haque,0
2025-05-31,2025,May,North,Rangpur,M/S. Shafi Trading,0
2025-05-31,2025,May,South,Faridpur,M/S Shah Farid Nirman Vander,0
2025-05-31,2025,May,North,Kurigram,M/S. Shaju Hardware,0
2025-05-31,2025,May,South,Jhenaidah,M/S Shamim Steel Corner,14
2025-05-31,2025,May,South,Shariatpur,M/S Shamim Traders-Sariatpur,0
2025-05-31,2025,May,South,Jhalokati,M/S Shampa Construction,0
2025-05-31,2025,May,North,Nilphamari,M/S. Sharif Construction Center,0
2025-05-31,2025,May,South,Gopalganj,M/S. Sharif Enterprise,20
2025-05-31,2025,May,South,Pirojpur,M/S. Shikder Enterprise-Pirojpur,0
2025-05-31,2025,May,South,Magura,M/S Shohag Enterprise-Satkhira,0
2025-05-31,2025,May,North,Sirajganj,M/s Shohan Iron and Steel House.,0
2025-05-31,2025,May,North,Thakurgaon,M/S. Shovon Traders,0
2025-05-31,2025,May,South,Khulna,M/S Showrov Enterprise,0
2025-05-31,2025,May,South,Narail,M/S. Sikdar Enterprise- Norail,14
2025-05-31,2025,May,North,Dinajpur,M/S. Sohidul Traders,0
2025-05-31,2025,May,South,Faridpur,M/S Sony Vander,13
2025-05-31,2025,May,North,Thakurgaon,M/S. Sulov Lauho Bitan,0
2025-05-31,2025,May,North,Chapainawabganj,M/S Sweet Enterprise,0
2025-05-31,2025,May,Dhaka,Gazipur,M/S Takhiya Enterprise,0
2025-05-31,2025,May,South,Gopalganj,M/S Tasnim Enterprise,0
2025-05-31,2025,May,North,Thakurgaon,M/S. Tin Vai Enterprise,0
2025-05-31,2025,May,North,Sirajganj,M/S Tisha Enterprise,0
2025-05-31,2025,May,South,Bagerhat,M/S Tonmoy Traders,0
2025-05-31,2025,May,Dhaka,Gazipur,M/S. Tosher Enterprise,30
2025-05-31,2025,May,North,Panchagarh,M/S Vai Vai Traders-Panchagor,0
2025-05-31,2025,May,South,Bhola,M/S. Yakub Traders,0
2025-05-31,2025,May,South,Chuadanga,M/S - Younus Hardware,39
2025-05-31,2025,May,South,Barishal,M/S Zakir Store,0
2025-05-31,2025,May,North,Rangpur,M/S. Zaman Traders-Rangpur,170
2025-05-31,2025,May,Dhaka,Dhaka,M/S Zam Zam Trading (Dhaka),21
2025-05-31,2025,May,North,Rangpur,M/S Zast Traders,0
2025-05-31,2025,May,South,Satkhira,M/S Zia Traders,0
2025-05-31,2025,May,Dhaka,Dhaka,Munshigonj Steel House,82
2025-05-31,2025,May,South,Jashore,M. Zaman Enterprise,0
2025-05-31,2025,May,South,Madaripur,Nabila Traders (Madaripur),0
2025-05-31,2025,May,North,Pabna,"Nabi Traders (Ishawrdi,  Pabna)",0
2025-05-31,2025,May,Dhaka,Dhaka,Nahar Steel,134
2025-05-31,2025,May,Dhaka,Dhaka,Nal Gulf Construction and Properties,0
2025-05-31,2025,May,North,Lalmonirhat,Narsingdi Enterprise,0
2025-05-31,2025,May,Dhaka,Dhaka,Nasrin Enterprise,2
2025-05-31,2025,May,Dhaka,Dhaka,Nation Tech Communications Limited,0
2025-05-31,2025,May,Dhaka,Dhaka,Nayeef Trading Corporation,10
2025-05-31,2025,May,North,Kurigram,Nayeem Traders (Kurigram),0
2025-05-31,2025,May,South,Barishal,Nayem Enterprise,0
2025-05-31,2025,May,South,Jashore,Nayon and Chayon,0
2025-05-31,2025,May,South,Jhenaidah,Nazmul Traders- Jhenaidah,46
2025-05-31,2025,May,North,Rangpur,Need Construction,0
2025-05-31,2025,May,South,Khulna,New Bengal Store,0
2025-05-31,2025,May,South,Dhaka,New Era Manufacturing Ltd.,0
2025-05-31,2025,May,South,Barishal,New Hasina Enterprise,0
2025-05-31,2025,May,Dhaka,Dhaka,New Sharmin Enterprise,18
2025-05-31,2025,May,Dhaka,Dhaka,Niloy Enterprise,11
2025-05-31,2025,May,South,Jhenaidah,Nishi Enterprise- Jhinaidah,0
2025-05-31,2025,May,South,Khulna,Nondi Trading Corporatin,0
2025-05-31,2025,May,North,Gaibandha,Northbengal Traders,0
2025-05-31,2025,May,South,Madaripur,Nurjahan Resourse International,0
2025-05-31,2025,May,North,Dinajpur,Nur Steel,0
2025-05-31,2025,May,South,Meherpur,Padma Enterprise,0
2025-05-31,2025,May,South,Gopalganj,Pal and Sons,0
2025-05-31,2025,May,South,Chuadanga,Palash Kumer Shaha,0
2025-05-31,2025,May,North,Dhaka,Palli Tower,0
2025-05-31,2025,May,North East,Moulvibazar,Paul Traders,0
2025-05-31,2025,May,Dhaka,Dhaka,Pioneer Location Ltd.,0
2025-05-31,2025,May,Dhaka,Dhaka,Popular Enterprise,19
2025-05-31,2025,May,North,Rangpur,Prince Enterprise,0
2025-05-31,2025,May,North,Bogura,Priti Traders (Bogra),0
2025-05-31,2025,May,North,Tangail,Prodhan Traders,0
2025-05-31,2025,May,North East,Chandpur,Rabbi Traders,0
2025-05-31,2025,May,North,Tangail,Rafik and Brothers - Joypurhat,0
2025-05-31,2025,May,North East,Jamalpur,Rahi Trade,0
2025-05-31,2025,May,North East,Narsingdi,Rahman Steel House,56
2025-05-31,2025,May,South,Shariatpur,Raju Enterprise,0
2025-05-31,2025,May,North,Gaibandha,Raju Traders,0
2025-05-31,2025,May,South,Jashore,Raju Zakir Enterprise,0
2025-05-31,2025,May,North East,Brahmanbaria,R. A Khan Properties,0
2025-05-31,2025,May,South,Narail,Rakhi Enterprise,0
2025-05-31,2025,May,North,Tangail,Rasel Store,0
2025-05-31,2025,May,South,Madaripur,Rashed Enterprise (Madaripur),0
2025-05-31,2025,May,South,Jashore,Razzaque Steel House,82
2025-05-31,2025,May,South,Patuakhali,Rema Enterprise,17
2025-05-31,2025,May,North East,Kishoreganj,Renu Traders,21
2025-05-31,2025,May,North,Bogura,Rezaul Bari (Bogra),0
2025-05-31,2025,May,North,Panchagarh,Riad Traders-Panchagor,0
2025-05-31,2025,May,South,Kushtia,R.I and Co.,0
2025-05-31,2025,May,North,Tangail,Riaz Uddin Traders,0
2025-05-31,2025,May,North,Tangail,Ridoy Enterprise- Tangail,0
2025-05-31,2025,May,Dhaka,Gazipur,Ridwan Traders,19
2025-05-31,2025,May,North,Tangail,Rina Construction,0
2025-05-31,2025,May,South,Khulna,Riya Trading International,0
2025-05-31,2025,May,North,Tangail,R. K Traders,0
2025-05-31,2025,May,South,Satkhira,Rofiqul and Brothers,0
2025-05-31,2025,May,South,Khulna,Rokeya Traders,0
2025-05-31,2025,May,North,Gaibandha,Rosid Traders,0
2025-05-31,2025,May,South,Kushtia,R. Rahman Corporation,55
2025-05-31,2025,May,Dhaka,Narayanganj,R.S Enterprise,125
2025-05-31,2025,May,South,Madaripur,R. S Enterprise-Madaripur,13
2025-05-31,2025,May,North East,Sherpur,Rubel Enterprise,0
2025-05-31,2025,May,North,Dinajpur,Rumman Traders,0
2025-05-31,2025,May,North,Dinajpur,Runa Enterprise,0
2025-05-31,2025,May,South,Barishal,Sajid and Brothers,14
2025-05-31,2025,May,South,Patuakhali,Sajid Enterprise- Patuakhali,0
2025-05-31,2025,May,South,Kushtia,Salam and Sons,138
2025-05-31,2025,May,South,Kushtia,Saleha Traders,126
2025-05-31,2025,May,South,Satkhira,Samannay Traders,0
2025-05-31,2025,May,North,Chapainawabganj,Sanaullah and Sons,0
2025-05-31,2025,May,North,Sirajganj,Sarkar Trading (Sirajgonj),0
2025-05-31,2025,May,North,Dinajpur,Sarker Brothers,0
2025-05-31,2025,May,South,Barishal,Satata Enterprise,0
2025-05-31,2025,May,South,Faridpur,Sathi Store,0
2025-05-31,2025,May,North,Pabna,S A Traders-Pabna,0
2025-05-31,2025,May,North East,Jamalpur,Sattar Traders,0
2025-05-31,2025,May,North,Rajshahi,SB Laboratories,0
2025-05-31,2025,May,South,Faridpur,S.B Traders - Faridpur,0
2025-05-31,2025,May,South,Shariatpur,Seba Trading Corporation,0
2025-05-31,2025,May,Dhaka,Dhaka,Selim Malik Traders,0
2025-05-31,2025,May,North,Panchagarh,Shaha Traders,0
2025-05-31,2025,May,North East,Mymensingh,Shahbuddin and Brothers,0
2025-05-31,2025,May,North East,Mymensingh,Shahin Enterprise,0
2025-05-31,2025,May,South,Jhenaidah,Shahin Traders,0
2025-05-31,2025,May,South,Narail,Shahin Traders - Narail,39
2025-05-31,2025,May,North,Rangpur,Shah Md Ashrafudulla,0
2025-05-31,2025,May,North East,Chandpur,Shakil Enterprise- Chandpur,0
2025-05-31,2025,May,South,Khulna,Shamim and Co,0
2025-05-31,2025,May,North East,Chandpur,Shamima Traders,0
2025-05-31,2025,May,South,Bhola,Shanaullah Enterprise,0
2025-05-31,2025,May,North,Rajshahi,Shanto Hardware,0
2025-05-31,2025,May,South,Khulna,Sharif and Co,0
2025-05-31,2025,May,South,Magura,Sharif Steel  Corner,41
2025-05-31,2025,May,South,Barguna,Sharmi Enterprise- Borguna,0
2025-05-31,2025,May,South,Gopalganj,Shawkat Hossain Mollah,0
2025-05-31,2025,May,North East,Mymensingh,Shayan Traders,0
2025-05-31,2025,May,South,Satkhira,Sheikh Brothers-Satkhira,0
2025-05-31,2025,May,North,Gaibandha,Shetu Traders- Gaibandha,0
2025-05-31,2025,May,Dhaka,Narayanganj,Shifat Enterprise-N.Ganj,0
2025-05-31,2025,May,South,Khulna,Shikder and Brothers,0
2025-05-31,2025,May,North East,Kishoreganj,Shimu Traders,0
2025-05-31,2025,May,South,Chuadanga,Shohag Enterprise,0
2025-05-31,2025,May,North,Natore,Shohug Machineries  and Traders,0
2025-05-31,2025,May,South,Bagerhat,Shotota Enterprise,0
2025-05-31,2025,May,North East,Brahmanbaria,Shuvo Enterprise (Ashuganj),0
2025-05-31,2025,May,South,Narail,Shuvo Enterprise - Norail,0
2025-05-31,2025,May,South,Jhenaidah,Siddique Cycle Store and Traders,0
2025-05-31,2025,May,North East,Sylhet,Siddiquey Construction,26
2025-05-31,2025,May,Dhaka,Dhaka,Sikder Enterprise (Keranigonj),5
2025-05-31,2025,May,South,Gopalganj,Sikder Traders-Goplagonj,14
2025-05-31,2025,May,North,Pabna,Sikder Traders (Pabna),66
2025-05-31,2025,May,North East,Cumilla,Silver Tiles and Sanitary,0
2025-05-31,2025,May,Dhaka,Dhaka,Simplex Development Ltd.,0
2025-05-31,2025,May,Dhaka,Manikganj,Singair Alfi Trade Link.,0
2025-05-31,2025,May,North,Dhaka,Sirajgonj Iron and Steel House,0
2025-05-31,2025,May,South,Dhaka,S.M Kamruzzaman,0
2025-05-31,2025,May,South,Narayanganj,Sonali Enterprise,0
2025-05-31,2025,May,North,Gaibandha,Sorif Traders,27
2025-05-31,2025,May,North,Nilphamari,Sourov Traders,0
2025-05-31,2025,May,North East,Jamalpur,S.R.S Construction,0
2025-05-31,2025,May,North,Thakurgaon,S. R. Traders,0
2025-05-31,2025,May,South,Bagerhat,S.R Traders -Bagerhat,0
2025-05-31,2025,May,South,Khulna,S. S. Syndicate,0
2025-05-31,2025,May,South,Satkhira,S S Traders,0
2025-05-31,2025,May,Dhaka,Gazipur,S T Enterprise,23
2025-05-31,2025,May,South,Jhenaidah,Suborna Traders,0
2025-05-31,2025,May,Dhaka,Gazipur,Suma Enterprise - Sofipur,52
2025-05-31,2025,May,South,Shariatpur,Sumon Enterprise,0
2025-05-31,2025,May,South,Khulna,Sumon Traders,0
2025-05-31,2025,May,South,Manikganj,Sundorban Hardware,0
2025-05-31,2025,May,North,Pabna,Swapan Traders,27
2025-05-31,2025,May,South,Jashore,Tahmina Enterprise,0
2025-05-31,2025,May,North,Thakurgaon,Tamanna Enterprise-Thakurgaon,0
2025-05-31,2025,May,South,Gopalganj,Tamim Enterprise,0
2025-05-31,2025,May,North,Rajshahi,Tariq  Enterprise,52
2025-05-31,2025,May,South,Narail,Tazmin Enterprise,13
2025-05-31,2025,May,Dhaka,Dhaka,The Barik Brothers,827
2025-05-31,2025,May,Dhaka,Dhaka,Three Star Co-Operative Multipurpose Ltd.,0
2025-05-31,2025,May,South,Patuakhali,Three Star Enterprise,0
2025-05-31,2025,May,Dhaka,Dhaka,"Tipu and Co.( Rayerbag, Jatrabari)",15
2025-05-31,2025,May,South,Meherpur,Tohmina Engineering Workshop,0
2025-05-31,2025,May,Dhaka,Dhaka,Trendy Textiles Ltd.,21
2025-05-31,2025,May,North East,Mymensingh,Tripti Steel Bitan,0
2025-05-31,2025,May,North,Rangpur,T.S.Enterprise(Rangpur),79
2025-05-31,2025,May,Dhaka,Gazipur,Turag Tower,11
2025-05-31,2025,May,North,Sirajganj,Ullapara Variety Store,13
2025-05-31,2025,May,Dhaka,Dhaka,Unified Holdings Limited,0
2025-05-31,2025,May,South,Jhenaidah,Unique Construction,0
2025-05-31,2025,May,South,Khulna,Unique International,0
2025-05-31,2025,May,North East,Netrokona,Vodra Traders,0
2025-05-31,2025,May,Dhaka,Manikganj,Wazuddin Traders,24
2025-05-31,2025,May,North East,Sylhet,Windsor Hotel & Resorts Ltd.,0
2025-05-31,2025,May,North East,Noakhali,Yeasin Traders,38
2025-05-31,2025,May,Dhaka,Narayanganj,York  Composite Ltd,0
2025-05-31,2025,May,Dhaka,Narayanganj,York Fashion Ltd.,0
2025-05-31,2025,May,Dhaka,Dhaka,Younus Traders,18
2025-05-31,2025,May,South,Bhola,Zabbar Biswas Traders,48
2025-05-31,2025,May,Dhaka,Dhaka,Zaman Traders ( Savar),18
2025-06-30,2025,Jun,North East,Narsingdi,3D Comet Design & Consultant,0
2025-06-30,2025,Jun,North,Lalmonirhat,Abdul Hakim,13
2025-06-30,2025,Jun,North,Tangail,Abdul Malek - Rangpur,0
2025-06-30,2025,Jun,North,Dinajpur,Abdur Rauf-Dinajpur,0
2025-06-30,2025,Jun,South,Khulna,Abdur Razzak Aziz- Khulna,56
2025-06-30,2025,Jun,South,Shariatpur,Abdus Salam Farazi,0
2025-06-30,2025,Jun,North East,Sylhet,Abdus Shohid Construction,0
2025-06-30,2025,Jun,Dhaka,Dhaka,Abir Enterprise,24
2025-06-30,2025,Jun,North,Bogura,ABK Krishi Beez Himagar,0
2025-06-30,2025,Jun,South,Pirojpur,A.B.L.Builders,0
2025-06-30,2025,Jun,North,Pabna,Abul Hossain Traders,0
2025-06-30,2025,Jun,South,Barguna,Agrani Traders,0
2025-06-30,2025,Jun,South,Khulna,Ahad Enterprise,0
2025-06-30,2025,Jun,North East,Narsingdi,Ahasan Store,0
2025-06-30,2025,Jun,North,Chapainawabganj,Ahmed Store- C. Gonj,0
2025-06-30,2025,Jun,North,Bogura,Ahmed Traders-Bogra,0
2025-06-30,2025,Jun,North,Pabna,Ahsan Trading,0
2025-06-30,2025,Jun,North East,Dhaka,AK Developers Ltd.,10
2025-06-30,2025,Jun,North East,Sylhet,A.K Enterprise (Sylhet),0
2025-06-30,2025,Jun,Dhaka,Dhaka,Akhter Traders,5
2025-06-30,2025,Jun,North,Bogura,Akkash Ali Traders,0
2025-06-30,2025,Jun,North,Bogura,Alam and Brothers,0
2025-06-30,2025,Jun,South,Patuakhali,Al-Amin Traders-Patuakhali,0
2025-06-30,2025,Jun,North,Tangail,Alam Motors,0
2025-06-30,2025,Jun,South,Faridpur,Al-Bagdad Iron Steel- Faridpur,0
2025-06-30,2025,Jun,Dhaka,Dhaka,Al Baraka Steel Corporation- Mirpur,0
2025-06-30,2025,Jun,North East,Brahmanbaria,Al Ekram Traders,0
2025-06-30,2025,Jun,North,Rangpur,Alhaj Atiar Rahman,0
2025-06-30,2025,Jun,North,Dinajpur,Al Haj Traders,52
2025-06-30,2025,Jun,North East,Feni,Al Haj Zakir Enterprise,0
2025-06-30,2025,Jun,South,Bagerhat,Allahardan Enterprise-Bagerhat,0
2025-06-30,2025,Jun,South,Satkhira,Allahardan  Hardware,0
2025-06-30,2025,Jun,South,Satkhira,Allahar Dan Iron Store,0
2025-06-30,2025,Jun,North,Rajshahi,Al Manar Steel,130
2025-06-30,2025,Jun,Dhaka,Dhaka,Aman  Steel Corporation,0
2025-06-30,2025,Jun,North East,Jamalpur,Amena Enterprise-Jamalpur,0
2025-06-30,2025,Jun,Dhaka,Dhaka,Amin and Brother,3
2025-06-30,2025,Jun,South,Bagerhat,Amin Enterprise,0
2025-06-30,2025,Jun,South,Shariatpur,Amin Store,13
2025-06-30,2025,Jun,North East,Jamalpur,Amin Traders,0
2025-06-30,2025,Jun,South,Dhaka,Aminul Islam- Kustia,0
2025-06-30,2025,Jun,North,Tangail,Anny Construction,0
2025-06-30,2025,Jun,South,Satkhira,Anowar Trading,0
2025-06-30,2025,Jun,South,Rajbari,Anupam Nirmata,0
2025-06-30,2025,Jun,South,Rajbari,Anwar Traders,26
2025-06-30,2025,Jun,Dhaka,Dhaka,Arafah Development and Builders Ltd.,0
2025-06-30,2025,Jun,Dhaka,Dhaka,Arafat Trading,0
2025-06-30,2025,Jun,South,Khulna,Arafat Trading - Khulna,0
2025-06-30,2025,Jun,Dhaka,Narayanganj,AR Building Design and Construction,0
2025-06-30,2025,Jun,Dhaka,Dhaka,A.R Corporation,0
2025-06-30,2025,Jun,North East,Dhaka,ARF Trading International,0
2025-06-30,2025,Jun,Dhaka,Gazipur,Arifa Enterprise,28
2025-06-30,2025,Jun,South,Meherpur,Arif Enterprise,0
2025-06-30,2025,Jun,North,Sirajganj,Ariful Islam Traders,0
2025-06-30,2025,Jun,Dhaka,Dhaka,Arowa Traders,513
2025-06-30,2025,Jun,North,Dhaka,A.R. Trading (Rangpur),0
2025-06-30,2025,Jun,Dhaka,Gazipur,Ashik Traders,0
2025-06-30,2025,Jun,South,Barguna,Ashraful Enterprise,0
2025-06-30,2025,Jun,North,Dinajpur,Asma Traders,0
2025-06-30,2025,Jun,North East,Cumilla,A.Wohab and Sons,0
2025-06-30,2025,Jun,North East,Feni,Ayesha Enterprise,0
2025-06-30,2025,Jun,South,Shariatpur,Azad Traders - Soriotpur,0
2025-06-30,2025,Jun,North East,Chandpur,Aziz Brothers,0
2025-06-30,2025,Jun,South,Jhenaidah,Azizul Haque,0
2025-06-30,2025,Jun,Dhaka,Dhaka,Badsha Faisal Institute Madrasha,0
2025-06-30,2025,Jun,South,Barishal,Barishal Iron House,0
2025-06-30,2025,Jun,North,Tangail,Basail Trading House,0
2025-06-30,2025,Jun,North East,Jamalpur,Bashonti Traders,0
2025-06-30,2025,Jun,North,Rangpur,Bengal and Company,0
2025-06-30,2025,Jun,South,Jashore,Bhai Bhai Enterprise,0
2025-06-30,2025,Jun,South,Madaripur,Bhai Bhai Traders - Madaripur,0
2025-06-30,2025,Jun,North,Kurigram,Bhai Bhai Trading,42
2025-06-30,2025,Jun,Dhaka,Gazipur,Bhai Bhon Enterprise,0
2025-06-30,2025,Jun,North,Tangail,Bhuiyan Traders- Mirzapur,13
2025-06-30,2025,Jun,South,Bagerhat,Bismillah Enterprise-Bagerhat,0
2025-06-30,2025,Jun,South,Magura,Bismillah Steel Corner,0
2025-06-30,2025,Jun,South,Khulna,Bismillah Steel House,0
2025-06-30,2025,Jun,Dhaka,Dhaka,Bismillah Traders-Dhaka,45
2025-06-30,2025,Jun,North East,Narsingdi,Bismillah Traders -Narsingdi,0
2025-06-30,2025,Jun,South,Satkhira,Bismillah Traders-Satkhira,0
2025-06-30,2025,Jun,North,Sirajganj,Borsha Enterprise,0
2025-06-30,2025,Jun,South,Dhaka,BRB Cable Industries Ltd. (Dr.),50
2025-06-30,2025,Jun,South,Kushtia,Bristy Traders,0
2025-06-30,2025,Jun,South,Chuadanga,Brothers Traders,13
2025-06-30,2025,Jun,Dhaka,Dhaka,Capital Builders,60
2025-06-30,2025,Jun,South,Patuakhali,Choudhory Enterprise,0
2025-06-30,2025,Jun,South,Patuakhali,Chowa Traders,0
2025-06-30,2025,Jun,North East,Sylhet,Chowdhury Trading,0
2025-06-30,2025,Jun,North,Tangail,Chunailal Traders,0
2025-06-30,2025,Jun,North East,Mymensingh,Community Health Foundation Bangladesh,0
2025-06-30,2025,Jun,North,Tangail,Das Traders,0
2025-06-30,2025,Jun,South,Gopalganj,Delwar and Brothers - Gopalgonj,14
2025-06-30,2025,Jun,North East,Feni,Desh Agency,0
2025-06-30,2025,Jun,Dhaka,Dhaka,DFL Properties Ltd.,10
2025-06-30,2025,Jun,South,Kushtia,Dhaka Steel,78
2025-06-30,2025,Jun,North,Pabna,Dhaka Steel King,0
2025-06-30,2025,Jun,Dhaka,Gazipur,Dhaka Trade Centre,5
2025-06-30,2025,Jun,North,Naogaon,Dipak Kumar Deb,0
2025-06-30,2025,Jun,Dhaka,Dhaka,Dipti Traders,0
2025-06-30,2025,Jun,North,Pabna,D.K Traders,0
2025-06-30,2025,Jun,North East,Chandpur,Doha Traders,0
2025-06-30,2025,Jun,North,Nilphamari,DOSHMILE TRADERS,0
2025-06-30,2025,Jun,North East,Mymensingh,Dulal Traders,0
2025-06-30,2025,Jun,North,Chapainawabganj,Emdadul Haque,0
2025-06-30,2025,Jun,South,Jhenaidah,Emon Enterprise,0
2025-06-30,2025,Jun,North,Dinajpur,Eng.Md.Mohsin Ali,0
2025-06-30,2025,Jun,North East,Cumilla,Engr. Shafiqul Islam Build and Consultancy,0
2025-06-30,2025,Jun,North East,Brahmanbaria,Eng. Suman Datta,0
2025-06-30,2025,Jun,Dhaka,Gazipur,Evan Enterprise,20
2025-06-30,2025,Jun,Dhaka,Dhaka,Fakir Chan Bepari and Sons,0
2025-06-30,2025,Jun,North,Kurigram,Farhad and Brothers,13
2025-06-30,2025,Jun,Dhaka,Dhaka,Farid Enterprise,5
2025-06-30,2025,Jun,Dhaka,Manikganj,Faruk and Brothers,44
2025-06-30,2025,Jun,South,Meherpur,Faruk Enterprise - Meherpur,0
2025-06-30,2025,Jun,Dhaka,Dhaka,Feni Traders,5
2025-06-30,2025,Jun,South,Meherpur,F.K Trade,0
2025-06-30,2025,Jun,North,Dhaka,F M Trading International,0
2025-06-30,2025,Jun,North East,Noakhali,Foyez Store,0
2025-06-30,2025,Jun,North East,Chattogram,Friends International,0
2025-06-30,2025,Jun,North East,Mymensingh,F.S Enterprise,139
2025-06-30,2025,Jun,North,Thakurgaon,Gallery Traders,0
2025-06-30,2025,Jun,South,Barishal,Gangashari Traders,0
2025-06-30,2025,Jun,North,Dinajpur,Gausheyz Ventores,13
2025-06-30,2025,Jun,Dhaka,Dhaka,Gawsia Enterprise,166
2025-06-30,2025,Jun,Dhaka,Gazipur,Giash Steel,0
2025-06-30,2025,Jun,South,Barguna,GM Ikfa Enterprise,0
2025-06-30,2025,Jun,North East,Cumilla,Grameen Traders,0
2025-06-30,2025,Jun,North East,Mymensingh,Greenland Developers (Pvt.)Ltd.,25
2025-06-30,2025,Jun,Dhaka,Dhaka,Gulshan Tower,6
2025-06-30,2025,Jun,South,Faridpur,Habib Enterprise (Faridpur),26
2025-06-30,2025,Jun,Dhaka,Gazipur,Haji Enterprise - Gazipur,83
2025-06-30,2025,Jun,North,Dinajpur,Hamana Traders,0
2025-06-30,2025,Jun,North,Rangpur,Hamid and Sons,0
2025-06-30,2025,Jun,South,Jashore,Hamid Traders,0
2025-06-30,2025,Jun,South,Madaripur,Hamim International,0
2025-06-30,2025,Jun,North,Chapainawabganj,Hammad and Sons,0
2025-06-30,2025,Jun,South,Chuadanga,Hannan and Brothers-Chuadanga,0
2025-06-30,2025,Jun,North,Bogura,Hannan Traders,52
2025-06-30,2025,Jun,North East,Mymensingh,Haque and Brothers,0
2025-06-30,2025,Jun,South,Bhola,Haque and Sons-Bhola,0
2025-06-30,2025,Jun,South,Jhenaidah,Haque and Sons-Jhenaidah,0
2025-06-30,2025,Jun,North,Sirajganj,Haque Iron,0
2025-06-30,2025,Jun,North,Tangail,Harun Enterprise,51
2025-06-30,2025,Jun,South,Barishal,Hawlader Iron Store,0
2025-06-30,2025,Jun,North East,Brahmanbaria,Hazi Mobarak Traders,0
2025-06-30,2025,Jun,North,Dinajpur,Hera Traders,0
2025-06-30,2025,Jun,Dhaka,Dhaka,Hobigonj Traders,27
2025-06-30,2025,Jun,North,Dhaka,Hossain Construction ( Pvt ) Ltd,0
2025-06-30,2025,Jun,North East,Kishoreganj,Hossen Bhuiyan Steel House,0
2025-06-30,2025,Jun,South,Khulna,Howlader and Company,0
2025-06-30,2025,Jun,Dhaka,Dhaka,Howlader Enterprise,40
2025-06-30,2025,Jun,South,Jhalokati,Howlader Traders-Jhalokathi,0
2025-06-30,2025,Jun,Dhaka,Dhaka,H.S Corporation,0
2025-06-30,2025,Jun,North,Gaibandha,Humayan Kabir Traders-Gaibandha,0
2025-06-30,2025,Jun,South,Kushtia,Hymo International,0
2025-06-30,2025,Jun,North,Rangpur,Imarat Trading,52
2025-06-30,2025,Jun,South,Satkhira,Imarot Trading-Satkhira,0
2025-06-30,2025,Jun,South,Faridpur,Iron and Steel House,0
2025-06-30,2025,Jun,North East,Cumilla,Islam and Sons,0
2025-06-30,2025,Jun,North,Bogura,Islam Brothers-Bogura,0
2025-06-30,2025,Jun,South,Jashore,Islam Traders-Jessore,0
2025-06-30,2025,Jun,North,Rangpur,Itusa Builders,28
2025-06-30,2025,Jun,North,Tangail,I.V Methi Traders,0
2025-06-30,2025,Jun,South,Faridpur,Jahangir Store - Faridpur,0
2025-06-30,2025,Jun,South,Satkhira,Jaman Traders,0
2025-06-30,2025,Jun,North,Dhaka,Janata Enterprise- Sirajgonj,0
2025-06-30,2025,Jun,North,Dhaka,Janata Steel and Iron House,0
2025-06-30,2025,Jun,North,Bogura,J and Ma Enterprise,0
2025-06-30,2025,Jun,South,Faridpur,Jaseka Traders,27
2025-06-30,2025,Jun,North East,Noakhali,Jashim Steel House,0
2025-06-30,2025,Jun,North,Lalmonirhat,Jerin Enterprise,0
2025-06-30,2025,Jun,North East,Kishoreganj,Jesan Traders,0
2025-06-30,2025,Jun,South,Jashore,JesminSanitary and Iron Store,27
2025-06-30,2025,Jun,South,Narail,Jhorna Enterprise,0
2025-06-30,2025,Jun,South,Khulna,Joint Enterprise,0
2025-06-30,2025,Jun,North,Tangail,Joy Joya Enterprise,91
2025-06-30,2025,Jun,South,Shariatpur,Julhas and Brothers,0
2025-06-30,2025,Jun,North,Bogura,Kabir Traders-Bogra,0
2025-06-30,2025,Jun,North East,Cumilla,Kajol Enterprise,0
2025-06-30,2025,Jun,North East,Cumilla,Kalam and Sons,0
2025-06-30,2025,Jun,South,Faridpur,Kamarjani Traders,0
2025-06-30,2025,Jun,Dhaka,Gazipur,Kamrul Trading Corporation,52
2025-06-30,2025,Jun,South,Faridpur,Kamruzzaman Enterprise,0
2025-06-30,2025,Jun,South,Kushtia,Kanak Traders-Kustia,0
2025-06-30,2025,Jun,Dhaka,Gazipur,Kashem and Sons,10
2025-06-30,2025,Jun,North East,Noakhali,Kashem Traders (Noakhali),0
2025-06-30,2025,Jun,North,Kurigram,Khairul Enterprise,0
2025-06-30,2025,Jun,Dhaka,Dhaka,Khalid Trading Corporation,0
2025-06-30,2025,Jun,South,Jhalokati,Khan Builders,0
2025-06-30,2025,Jun,Dhaka,Dhaka,Khan Enterprise,125
2025-06-30,2025,Jun,North East,Lakshmipur,Khan Machineries Store,0
2025-06-30,2025,Jun,South,Khulna,Khan Traders -Khulna,0
2025-06-30,2025,Jun,South,Madaripur,Khan Traders- Madaripur,0
2025-06-30,2025,Jun,South,Madaripur,Khan Traders- Shibchor,0
2025-06-30,2025,Jun,North East,Chandpur,Khaza Variety Store,0
2025-06-30,2025,Jun,Dhaka,Gazipur,Khurshida Builders,53
2025-06-30,2025,Jun,South,Narail,King Builders,0
2025-06-30,2025,Jun,North,Rajshahi,Kismot Trading Corporation,0
2025-06-30,2025,Jun,South,Barishal,K K Enterprise,0
2025-06-30,2025,Jun,North,Dinajpur,Kobir Traders,0
2025-06-30,2025,Jun,Dhaka,Dhaka,Kolatia Traders,3
2025-06-30,2025,Jun,North East,Mymensingh,K.S. Trading,0
2025-06-30,2025,Jun,North,Dinajpur,Kumor Uddin and Sons,0
2025-06-30,2025,Jun,North,Dinajpur,Kundu Brothers,0
2025-06-30,2025,Jun,South,Faridpur,Kustia Enterprise,0
2025-06-30,2025,Jun,South,Barishal,Layla Builders,0
2025-06-30,2025,Jun,South,Patuakhali,Lila Enterprise,0
2025-06-30,2025,Jun,North,Tangail,Liton Enterprise,0
2025-06-30,2025,Jun,North,Nilphamari,L.N Trading Co.,52
2025-06-30,2025,Jun,North East,Mymensingh,Lubaba  Enterprise,0
2025-06-30,2025,Jun,North East,Sylhet,Ludhi Steel Marchant,74
2025-06-30,2025,Jun,North East,Feni,Madani Traders,13
2025-06-30,2025,Jun,South,Shariatpur,Madbor Enterprise,13
2025-06-30,2025,Jun,Dhaka,Narayanganj,Madina Corporation,0
2025-06-30,2025,Jun,North East,Netrokona,Mahabub Traders,0
2025-06-30,2025,Jun,Dhaka,Dhaka,Mahadi Design and Construction,15
2025-06-30,2025,Jun,North,Rajshahi,Mahamud Enterprise,0
2025-06-30,2025,Jun,North,Thakurgaon,Mahbub Enterprise,0
2025-06-30,2025,Jun,South,Jhenaidah,Mahir Trading,0
2025-06-30,2025,Jun,North East,Mymensingh,Mahi Traders,0
2025-06-30,2025,Jun,North,Dinajpur,Mahi Traders-Dinajpur,0
2025-06-30,2025,Jun,South,Jashore,Mahiya Kabir Corporation,13
2025-06-30,2025,Jun,North,Bogura,Mahmud Mahbub Traders,0
2025-06-30,2025,Jun,Dhaka,Dhaka,Makkah Traders,80
2025-06-30,2025,Jun,Dhaka,Gazipur,Mamun Enterprise-Gazipur,110
2025-06-30,2025,Jun,North East,Sylhet,Mamun Enterprise- Shylet,0
2025-06-30,2025,Jun,North,Pabna,Mamun Traders-Pabna,27
2025-06-30,2025,Jun,South,Kushtia,Mannan Hardware and Iron Store,0
2025-06-30,2025,Jun,Dhaka,Narayanganj,Mashin Corporation,0
2025-06-30,2025,Jun,North,Bogura,Master Traders (Shantahar),53
2025-06-30,2025,Jun,South,Barishal,Masud Enterprise,0
2025-06-30,2025,Jun,South,Madaripur,Mayer Doa Enterprise,13
2025-06-30,2025,Jun,North East,Netrokona,Mayer Doa Traders,0
2025-06-30,2025,Jun,North East,Chandpur,Md.Nasir Uddin -Chandpur,0
2025-06-30,2025,Jun,South,Bagerhat,Media Enterprise,0
2025-06-30,2025,Jun,South,Shariatpur,M H Traders,0
2025-06-30,2025,Jun,North East,Cumilla,Mili Enterprise,11
2025-06-30,2025,Jun,Dhaka,Gazipur,Mim Enterprise,65
2025-06-30,2025,Jun,Dhaka,Dhaka,Misti Enterprise,12
2025-06-30,2025,Jun,North East,Jamalpur,Mizan and Son's,15
2025-06-30,2025,Jun,South,Jhalokati,M Khan Ltd.,0
2025-06-30,2025,Jun,North East,Mymensingh,M K Traders,0
2025-06-30,2025,Jun,Dhaka,Dhaka,Modina Steel Corporation,52
2025-06-30,2025,Jun,North East,Sherpur,Mofazzal Enterprise,13
2025-06-30,2025,Jun,South,Kushtia,Mokka Enterprise- Kustia,0
2025-06-30,2025,Jun,South,Magura,Molla Banijjo Vander,0
2025-06-30,2025,Jun,North East,Cumilla,Molla Traders- Comilla,13
2025-06-30,2025,Jun,South,Jashore,Mollik Enterprise-Khulna,0
2025-06-30,2025,Jun,North,Dinajpur,Mondol Traders - Dinajpur,0
2025-06-30,2025,Jun,North,Kurigram,Mondol Traders- Kurigram,0
2025-06-30,2025,Jun,North,Sirajganj,Mondol Traders- Sirajgonj,0
2025-06-30,2025,Jun,Dhaka,Dhaka,Monir Enterprise,7
2025-06-30,2025,Jun,North,Dinajpur,Monoj Kumar Mallick,0
2025-06-30,2025,Jun,North East,Jamalpur,Morzina Steel House,0
2025-06-30,2025,Jun,South,Barishal,Moshiur Rahman Minto,0
2025-06-30,2025,Jun,North,Tangail,Mostafa Enterprise-Tangail,0
2025-06-30,2025,Jun,North,Rangpur,M.R Traders,0
2025-06-30,2025,Jun,North East,Chandpur,M/S: Tafhim Enterprise,0
2025-06-30,2025,Jun,South,Narail,M/S Abdul Hadi Traders,0
2025-06-30,2025,Jun,North,Naogaon,M/S Abdullah Traders,0
2025-06-30,2025,Jun,North,Sirajganj,M/S Abdus Samad Khan,14
2025-06-30,2025,Jun,North East,Cumilla,M/S Abedin Enterprise,0
2025-06-30,2025,Jun,South,Patuakhali,M/S. Abul Kalam Azad,0
2025-06-30,2025,Jun,North East,Narsingdi,M/S Adiat Traders,0
2025-06-30,2025,Jun,Dhaka,Dhaka,M/S Adil Enterprise,3
2025-06-30,2025,Jun,North,Pabna,M/S Adi Saha Trading,0
2025-06-30,2025,Jun,South,Satkhira,M/S. Afroz Enterprise,0
2025-06-30,2025,Jun,Dhaka,Narayanganj,M/S Alam and Sons Departmental Store,5
2025-06-30,2025,Jun,North,Nilphamari,M/S. Al Amin Traders-Nilphamary,0
2025-06-30,2025,Jun,North East,Netrokona,M/S Alam Traders,0
2025-06-30,2025,Jun,North,Dinajpur,M/S. Alhaj Traders-Dinajpur,0
2025-06-30,2025,Jun,South,Shariatpur,M/S Aliuzzaman Mir Malot,0
2025-06-30,2025,Jun,Dhaka,Gazipur,M/S Al-Madina Enterprise,0
2025-06-30,2025,Jun,South,Kushtia,M/S. Al-Nobi Hardware & Sanitary,0
2025-06-30,2025,Jun,North East,Noakhali,M/S Anisha Enterprise,0
2025-06-30,2025,Jun,North,Sirajganj,M/S Anowar Enterprise,0
2025-06-30,2025,Jun,South,Barguna,M/S. Anower Brick,0
2025-06-30,2025,Jun,Dhaka,Dhaka,M/S Apurba Build Bazar,8
2025-06-30,2025,Jun,Dhaka,Gazipur,M/S Arif Traders,5
2025-06-30,2025,Jun,North East,Cumilla,M/S -Ariyan Enterprise,0
2025-06-30,2025,Jun,South,Faridpur,M/S Asraf  and Sons,0
2025-06-30,2025,Jun,South,Jhenaidah,M/S. Astha Builders,0
2025-06-30,2025,Jun,South,Barguna,M/S Ayaan Traders,14
2025-06-30,2025,Jun,South,Jashore,M/S Ayesha Steel Corporation,13
2025-06-30,2025,Jun,South,Patuakhali,M/S. Azad Enterprise,0
2025-06-30,2025,Jun,South,Jashore,M/S Azim Shah Traders,26
2025-06-30,2025,Jun,North,Natore,M/S Azmir Enterprise,0
2025-06-30,2025,Jun,South,Jashore,M/S Babu Traders,0
2025-06-30,2025,Jun,South,Magura,M/S Bali Construction,0
2025-06-30,2025,Jun,South,Chuadanga,M/S. Bani Traders,0
2025-06-30,2025,Jun,Dhaka,Dhaka,M/S Bepari Traders,15
2025-06-30,2025,Jun,South,Rajbari,M/S Bepari Traders - Rajbari,0
2025-06-30,2025,Jun,Dhaka,Dhaka,M/S Bhai Bhai Traders and Engineering Works,6
2025-06-30,2025,Jun,North,Dinajpur,M/S. Bhai Bhai Traders (Dinajpur),0
2025-06-30,2025,Jun,North East,Cumilla,M/S Bhuiyan Traders-Cumilla,0
2025-06-30,2025,Jun,North East,Noakhali,M/S Bhuiyan Traders-Noakhali,0
2025-06-30,2025,Jun,North,Rangpur,M/S. Billah Traders,0
2025-06-30,2025,Jun,North East,Chandpur,MS.Billal Traders-Chandpur,0
2025-06-30,2025,Jun,North East,Mymensingh,M/S Bismillah Hardware and Glass House,0
2025-06-30,2025,Jun,North East,Kishoreganj,M/S Bismillah Traders- Bhairob,29
2025-06-30,2025,Jun,North East,Kishoreganj,M/S Bismillah Traders-Mymensing,0
2025-06-30,2025,Jun,North,Naogaon,M/S. Bismillha Traders-Naoga,0
2025-06-30,2025,Jun,South,Jhenaidah,M/S Bondhu Enterprise,65
2025-06-30,2025,Jun,North,Sherpur,M/S. Bondhu Enterprise-Bogra,0
2025-06-30,2025,Jun,South,Bhola,M/S Bushra Construction,0
2025-06-30,2025,Jun,North,Bogura,M/S. Bushra Traders,221
2025-06-30,2025,Jun,South,Jashore,M/S Chitra Trading,0
2025-06-30,2025,Jun,North,Lalmonirhat,M/s Dhorla Trading,0
2025-06-30,2025,Jun,South,Jashore,M/S. Dipro Enterprise,0
2025-06-30,2025,Jun,South,Faridpur,M/S. Durgapur Hi Tech,0
2025-06-30,2025,Jun,North East,Narsingdi,M/S Easy Builders,0
2025-06-30,2025,Jun,South,Khulna,M/S. Elina Enterprise,0
2025-06-30,2025,Jun,South,Pirojpur,M/S Emon Enterprise,0
2025-06-30,2025,Jun,North East,Dhaka,M/S. Engineer Builders,0
2025-06-30,2025,Jun,North East,Cumilla,M/S. Faisal Enterprise,0
2025-06-30,2025,Jun,South,Gopalganj,M/S Fakir and Sons,0
2025-06-30,2025,Jun,South,Satkhira,M/S Faruk Traders-Sathkhira,0
2025-06-30,2025,Jun,South,Meherpur,M/S. Fojilatun Nesha &Sons,0
2025-06-30,2025,Jun,South,Barishal,M/S Forkan Traders,0
2025-06-30,2025,Jun,South,Gopalganj,M/S Friends Enterprise,0
2025-06-30,2025,Jun,North East,Cumilla,M/S Gaji Hardware,0
2025-06-30,2025,Jun,North,Kurigram,M/S. G.M Enterprise,0
2025-06-30,2025,Jun,Dhaka,Dhaka,M/S. Hailmi Enterprise,0
2025-06-30,2025,Jun,North East,Cumilla,M/S Hanif Enterprise,0
2025-06-30,2025,Jun,Dhaka,Dhaka,M/S Haque and Hasan Traders,6
2025-06-30,2025,Jun,North East,Feni,M/S Haque Enterprise,0
2025-06-30,2025,Jun,North East,Brahmanbaria,M/S. Hasan Enterprise,0
2025-06-30,2025,Jun,South,Satkhira,M/S. Hasan Traders-Satkhira,0
2025-06-30,2025,Jun,South,Shariatpur,M/S. Hawlader Enterprise-Sariatpur,0
2025-06-30,2025,Jun,North East,Dhaka,M/S Hazi Abdul Khalique  & Son's,0
2025-06-30,2025,Jun,Dhaka,Dhaka,M/S Hazi Sarif Munshi Traders,13
2025-06-30,2025,Jun,South,Madaripur,M/S. Hazi Traders- Madaripur,0
2025-06-30,2025,Jun,North East,Jamalpur,M/S HEMENDRA CHANDRA SINGH,13
2025-06-30,2025,Jun,North East,Noakhali,M/S Hoque and Brothers (Noakhali),0
2025-06-30,2025,Jun,South,Bhola,M/S H Rahman and Sons,20
2025-06-30,2025,Jun,Dhaka,Narayanganj,M/S Ichapuri Cement House,0
2025-06-30,2025,Jun,South,Patuakhali,M/S.Islamia Traders,0
2025-06-30,2025,Jun,South,Jashore,M/S Islam Traders- Keshabpur,0
2025-06-30,2025,Jun,North,Tangail,M/S. Islam Traders- Sirajgonj,0
2025-06-30,2025,Jun,North,Naogaon,M/S. IT Construction,0
2025-06-30,2025,Jun,North East,Lakshmipur,M/S Jahir Enterprise,0
2025-06-30,2025,Jun,South,Patuakhali,M/S.Jamal Traders,0
2025-06-30,2025,Jun,North,Tangail,M/S.Jannath Enterprise,0
2025-06-30,2025,Jun,North East,Jamalpur,M/S Jibon Enterprise,0
2025-06-30,2025,Jun,North East,Jamalpur,M/S. Jibon Traders,0
2025-06-30,2025,Jun,South,Jashore,M/S Johir Enterprise,0
2025-06-30,2025,Jun,South,Meherpur,M/S Jony Enterprise -Meherpur,26
2025-06-30,2025,Jun,South,Jhenaidah,M/S Kafi Traders,0
2025-06-30,2025,Jun,South,Barguna,M/S. Kamal Enterprise,0
2025-06-30,2025,Jun,North,Panchagarh,M/S Kamlesh Traders,0
2025-06-30,2025,Jun,South,Barguna,M/S. Karim Builders,0
2025-06-30,2025,Jun,North,Tangail,M/S. Khalekujjaman Traders,0
2025-06-30,2025,Jun,South,Faridpur,M/S Khan Enterprise-Faridpur,0
2025-06-30,2025,Jun,Dhaka,Gazipur,M/S Khan Enterprise-Kaligonj,0
2025-06-30,2025,Jun,North,Dinajpur,M/S. Khan Enterprises- Dinajpur,0
2025-06-30,2025,Jun,North,Tangail,M/S Khan Traders-Tangail,0
2025-06-30,2025,Jun,South,Faridpur,M/S Khaza Traders,0
2025-06-30,2025,Jun,North East,Cumilla,M/S. Khokon Enterprise,0
2025-06-30,2025,Jun,North,Thakurgaon,M/S. Kibriya Enterprise,0
2025-06-30,2025,Jun,North East,Cumilla,M/S-Laksam Trading Corporation,30
2025-06-30,2025,Jun,Dhaka,Manikganj,M/S Latif Traders,0
2025-06-30,2025,Jun,South,Gopalganj,M/S Linkon Enterprise,0
2025-06-30,2025,Jun,North,Natore,M/s Liton Enterprise,0
2025-06-30,2025,Jun,North East,Narsingdi,M/S. Liza Traders,0
2025-06-30,2025,Jun,Dhaka,Dhaka,M/S. Maa Enterprise,38
2025-06-30,2025,Jun,South,Barishal,M/S. Mahabub Traders,0
2025-06-30,2025,Jun,Dhaka,Gazipur,M/S. Mainul Traders,32
2025-06-30,2025,Jun,North East,Brahmanbaria,M/S. Malek and Sons,0
2025-06-30,2025,Jun,North,Dhaka,M/S. Manobendro Das,0
2025-06-30,2025,Jun,Dhaka,Dhaka,M/S. Marks Trading,0
2025-06-30,2025,Jun,South,Jhalokati,M/S Mary Suppliers and Mary Bricks,20
2025-06-30,2025,Jun,South,Bhola,M/S. Masaallah Traders,0
2025-06-30,2025,Jun,North East,Cumilla,M/S.Masfalah Construction,0
2025-06-30,2025,Jun,South,Khulna,M/S. M. A Traders (Dr.),0
2025-06-30,2025,Jun,Dhaka,Gazipur,M/S Mawna Builders,12
2025-06-30,2025,Jun,North,Tangail,M/S Maya Traders,0
2025-06-30,2025,Jun,South,Satkhira,M/S. Mayer Doa Sanitary and Anwar Sheet Enterprise,0
2025-06-30,2025,Jun,North,Bogura,M/S. Mayer Doya Variety Store,0
2025-06-30,2025,Jun,Dhaka,Gazipur,M/s Midul Enterprise,40
2025-06-30,2025,Jun,South,Kushtia,M/S Mim Traders-Kustia,0
2025-06-30,2025,Jun,South,Chuadanga,M/S Mizan Traders,0
2025-06-30,2025,Jun,South,Faridpur,M/S Modina Traders,0
2025-06-30,2025,Jun,North East,Noakhali,M/S. Mokka Enterprise- Noakhali,0
2025-06-30,2025,Jun,North East,Narsingdi,M/S Mollah Enterprise-Narsingdi,0
2025-06-30,2025,Jun,North,Rajshahi,M/S. Mollah Enterprise-Rajshahi,0
2025-06-30,2025,Jun,North East,Cumilla,M/S Molla Traders-Chouddogram,7
2025-06-30,2025,Jun,South,Gopalganj,M/S Molla Traders-Gopalgonj,0
2025-06-30,2025,Jun,North,Bogura,M/S. Mondol Traders-Shibgonj,0
2025-06-30,2025,Jun,North,Tangail,M/S. Monira Enterprise,0
2025-06-30,2025,Jun,North,Dhaka,M/S Moon Traders- Sirajgonj,0
2025-06-30,2025,Jun,South,Barguna,M/S. Mridha Traders,0
2025-06-30,2025,Jun,North East,Netrokona,M/S-M.S Traders,0
2025-06-30,2025,Jun,North,Bogura,M/S. Mukta Traders,54
2025-06-30,2025,Jun,North East,Noakhali,M/S.Muldhara Trading,0
2025-06-30,2025,Jun,South,Pirojpur,M/S Nahar Enterprise- Pirojpur,0
2025-06-30,2025,Jun,South,Shariatpur,M/S Nayeem Enterprise,0
2025-06-30,2025,Jun,North,Tangail,M/S. Nazmul Enterprise,0
2025-06-30,2025,Jun,North East,Cumilla,M/S. Nazrul Traders,0
2025-06-30,2025,Jun,South,Pirojpur,M/S New Hope Traders,0
2025-06-30,2025,Jun,South,Gopalganj,M/S. New Sikder Traders,0
2025-06-30,2025,Jun,South,Satkhira,M/s Nirala Trader's,0
2025-06-30,2025,Jun,South,Madaripur,M/s Nirman,0
2025-06-30,2025,Jun,South,Barguna,M/s. Nur-E-Madina Trading,0
2025-06-30,2025,Jun,South,Faridpur,M/S Nur Mahidi Nerman Vander,26
2025-06-30,2025,Jun,South,Pirojpur,M/S Oishani Enterprise,0
2025-06-30,2025,Jun,Dhaka,Dhaka,M/S Osman Steel Corporation,0
2025-06-30,2025,Jun,North East,Lakshmipur,M/S Parvez Enterprise,0
2025-06-30,2025,Jun,North,Naogaon,M/S Parvez Trading-Naogaon,70
2025-06-30,2025,Jun,North,Dinajpur,M/S Popular Steel,0
2025-06-30,2025,Jun,South,Gopalganj,M/s Porosh Enterprise,0
2025-06-30,2025,Jun,North East,Cumilla,MS.Probashi G.I. Enterpries.,0
2025-06-30,2025,Jun,North,Dhaka,M/S. Purabi Traders,0
2025-06-30,2025,Jun,North,Pabna,M/S Rafiq Enterprise,0
2025-06-30,2025,Jun,South,Narail,M/S Rahit Ruchi Enterprise,0
2025-06-30,2025,Jun,Dhaka,Narayanganj,M/S Rahmania Enterprise,0
2025-06-30,2025,Jun,South,Chuadanga,M/S Rahman Traders,0
2025-06-30,2025,Jun,North East,Narsingdi,M/S Rahman Traders-Norsingdi,0
2025-06-30,2025,Jun,South,Jashore,M/S Raisa Enterprise,0
2025-06-30,2025,Jun,North,Thakurgaon,M/S. Raju Ceramic & Sanitary,0
2025-06-30,2025,Jun,Dhaka,Gazipur,M/S Rana Enterprise,0
2025-06-30,2025,Jun,North,Panchagarh,M/S. Rashad Traders,0
2025-06-30,2025,Jun,Dhaka,Dhaka,M/S. Rayhan Enterprise,115
2025-06-30,2025,Jun,Dhaka,Gazipur,M/S R.B Steel and Co.,65
2025-06-30,2025,Jun,North,Natore,M/S. Reza Enterprise,0
2025-06-30,2025,Jun,North,Pabna,M/S.Reza Enterprise-Pabna,0
2025-06-30,2025,Jun,North,Dinajpur,M/S Ripon Traders,0
2025-06-30,2025,Jun,South,Jashore,M/S R M Traders,0
2025-06-30,2025,Jun,North,Rangpur,M/S Rohima Traders,0
2025-06-30,2025,Jun,North,Panchagarh,M/S Rostom and Sons,0
2025-06-30,2025,Jun,North East,Cumilla,M/S. RS Hardware,0
2025-06-30,2025,Jun,North East,Noakhali,M/S Ruhul Amin Traders,0
2025-06-30,2025,Jun,Dhaka,Gazipur,M/S Sadar Builders,0
2025-06-30,2025,Jun,North,Tangail,M/S Sadia and Samia Traders,0
2025-06-30,2025,Jun,North,Panchagarh,M/S. Sadik Enterprise,0
2025-06-30,2025,Jun,South,Khulna,M/S. Safwan Corporation,0
2025-06-30,2025,Jun,North,Thakurgaon,M/S. Sahi-Imran Traders,0
2025-06-30,2025,Jun,Dhaka,Narayanganj,M/S Saif Traders,0
2025-06-30,2025,Jun,South,Madaripur,M/S Saifullah Enterprise,0
2025-06-30,2025,Jun,North,Pabna,M/S Samir Traders,26
2025-06-30,2025,Jun,Dhaka,Dhaka,M/S. Sawon Enterprise-Savar,10
2025-06-30,2025,Jun,South,Barishal,M/S Sazib Trading,0
2025-06-30,2025,Jun,North,Bogura,M/S Sazid Traders,13
2025-06-30,2025,Jun,South,Patuakhali,M/S.Serajul Haque,0
2025-06-30,2025,Jun,North,Rangpur,M/S. Shafi Trading,0
2025-06-30,2025,Jun,South,Faridpur,M/S Shah Farid Nirman Vander,0
2025-06-30,2025,Jun,North,Kurigram,M/S. Shaju Hardware,0
2025-06-30,2025,Jun,South,Jhenaidah,M/S Shamim Steel Corner,14
2025-06-30,2025,Jun,South,Shariatpur,M/S Shamim Traders-Sariatpur,0
2025-06-30,2025,Jun,South,Jhalokati,M/S Shampa Construction,0
2025-06-30,2025,Jun,North,Nilphamari,M/S. Sharif Construction Center,0
2025-06-30,2025,Jun,South,Gopalganj,M/S. Sharif Enterprise,0
2025-06-30,2025,Jun,South,Pirojpur,M/S. Shikder Enterprise-Pirojpur,0
2025-06-30,2025,Jun,South,Magura,M/S Shohag Enterprise-Satkhira,0
2025-06-30,2025,Jun,North,Sirajganj,M/s Shohan Iron and Steel House.,28
2025-06-30,2025,Jun,North,Thakurgaon,M/S. Shovon Traders,0
2025-06-30,2025,Jun,South,Khulna,M/S Showrov Enterprise,0
2025-06-30,2025,Jun,South,Narail,M/S. Sikdar Enterprise- Norail,13
2025-06-30,2025,Jun,North,Dinajpur,M/S. Sohidul Traders,0
2025-06-30,2025,Jun,South,Faridpur,M/S Sony Vander,15
2025-06-30,2025,Jun,North,Thakurgaon,M/S. Sulov Lauho Bitan,0
2025-06-30,2025,Jun,North,Chapainawabganj,M/S Sweet Enterprise,0
2025-06-30,2025,Jun,Dhaka,Gazipur,M/S Takhiya Enterprise,0
2025-06-30,2025,Jun,South,Gopalganj,M/S Tasnim Enterprise,0
2025-06-30,2025,Jun,North,Thakurgaon,M/S. Tin Vai Enterprise,0
2025-06-30,2025,Jun,North,Sirajganj,M/S Tisha Enterprise,0
2025-06-30,2025,Jun,South,Bagerhat,M/S Tonmoy Traders,0
2025-06-30,2025,Jun,Dhaka,Gazipur,M/S. Tosher Enterprise,0
2025-06-30,2025,Jun,North,Panchagarh,M/S Vai Vai Traders-Panchagor,0
2025-06-30,2025,Jun,South,Bhola,M/S. Yakub Traders,0
2025-06-30,2025,Jun,South,Chuadanga,M/S - Younus Hardware,13
2025-06-30,2025,Jun,South,Barishal,M/S Zakir Store,0
2025-06-30,2025,Jun,North,Rangpur,M/S. Zaman Traders-Rangpur,52
2025-06-30,2025,Jun,Dhaka,Dhaka,M/S Zam Zam Trading (Dhaka),0
2025-06-30,2025,Jun,North,Rangpur,M/S Zast Traders,0
2025-06-30,2025,Jun,South,Satkhira,M/S Zia Traders,0
2025-06-30,2025,Jun,Dhaka,Dhaka,Munshigonj Steel House,15
2025-06-30,2025,Jun,South,Jashore,M. Zaman Enterprise,0
2025-06-30,2025,Jun,South,Madaripur,Nabila Traders (Madaripur),0
2025-06-30,2025,Jun,North,Pabna,"Nabi Traders (Ishawrdi,  Pabna)",13
2025-06-30,2025,Jun,Dhaka,Dhaka,Nahar Steel,103
2025-06-30,2025,Jun,Dhaka,Dhaka,Nal Gulf Construction and Properties,0
2025-06-30,2025,Jun,North,Lalmonirhat,Narsingdi Enterprise,0
2025-06-30,2025,Jun,Dhaka,Dhaka,Nasrin Enterprise,0
2025-06-30,2025,Jun,Dhaka,Dhaka,Nation Tech Communications Limited,0
2025-06-30,2025,Jun,Dhaka,Dhaka,Nayeef Trading Corporation,16
2025-06-30,2025,Jun,North,Kurigram,Nayeem Traders (Kurigram),0
2025-06-30,2025,Jun,South,Barishal,Nayem Enterprise,0
2025-06-30,2025,Jun,South,Jashore,Nayon and Chayon,0
2025-06-30,2025,Jun,South,Jhenaidah,Nazmul Traders- Jhenaidah,40
2025-06-30,2025,Jun,North,Rangpur,Need Construction,0
2025-06-30,2025,Jun,South,Khulna,New Bengal Store,0
2025-06-30,2025,Jun,South,Dhaka,New Era Manufacturing Ltd.,0
2025-06-30,2025,Jun,South,Barishal,New Hasina Enterprise,0
2025-06-30,2025,Jun,Dhaka,Dhaka,New Sharmin Enterprise,14
2025-06-30,2025,Jun,Dhaka,Dhaka,Niloy Enterprise,0
2025-06-30,2025,Jun,Dhaka,Munshiganj,Nimtola Traders,3
2025-06-30,2025,Jun,South,Jhenaidah,Nishi Enterprise- Jhinaidah,0
2025-06-30,2025,Jun,South,Khulna,Nondi Trading Corporatin,0
2025-06-30,2025,Jun,North,Gaibandha,Northbengal Traders,0
2025-06-30,2025,Jun,South,Madaripur,Nurjahan Resourse International,0
2025-06-30,2025,Jun,North,Dinajpur,Nur Steel,0
2025-06-30,2025,Jun,South,Meherpur,Padma Enterprise,0
2025-06-30,2025,Jun,South,Gopalganj,Pal and Sons,0
2025-06-30,2025,Jun,South,Chuadanga,Palash Kumer Shaha,0
2025-06-30,2025,Jun,North,Dhaka,Palli Tower,0
2025-06-30,2025,Jun,North East,Moulvibazar,Paul Traders,0
2025-06-30,2025,Jun,Dhaka,Dhaka,Pioneer Location Ltd.,0
2025-06-30,2025,Jun,Dhaka,Dhaka,Popular Enterprise,10
2025-06-30,2025,Jun,North,Rangpur,Prince Enterprise,0
2025-06-30,2025,Jun,North,Bogura,Priti Traders (Bogra),0
2025-06-30,2025,Jun,North,Tangail,Prodhan Traders,0
2025-06-30,2025,Jun,North East,Chandpur,Rabbi Traders,0
2025-06-30,2025,Jun,North,Tangail,Rafik and Brothers - Joypurhat,0
2025-06-30,2025,Jun,North East,Jamalpur,Rahi Trade,0
2025-06-30,2025,Jun,North East,Narsingdi,Rahman Steel House,22
2025-06-30,2025,Jun,South,Shariatpur,Raju Enterprise,0
2025-06-30,2025,Jun,North,Gaibandha,Raju Traders,0
2025-06-30,2025,Jun,South,Jashore,Raju Zakir Enterprise,0
2025-06-30,2025,Jun,North East,Brahmanbaria,R. A Khan Properties,0
2025-06-30,2025,Jun,South,Narail,Rakhi Enterprise,0
2025-06-30,2025,Jun,North,Tangail,Rasel Store,0
2025-06-30,2025,Jun,South,Madaripur,Rashed Enterprise (Madaripur),0
2025-06-30,2025,Jun,South,Jashore,Razzaque Steel House,53
2025-06-30,2025,Jun,South,Patuakhali,Rema Enterprise,29
2025-06-30,2025,Jun,North East,Kishoreganj,Renu Traders,12
2025-06-30,2025,Jun,North,Bogura,Rezaul Bari (Bogra),0
2025-06-30,2025,Jun,North,Panchagarh,Riad Traders-Panchagor,0
2025-06-30,2025,Jun,South,Kushtia,R.I and Co.,0
2025-06-30,2025,Jun,North,Tangail,Riaz Uddin Traders,0
2025-06-30,2025,Jun,North,Tangail,Ridoy Enterprise- Tangail,0
2025-06-30,2025,Jun,Dhaka,Gazipur,Ridwan Traders,8
2025-06-30,2025,Jun,North,Tangail,Rina Construction,0
2025-06-30,2025,Jun,South,Khulna,Riya Trading International,0
2025-06-30,2025,Jun,North,Tangail,R. K Traders,0
2025-06-30,2025,Jun,South,Satkhira,Rofiqul and Brothers,0
2025-06-30,2025,Jun,South,Khulna,Rokeya Traders,0
2025-06-30,2025,Jun,North,Gaibandha,Rosid Traders,0
2025-06-30,2025,Jun,South,Kushtia,R. Rahman Corporation,65
2025-06-30,2025,Jun,Dhaka,Narayanganj,R.S Enterprise,38
2025-06-30,2025,Jun,South,Madaripur,R. S Enterprise-Madaripur,13
2025-06-30,2025,Jun,North East,Sherpur,Rubel Enterprise,0
2025-06-30,2025,Jun,North,Dinajpur,Rumman Traders,0
2025-06-30,2025,Jun,North,Dinajpur,Runa Enterprise,0
2025-06-30,2025,Jun,South,Barishal,Sajid and Brothers,0
2025-06-30,2025,Jun,South,Patuakhali,Sajid Enterprise- Patuakhali,0
2025-06-30,2025,Jun,South,Kushtia,Salam and Sons,59
2025-06-30,2025,Jun,South,Kushtia,Saleha Traders,52
2025-06-30,2025,Jun,South,Satkhira,Samannay Traders,0
2025-06-30,2025,Jun,North,Chapainawabganj,Sanaullah and Sons,0
2025-06-30,2025,Jun,North,Sirajganj,Sarkar Trading (Sirajgonj),13
2025-06-30,2025,Jun,North,Dinajpur,Sarker Brothers,0
2025-06-30,2025,Jun,South,Barishal,Satata Enterprise,0
2025-06-30,2025,Jun,South,Faridpur,Sathi Store,0
2025-06-30,2025,Jun,North,Pabna,S A Traders-Pabna,0
2025-06-30,2025,Jun,North East,Jamalpur,Sattar Traders,0
2025-06-30,2025,Jun,North,Rajshahi,SB Laboratories,0
2025-06-30,2025,Jun,South,Faridpur,S.B Traders - Faridpur,0
2025-06-30,2025,Jun,South,Shariatpur,Seba Trading Corporation,13
2025-06-30,2025,Jun,Dhaka,Dhaka,Selim Malik Traders,0
2025-06-30,2025,Jun,North,Panchagarh,Shaha Traders,0
2025-06-30,2025,Jun,North East,Mymensingh,Shahbuddin and Brothers,0
2025-06-30,2025,Jun,North East,Mymensingh,Shahin Enterprise,0
2025-06-30,2025,Jun,South,Jhenaidah,Shahin Traders,0
2025-06-30,2025,Jun,South,Narail,Shahin Traders - Narail,39
2025-06-30,2025,Jun,North,Rangpur,Shah Md Ashrafudulla,0
2025-06-30,2025,Jun,North East,Chandpur,Shakil Enterprise- Chandpur,0
2025-06-30,2025,Jun,South,Khulna,Shamim and Co,0
2025-06-30,2025,Jun,North East,Chandpur,Shamima Traders,0
2025-06-30,2025,Jun,South,Bhola,Shanaullah Enterprise,0
2025-06-30,2025,Jun,North,Rajshahi,Shanto Hardware,0
2025-06-30,2025,Jun,South,Khulna,Sharif and Co,0
2025-06-30,2025,Jun,South,Magura,Sharif Steel  Corner,15
2025-06-30,2025,Jun,South,Barguna,Sharmi Enterprise- Borguna,0
2025-06-30,2025,Jun,South,Gopalganj,Shawkat Hossain Mollah,0
2025-06-30,2025,Jun,North East,Mymensingh,Shayan Traders,0
2025-06-30,2025,Jun,South,Satkhira,Sheikh Brothers-Satkhira,0
2025-06-30,2025,Jun,North,Gaibandha,Shetu Traders- Gaibandha,0
2025-06-30,2025,Jun,Dhaka,Narayanganj,Shifat Enterprise-N.Ganj,0
2025-06-30,2025,Jun,South,Khulna,Shikder and Brothers,0
2025-06-30,2025,Jun,North East,Kishoreganj,Shimu Traders,0
2025-06-30,2025,Jun,South,Chuadanga,Shohag Enterprise,0
2025-06-30,2025,Jun,North,Natore,Shohug Machineries  and Traders,0
2025-06-30,2025,Jun,South,Bagerhat,Shotota Enterprise,0
2025-06-30,2025,Jun,North East,Brahmanbaria,Shuvo Enterprise (Ashuganj),0
2025-06-30,2025,Jun,South,Narail,Shuvo Enterprise - Norail,0
2025-06-30,2025,Jun,South,Jhenaidah,Siddique Cycle Store and Traders,0
2025-06-30,2025,Jun,North East,Sylhet,Siddiquey Construction,25
2025-06-30,2025,Jun,Dhaka,Dhaka,Sikder Enterprise (Keranigonj),6
2025-06-30,2025,Jun,South,Gopalganj,Sikder Traders-Goplagonj,14
2025-06-30,2025,Jun,North,Pabna,Sikder Traders (Pabna),39
2025-06-30,2025,Jun,North East,Cumilla,Silver Tiles and Sanitary,0
2025-06-30,2025,Jun,Dhaka,Dhaka,Simplex Development Ltd.,0
2025-06-30,2025,Jun,Dhaka,Manikganj,Singair Alfi Trade Link.,11
2025-06-30,2025,Jun,North,Dhaka,Sirajgonj Iron and Steel House,0
2025-06-30,2025,Jun,South,Dhaka,S.M Kamruzzaman,0
2025-06-30,2025,Jun,South,Narayanganj,Sonali Enterprise,0
2025-06-30,2025,Jun,North,Gaibandha,Sorif Traders,55
2025-06-30,2025,Jun,North,Nilphamari,Sourov Traders,0
2025-06-30,2025,Jun,North East,Jamalpur,S.R.S Construction,0
2025-06-30,2025,Jun,North,Thakurgaon,S. R. Traders,0
2025-06-30,2025,Jun,South,Bagerhat,S.R Traders -Bagerhat,0
2025-06-30,2025,Jun,South,Khulna,S. S. Syndicate,0
2025-06-30,2025,Jun,South,Satkhira,S S Traders,0
2025-06-30,2025,Jun,Dhaka,Gazipur,S T Enterprise,0
2025-06-30,2025,Jun,South,Jhenaidah,Suborna Traders,0
2025-06-30,2025,Jun,Dhaka,Gazipur,Suma Enterprise - Sofipur,40
2025-06-30,2025,Jun,South,Shariatpur,Sumon Enterprise,0
2025-06-30,2025,Jun,South,Khulna,Sumon Traders,0
2025-06-30,2025,Jun,South,Manikganj,Sundorban Hardware,0
2025-06-30,2025,Jun,North,Pabna,Swapan Traders,14
2025-06-30,2025,Jun,South,Jashore,Tahmina Enterprise,0
2025-06-30,2025,Jun,North,Thakurgaon,Tamanna Enterprise-Thakurgaon,0
2025-06-30,2025,Jun,South,Gopalganj,Tamim Enterprise,0
2025-06-30,2025,Jun,North,Rajshahi,Tariq  Enterprise,13
2025-06-30,2025,Jun,South,Narail,Tazmin Enterprise,0
2025-06-30,2025,Jun,Dhaka,Dhaka,The Barik Brothers,254
2025-06-30,2025,Jun,Dhaka,Dhaka,Three Star Co-Operative Multipurpose Ltd.,0
2025-06-30,2025,Jun,South,Patuakhali,Three Star Enterprise,0
2025-06-30,2025,Jun,Dhaka,Dhaka,"Tipu and Co.( Rayerbag, Jatrabari)",32
2025-06-30,2025,Jun,South,Meherpur,Tohmina Engineering Workshop,0
2025-06-30,2025,Jun,Dhaka,Dhaka,Trendy Textiles Ltd.,0
2025-06-30,2025,Jun,North East,Mymensingh,Tripti Steel Bitan,0
2025-06-30,2025,Jun,North,Rangpur,T.S.Enterprise(Rangpur),53
2025-06-30,2025,Jun,Dhaka,Gazipur,Turag Tower,2
2025-06-30,2025,Jun,North,Sirajganj,Ullapara Variety Store,13
2025-06-30,2025,Jun,Dhaka,Dhaka,Unified Holdings Limited,0
2025-06-30,2025,Jun,South,Jhenaidah,Unique Construction,0
2025-06-30,2025,Jun,South,Khulna,Unique International,0
2025-06-30,2025,Jun,North East,Netrokona,Vodra Traders,0
2025-06-30,2025,Jun,Dhaka,Manikganj,Wazuddin Traders,21
2025-06-30,2025,Jun,North East,Sylhet,Windsor Hotel & Resorts Ltd.,0
2025-06-30,2025,Jun,North East,Noakhali,Yeasin Traders,13
2025-06-30,2025,Jun,Dhaka,Narayanganj,York  Composite Ltd,0
2025-06-30,2025,Jun,Dhaka,Narayanganj,York Fashion Ltd.,0
2025-06-30,2025,Jun,Dhaka,Dhaka,Younus Traders,0
2025-06-30,2025,Jun,South,Bhola,Zabbar Biswas Traders,22
2025-06-30,2025,Jun,Dhaka,Dhaka,Zaman Traders ( Savar),18
2025-07-31,2025,Jul,North East,Narsingdi,3D Comet Design & Consultant,0
2025-07-31,2025,Jul,North,Lalmonirhat,Abdul Hakim,0
2025-07-31,2025,Jul,North,Tangail,Abdul Malek - Rangpur,0
2025-07-31,2025,Jul,North,Dinajpur,Abdur Rauf-Dinajpur,0
2025-07-31,2025,Jul,South,Khulna,Abdur Razzak Aziz- Khulna,70
2025-07-31,2025,Jul,South,Shariatpur,Abdus Salam Farazi,0
2025-07-31,2025,Jul,North East,Sylhet,Abdus Shohid Construction,0
2025-07-31,2025,Jul,Dhaka,Dhaka,Abir Enterprise,67
2025-07-31,2025,Jul,North,Bogura,ABK Krishi Beez Himagar,0
2025-07-31,2025,Jul,South,Pirojpur,A.B.L.Builders,0
2025-07-31,2025,Jul,North,Pabna,Abul Hossain Traders,0
2025-07-31,2025,Jul,South,Barguna,Agrani Traders,0
2025-07-31,2025,Jul,South,Khulna,Ahad Enterprise,0
2025-07-31,2025,Jul,North East,Narsingdi,Ahasan Store,0
2025-07-31,2025,Jul,North,Chapainawabganj,Ahmed Store- C. Gonj,0
2025-07-31,2025,Jul,North,Bogura,Ahmed Traders-Bogra,0
2025-07-31,2025,Jul,North,Pabna,Ahsan Trading,0
2025-07-31,2025,Jul,North East,Dhaka,AK Developers Ltd.,0
2025-07-31,2025,Jul,North East,Sylhet,A.K Enterprise (Sylhet),0
2025-07-31,2025,Jul,Dhaka,Dhaka,Akhter Traders,32
2025-07-31,2025,Jul,North,Bogura,Akkash Ali Traders,0
2025-07-31,2025,Jul,North,Bogura,Alam and Brothers,0
2025-07-31,2025,Jul,South,Patuakhali,Al-Amin Traders-Patuakhali,0
2025-07-31,2025,Jul,North,Tangail,Alam Motors,0
2025-07-31,2025,Jul,South,Faridpur,Al-Bagdad Iron Steel- Faridpur,0
2025-07-31,2025,Jul,Dhaka,Dhaka,Al Baraka Steel Corporation- Mirpur,29
2025-07-31,2025,Jul,North East,Brahmanbaria,Al Ekram Traders,0
2025-07-31,2025,Jul,North,Rangpur,Alhaj Atiar Rahman,0
2025-07-31,2025,Jul,North,Dinajpur,Al Haj Traders,39
2025-07-31,2025,Jul,North East,Feni,Al Haj Zakir Enterprise,0
2025-07-31,2025,Jul,South,Bagerhat,Allahardan Enterprise-Bagerhat,0
2025-07-31,2025,Jul,South,Satkhira,Allahardan  Hardware,0
2025-07-31,2025,Jul,South,Satkhira,Allahar Dan Iron Store,0
2025-07-31,2025,Jul,North,Rajshahi,Al Manar Steel,234
2025-07-31,2025,Jul,Dhaka,Dhaka,Aman  Steel Corporation,0
2025-07-31,2025,Jul,North East,Jamalpur,Amena Enterprise-Jamalpur,0
2025-07-31,2025,Jul,Dhaka,Dhaka,Amin and Brother,3
2025-07-31,2025,Jul,South,Bagerhat,Amin Enterprise,0
2025-07-31,2025,Jul,South,Shariatpur,Amin Store,0
2025-07-31,2025,Jul,North East,Jamalpur,Amin Traders,0
2025-07-31,2025,Jul,South,Dhaka,Aminul Islam- Kustia,0
2025-07-31,2025,Jul,North,Tangail,Anny Construction,0
2025-07-31,2025,Jul,South,Satkhira,Anowar Trading,0
2025-07-31,2025,Jul,South,Rajbari,Anupam Nirmata,13
2025-07-31,2025,Jul,South,Rajbari,Anwar Traders,0
2025-07-31,2025,Jul,Dhaka,Dhaka,Arafah Development and Builders Ltd.,0
2025-07-31,2025,Jul,Dhaka,Dhaka,Arafat Trading,0
2025-07-31,2025,Jul,South,Khulna,Arafat Trading - Khulna,0
2025-07-31,2025,Jul,Dhaka,Narayanganj,AR Building Design and Construction,3
2025-07-31,2025,Jul,Dhaka,Dhaka,A.R Corporation,22
2025-07-31,2025,Jul,North East,Dhaka,ARF Trading International,0
2025-07-31,2025,Jul,Dhaka,Gazipur,Arifa Enterprise,69
2025-07-31,2025,Jul,South,Meherpur,Arif Enterprise,0
2025-07-31,2025,Jul,North,Sirajganj,Ariful Islam Traders,0
2025-07-31,2025,Jul,Dhaka,Dhaka,Arowa Traders,693
2025-07-31,2025,Jul,North,Dhaka,A.R. Trading (Rangpur),0
2025-07-31,2025,Jul,Dhaka,Gazipur,Ashik Traders,12
2025-07-31,2025,Jul,South,Barguna,Ashraful Enterprise,0
2025-07-31,2025,Jul,North,Dinajpur,Asma Traders,0
2025-07-31,2025,Jul,North East,Cumilla,A.Wohab and Sons,0
2025-07-31,2025,Jul,North East,Feni,Ayesha Enterprise,0
2025-07-31,2025,Jul,South,Shariatpur,Azad Traders - Soriotpur,0
2025-07-31,2025,Jul,North East,Chandpur,Aziz Brothers,0
2025-07-31,2025,Jul,South,Jhenaidah,Azizul Haque,0
2025-07-31,2025,Jul,Dhaka,Dhaka,Badsha Faisal Institute Madrasha,0
2025-07-31,2025,Jul,Dhaka,Dhaka,Bangladesh Shishu Kallyan Porishod (BCCW),5
2025-07-31,2025,Jul,South,Barishal,Barishal Iron House,0
2025-07-31,2025,Jul,North,Tangail,Basail Trading House,0
2025-07-31,2025,Jul,North East,Jamalpur,Bashonti Traders,0
2025-07-31,2025,Jul,North,Rangpur,Bengal and Company,0
2025-07-31,2025,Jul,South,Jashore,Bhai Bhai Enterprise,0
2025-07-31,2025,Jul,South,Madaripur,Bhai Bhai Traders - Madaripur,0
2025-07-31,2025,Jul,North,Kurigram,Bhai Bhai Trading,42
2025-07-31,2025,Jul,Dhaka,Gazipur,Bhai Bhon Enterprise,0
2025-07-31,2025,Jul,North,Tangail,Bhuiyan Traders- Mirzapur,16
2025-07-31,2025,Jul,South,Bagerhat,Bismillah Enterprise-Bagerhat,0
2025-07-31,2025,Jul,South,Magura,Bismillah Steel Corner,0
2025-07-31,2025,Jul,South,Khulna,Bismillah Steel House,0
2025-07-31,2025,Jul,Dhaka,Dhaka,Bismillah Traders-Dhaka,160
2025-07-31,2025,Jul,North East,Narsingdi,Bismillah Traders -Narsingdi,0
2025-07-31,2025,Jul,South,Satkhira,Bismillah Traders-Satkhira,0
2025-07-31,2025,Jul,North,Sirajganj,Borsha Enterprise,0
2025-07-31,2025,Jul,South,Dhaka,BRB Cable Industries Ltd. (Dr.),50
2025-07-31,2025,Jul,South,Kushtia,Bristy Traders,0
2025-07-31,2025,Jul,South,Chuadanga,Brothers Traders,26
2025-07-31,2025,Jul,Dhaka,Dhaka,Capital Builders,52
2025-07-31,2025,Jul,South,Patuakhali,Choudhory Enterprise,0
2025-07-31,2025,Jul,South,Patuakhali,Chowa Traders,0
2025-07-31,2025,Jul,North East,Sylhet,Chowdhury Trading,0
2025-07-31,2025,Jul,North,Tangail,Chunailal Traders,0
2025-07-31,2025,Jul,North East,Mymensingh,Community Health Foundation Bangladesh,0
2025-07-31,2025,Jul,North,Tangail,Das Traders,0
2025-07-31,2025,Jul,South,Gopalganj,Delwar and Brothers - Gopalgonj,0
2025-07-31,2025,Jul,North East,Feni,Desh Agency,0
2025-07-31,2025,Jul,Dhaka,Dhaka,DFL Properties Ltd.,27
2025-07-31,2025,Jul,South,Kushtia,Dhaka Steel,65
2025-07-31,2025,Jul,North,Pabna,Dhaka Steel King,0
2025-07-31,2025,Jul,Dhaka,Gazipur,Dhaka Trade Centre,13
2025-07-31,2025,Jul,North,Naogaon,Dipak Kumar Deb,0
2025-07-31,2025,Jul,Dhaka,Dhaka,Dipti Traders,0
2025-07-31,2025,Jul,North,Pabna,D.K Traders,0
2025-07-31,2025,Jul,North East,Chandpur,Doha Traders,0
2025-07-31,2025,Jul,North,Nilphamari,DOSHMILE TRADERS,0
2025-07-31,2025,Jul,North East,Mymensingh,Dulal Traders,0
2025-07-31,2025,Jul,North,Chapainawabganj,Emdadul Haque,0
2025-07-31,2025,Jul,South,Jhenaidah,Emon Enterprise,0
2025-07-31,2025,Jul,North,Dinajpur,Eng.Md.Mohsin Ali,0
2025-07-31,2025,Jul,North East,Cumilla,Engr. Shafiqul Islam Build and Consultancy,0
2025-07-31,2025,Jul,North East,Brahmanbaria,Eng. Suman Datta,0
2025-07-31,2025,Jul,Dhaka,Gazipur,Evan Enterprise,7
2025-07-31,2025,Jul,Dhaka,Dhaka,Fakir Chan Bepari and Sons,20
2025-07-31,2025,Jul,North,Kurigram,Farhad and Brothers,13
2025-07-31,2025,Jul,Dhaka,Dhaka,Farid Enterprise,45
2025-07-31,2025,Jul,Dhaka,Manikganj,Faruk and Brothers,135
2025-07-31,2025,Jul,South,Meherpur,Faruk Enterprise - Meherpur,0
2025-07-31,2025,Jul,Dhaka,Dhaka,Feni Traders,0
2025-07-31,2025,Jul,South,Meherpur,F.K Trade,0
2025-07-31,2025,Jul,North,Dhaka,F M Trading International,0
2025-07-31,2025,Jul,North East,Noakhali,Foyez Store,0
2025-07-31,2025,Jul,North East,Chattogram,Friends International,25
2025-07-31,2025,Jul,North East,Mymensingh,F.S Enterprise,193
2025-07-31,2025,Jul,North,Thakurgaon,Gallery Traders,0
2025-07-31,2025,Jul,South,Barishal,Gangashari Traders,0
2025-07-31,2025,Jul,North,Dinajpur,Gausheyz Ventores,0
2025-07-31,2025,Jul,Dhaka,Dhaka,Gawsia Enterprise,262
2025-07-31,2025,Jul,Dhaka,Gazipur,Giash Steel,28
2025-07-31,2025,Jul,South,Barguna,GM Ikfa Enterprise,0
2025-07-31,2025,Jul,North East,Cumilla,Grameen Traders,0
2025-07-31,2025,Jul,North East,Mymensingh,Greenland Developers (Pvt.)Ltd.,15
2025-07-31,2025,Jul,Dhaka,Dhaka,Gulshan Tower,2
2025-07-31,2025,Jul,South,Faridpur,Habib Enterprise (Faridpur),39
2025-07-31,2025,Jul,Dhaka,Gazipur,Haji Enterprise - Gazipur,61
2025-07-31,2025,Jul,North,Dinajpur,Hamana Traders,0
2025-07-31,2025,Jul,North,Rangpur,Hamid and Sons,0
2025-07-31,2025,Jul,South,Jashore,Hamid Traders,0
2025-07-31,2025,Jul,South,Madaripur,Hamim International,0
2025-07-31,2025,Jul,North,Chapainawabganj,Hammad and Sons,0
2025-07-31,2025,Jul,South,Chuadanga,Hannan and Brothers-Chuadanga,0
2025-07-31,2025,Jul,North,Bogura,Hannan Traders,39
2025-07-31,2025,Jul,North East,Mymensingh,Haque and Brothers,0
2025-07-31,2025,Jul,South,Bhola,Haque and Sons-Bhola,0
2025-07-31,2025,Jul,South,Jhenaidah,Haque and Sons-Jhenaidah,0
2025-07-31,2025,Jul,North,Sirajganj,Haque Iron,0
2025-07-31,2025,Jul,North,Tangail,Harun Enterprise,87
2025-07-31,2025,Jul,South,Barishal,Hawlader Iron Store,0
2025-07-31,2025,Jul,North East,Brahmanbaria,Hazi Mobarak Traders,0
2025-07-31,2025,Jul,North,Dinajpur,Hera Traders,0
2025-07-31,2025,Jul,Dhaka,Dhaka,Hobigonj Traders,53
2025-07-31,2025,Jul,North,Dhaka,Hossain Construction ( Pvt ) Ltd,0
2025-07-31,2025,Jul,North East,Kishoreganj,Hossen Bhuiyan Steel House,0
2025-07-31,2025,Jul,South,Khulna,Howlader and Company,0
2025-07-31,2025,Jul,Dhaka,Dhaka,Howlader Enterprise,104
2025-07-31,2025,Jul,South,Jhalokati,Howlader Traders-Jhalokathi,0
2025-07-31,2025,Jul,Dhaka,Dhaka,H.S Corporation,15
2025-07-31,2025,Jul,North,Gaibandha,Humayan Kabir Traders-Gaibandha,0
2025-07-31,2025,Jul,South,Kushtia,Hymo International,0
2025-07-31,2025,Jul,Dhaka,Narayanganj,Ikhwan Construction,10
2025-07-31,2025,Jul,North,Rangpur,Imarat Trading,26
2025-07-31,2025,Jul,South,Satkhira,Imarot Trading-Satkhira,0
2025-07-31,2025,Jul,South,Faridpur,Iron and Steel House,0
2025-07-31,2025,Jul,North East,Cumilla,Islam and Sons,0
2025-07-31,2025,Jul,North,Bogura,Islam Brothers-Bogura,0
2025-07-31,2025,Jul,South,Jashore,Islam Traders-Jessore,0
2025-07-31,2025,Jul,North,Rangpur,Itusa Builders,0
2025-07-31,2025,Jul,North,Tangail,I.V Methi Traders,0
2025-07-31,2025,Jul,South,Faridpur,Jahangir Store - Faridpur,0
2025-07-31,2025,Jul,South,Satkhira,Jaman Traders,0
2025-07-31,2025,Jul,North,Dhaka,Janata Enterprise- Sirajgonj,0
2025-07-31,2025,Jul,North,Dhaka,Janata Steel and Iron House,0
2025-07-31,2025,Jul,North,Bogura,J and Ma Enterprise,0
2025-07-31,2025,Jul,South,Faridpur,Jaseka Traders,39
2025-07-31,2025,Jul,North East,Noakhali,Jashim Steel House,13
2025-07-31,2025,Jul,North,Lalmonirhat,Jerin Enterprise,0
2025-07-31,2025,Jul,North East,Kishoreganj,Jesan Traders,0
2025-07-31,2025,Jul,South,Jashore,JesminSanitary and Iron Store,14
2025-07-31,2025,Jul,South,Narail,Jhorna Enterprise,0
2025-07-31,2025,Jul,South,Khulna,Joint Enterprise,0
2025-07-31,2025,Jul,North,Tangail,Joy Joya Enterprise,65
2025-07-31,2025,Jul,South,Shariatpur,Julhas and Brothers,0
2025-07-31,2025,Jul,North,Bogura,Kabir Traders-Bogra,0
2025-07-31,2025,Jul,North East,Cumilla,Kajol Enterprise,13
2025-07-31,2025,Jul,North East,Cumilla,Kalam and Sons,0
2025-07-31,2025,Jul,Dhaka,Gazipur,Kaliakoir New Market,25
2025-07-31,2025,Jul,South,Faridpur,Kamarjani Traders,0
2025-07-31,2025,Jul,Dhaka,Gazipur,Kamrul Trading Corporation,37
2025-07-31,2025,Jul,South,Faridpur,Kamruzzaman Enterprise,0
2025-07-31,2025,Jul,South,Kushtia,Kanak Traders-Kustia,0
2025-07-31,2025,Jul,Dhaka,Gazipur,Kashem and Sons,33
2025-07-31,2025,Jul,North East,Noakhali,Kashem Traders (Noakhali),0
2025-07-31,2025,Jul,North,Kurigram,Khairul Enterprise,0
2025-07-31,2025,Jul,Dhaka,Dhaka,Khalid Trading Corporation,0
2025-07-31,2025,Jul,South,Jhalokati,Khan Builders,0
2025-07-31,2025,Jul,Dhaka,Dhaka,Khan Enterprise,246
2025-07-31,2025,Jul,North East,Lakshmipur,Khan Machineries Store,0
2025-07-31,2025,Jul,South,Khulna,Khan Traders -Khulna,20
2025-07-31,2025,Jul,South,Madaripur,Khan Traders- Madaripur,13
2025-07-31,2025,Jul,South,Madaripur,Khan Traders- Shibchor,0
2025-07-31,2025,Jul,North East,Chandpur,Khaza Variety Store,0
2025-07-31,2025,Jul,Dhaka,Gazipur,Khurshida Builders,124
2025-07-31,2025,Jul,South,Narail,King Builders,0
2025-07-31,2025,Jul,North,Rajshahi,Kismot Trading Corporation,0
2025-07-31,2025,Jul,South,Barishal,K K Enterprise,0
2025-07-31,2025,Jul,North,Dinajpur,Kobir Traders,0
2025-07-31,2025,Jul,Dhaka,Dhaka,Kolatia Traders,10
2025-07-31,2025,Jul,North East,Mymensingh,K.S. Trading,0
2025-07-31,2025,Jul,North,Dinajpur,Kumor Uddin and Sons,0
2025-07-31,2025,Jul,North,Dinajpur,Kundu Brothers,0
2025-07-31,2025,Jul,South,Faridpur,Kustia Enterprise,0
2025-07-31,2025,Jul,South,Barishal,Layla Builders,0
2025-07-31,2025,Jul,South,Patuakhali,Lila Enterprise,0
2025-07-31,2025,Jul,North,Tangail,Liton Enterprise,0
2025-07-31,2025,Jul,North,Nilphamari,L.N Trading Co.,26
2025-07-31,2025,Jul,North East,Mymensingh,Lubaba  Enterprise,0
2025-07-31,2025,Jul,North East,Sylhet,Ludhi Steel Marchant,105
2025-07-31,2025,Jul,North East,Feni,Madani Traders,26
2025-07-31,2025,Jul,South,Shariatpur,Madbor Enterprise,13
2025-07-31,2025,Jul,Dhaka,Narayanganj,Madina Corporation,0
2025-07-31,2025,Jul,North East,Netrokona,Mahabub Traders,0
2025-07-31,2025,Jul,Dhaka,Dhaka,Mahadi Design and Construction,34
2025-07-31,2025,Jul,North,Rajshahi,Mahamud Enterprise,0
2025-07-31,2025,Jul,North,Thakurgaon,Mahbub Enterprise,0
2025-07-31,2025,Jul,South,Jhenaidah,Mahir Trading,0
2025-07-31,2025,Jul,North East,Mymensingh,Mahi Traders,0
2025-07-31,2025,Jul,North,Dinajpur,Mahi Traders-Dinajpur,0
2025-07-31,2025,Jul,South,Jashore,Mahiya Kabir Corporation,13
2025-07-31,2025,Jul,North,Bogura,Mahmud Mahbub Traders,0
31-Jul-25,2025,Jul,Dhaka,Dhaka,Makkah Traders,129
31-Jul-25,2025,Jul,Dhaka,Gazipur,Mamun Enterprise-Gazipur,119
2025-07-31,2025,Jul,North East,Sylhet,Mamun Enterprise- Shylet,0
2025-07-31,2025,Jul,North,Pabna,Mamun Traders-Pabna,0
2025-07-31,2025,Jul,South,Kushtia,Mannan Hardware and Iron Store,0
2025-07-31,2025,Jul,Dhaka,Narayanganj,Mashin Corporation,0
2025-07-31,2025,Jul,North,Bogura,Master Traders (Shantahar),26
2025-07-31,2025,Jul,South,Barishal,Masud Enterprise,0
2025-07-31,2025,Jul,South,Madaripur,Mayer Doa Enterprise,0
2025-07-31,2025,Jul,North East,Netrokona,Mayer Doa Traders,0
2025-07-31,2025,Jul,North East,Chandpur,Md.Nasir Uddin -Chandpur,0
2025-07-31,2025,Jul,South,Bagerhat,Media Enterprise,0
2025-07-31,2025,Jul,South,Shariatpur,M H Traders,0
2025-07-31,2025,Jul,North East,Cumilla,Mili Enterprise,0
2025-07-31,2025,Jul,Dhaka,Gazipur,Mim Enterprise,27
2025-07-31,2025,Jul,Dhaka,Dhaka,Misti Enterprise,14
2025-07-31,2025,Jul,North East,Jamalpur,Mizan and Son's,0
2025-07-31,2025,Jul,South,Jhalokati,M Khan Ltd.,0
2025-07-31,2025,Jul,North East,Mymensingh,M K Traders,0
2025-07-31,2025,Jul,Dhaka,Dhaka,Modina Steel Corporation,134
2025-07-31,2025,Jul,North East,Sherpur,Mofazzal Enterprise,14
2025-07-31,2025,Jul,South,Kushtia,Mokka Enterprise- Kustia,0
2025-07-31,2025,Jul,South,Magura,Molla Banijjo Vander,0
2025-07-31,2025,Jul,North East,Cumilla,Molla Traders- Comilla,20
2025-07-31,2025,Jul,South,Jashore,Mollik Enterprise-Khulna,0
2025-07-31,2025,Jul,North,Dinajpur,Mondol Traders - Dinajpur,0
2025-07-31,2025,Jul,North,Kurigram,Mondol Traders- Kurigram,0
2025-07-31,2025,Jul,North,Sirajganj,Mondol Traders- Sirajgonj,0
2025-07-31,2025,Jul,Dhaka,Dhaka,Monir Enterprise,0
2025-07-31,2025,Jul,North,Dinajpur,Monoj Kumar Mallick,0
2025-07-31,2025,Jul,North East,Jamalpur,Morzina Steel House,0
2025-07-31,2025,Jul,South,Barishal,Moshiur Rahman Minto,0
2025-07-31,2025,Jul,North,Tangail,Mostafa Enterprise-Tangail,0
2025-07-31,2025,Jul,North,Rangpur,M.R Traders,0
2025-07-31,2025,Jul,North East,Chandpur,M/S: Tafhim Enterprise,0
2025-07-31,2025,Jul,South,Narail,M/S Abdul Hadi Traders,0
2025-07-31,2025,Jul,North,Naogaon,M/S Abdullah Traders,0
2025-07-31,2025,Jul,North,Sirajganj,M/S Abdus Samad Khan,28
2025-07-31,2025,Jul,North East,Cumilla,M/S Abedin Enterprise,0
2025-07-31,2025,Jul,South,Patuakhali,M/S. Abul Kalam Azad,0
2025-07-31,2025,Jul,North East,Narsingdi,M/S Adiat Traders,0
2025-07-31,2025,Jul,Dhaka,Dhaka,M/S Adil Enterprise,24
2025-07-31,2025,Jul,North,Pabna,M/S Adi Saha Trading,14
2025-07-31,2025,Jul,South,Satkhira,M/S. Afroz Enterprise,0
2025-07-31,2025,Jul,Dhaka,Narayanganj,M/S Alam and Sons Departmental Store,6
2025-07-31,2025,Jul,North,Nilphamari,M/S. Al Amin Traders-Nilphamary,0
2025-07-31,2025,Jul,North East,Netrokona,M/S Alam Traders,0
2025-07-31,2025,Jul,North,Dinajpur,M/S. Alhaj Traders-Dinajpur,0
2025-07-31,2025,Jul,South,Shariatpur,M/S Aliuzzaman Mir Malot,0
2025-07-31,2025,Jul,Dhaka,Gazipur,M/S Al-Madina Enterprise,0
2025-07-31,2025,Jul,South,Kushtia,M/S. Al-Nobi Hardware & Sanitary,0
2025-07-31,2025,Jul,North East,Noakhali,M/S Anisha Enterprise,0
2025-07-31,2025,Jul,North,Sirajganj,M/S Anowar Enterprise,0
2025-07-31,2025,Jul,South,Barguna,M/S. Anower Brick,0
2025-07-31,2025,Jul,Dhaka,Gazipur,M/S Arif Traders,19
2025-07-31,2025,Jul,North East,Cumilla,M/S -Ariyan Enterprise,0
2025-07-31,2025,Jul,South,Faridpur,M/S Asraf  and Sons,0
2025-07-31,2025,Jul,South,Jhenaidah,M/S. Astha Builders,0
2025-07-31,2025,Jul,South,Barguna,M/S Ayaan Traders,13
2025-07-31,2025,Jul,South,Jashore,M/S Ayesha Steel Corporation,0
2025-07-31,2025,Jul,South,Patuakhali,M/S. Azad Enterprise,0
2025-07-31,2025,Jul,South,Jashore,M/S Azim Shah Traders,20
2025-07-31,2025,Jul,North,Natore,M/S Azmir Enterprise,0
2025-07-31,2025,Jul,South,Jashore,M/S Babu Traders,0
2025-07-31,2025,Jul,South,Magura,M/S Bali Construction,0
2025-07-31,2025,Jul,South,Chuadanga,M/S. Bani Traders,0
2025-07-31,2025,Jul,Dhaka,Dhaka,M/S Bepari Traders,35
2025-07-31,2025,Jul,South,Rajbari,M/S Bepari Traders - Rajbari,0
2025-07-31,2025,Jul,Dhaka,Dhaka,M/S Bhai Bhai Traders and Engineering Works,0
2025-07-31,2025,Jul,North,Dinajpur,M/S. Bhai Bhai Traders (Dinajpur),0
2025-07-31,2025,Jul,North East,Cumilla,M/S Bhuiyan Traders-Cumilla,0
2025-07-31,2025,Jul,North East,Noakhali,M/S Bhuiyan Traders-Noakhali,0
2025-07-31,2025,Jul,North,Rangpur,M/S. Billah Traders,0
2025-07-31,2025,Jul,North East,Chandpur,MS.Billal Traders-Chandpur,0
2025-07-31,2025,Jul,North East,Mymensingh,M/S Bismillah Hardware and Glass House,0
2025-07-31,2025,Jul,North East,Kishoreganj,M/S Bismillah Traders- Bhairob,10
2025-07-31,2025,Jul,North East,Kishoreganj,M/S Bismillah Traders-Mymensing,0
2025-07-31,2025,Jul,North,Naogaon,M/S. Bismillha Traders-Naoga,0
2025-07-31,2025,Jul,South,Jhenaidah,M/S Bondhu Enterprise,65
2025-07-31,2025,Jul,North,Sherpur,M/S. Bondhu Enterprise-Bogra,0
2025-07-31,2025,Jul,South,Bhola,M/S Bushra Construction,0
2025-07-31,2025,Jul,North,Bogura,M/S. Bushra Traders,116
2025-07-31,2025,Jul,South,Jashore,M/S Chitra Trading,0
2025-07-31,2025,Jul,North,Lalmonirhat,M/s Dhorla Trading,0
2025-07-31,2025,Jul,South,Jashore,M/S. Dipro Enterprise,0
2025-07-31,2025,Jul,South,Faridpur,M/S. Durgapur Hi Tech,0
2025-07-31,2025,Jul,North East,Narsingdi,M/S Easy Builders,0
2025-07-31,2025,Jul,South,Khulna,M/S. Elina Enterprise,0
2025-07-31,2025,Jul,South,Pirojpur,M/S Emon Enterprise,0
2025-07-31,2025,Jul,North East,Dhaka,M/S. Engineer Builders,30
2025-07-31,2025,Jul,North East,Cumilla,M/S. Faisal Enterprise,0
2025-07-31,2025,Jul,South,Gopalganj,M/S Fakir and Sons,0
2025-07-31,2025,Jul,South,Satkhira,M/S Faruk Traders-Sathkhira,0
2025-07-31,2025,Jul,South,Meherpur,M/S. Fojilatun Nesha &Sons,0
2025-07-31,2025,Jul,South,Barishal,M/S Forkan Traders,0
2025-07-31,2025,Jul,South,Gopalganj,M/S Friends Enterprise,0
2025-07-31,2025,Jul,North East,Cumilla,M/S Gaji Hardware,0
2025-07-31,2025,Jul,North,Kurigram,M/S. G.M Enterprise,0
2025-07-31,2025,Jul,Dhaka,Dhaka,M/S. Hailmi Enterprise,0
2025-07-31,2025,Jul,North East,Cumilla,M/S Hanif Enterprise,0
2025-07-31,2025,Jul,Dhaka,Dhaka,M/S Haque and Hasan Traders,11
2025-07-31,2025,Jul,North East,Feni,M/S Haque Enterprise,0
2025-07-31,2025,Jul,North East,Brahmanbaria,M/S. Hasan Enterprise,0
2025-07-31,2025,Jul,South,Satkhira,M/S. Hasan Traders-Satkhira,0
2025-07-31,2025,Jul,South,Shariatpur,M/S. Hawlader Enterprise-Sariatpur,0
2025-07-31,2025,Jul,North East,Dhaka,M/S Hazi Abdul Khalique  & Son's,13
2025-07-31,2025,Jul,Dhaka,Dhaka,M/S Hazi Sarif Munshi Traders,0
2025-07-31,2025,Jul,South,Madaripur,M/S. Hazi Traders- Madaripur,0
2025-07-31,2025,Jul,North East,Jamalpur,M/S HEMENDRA CHANDRA SINGH,0
2025-07-31,2025,Jul,North East,Noakhali,M/S Hoque and Brothers (Noakhali),0
2025-07-31,2025,Jul,South,Bhola,M/S H Rahman and Sons,0
2025-07-31,2025,Jul,Dhaka,Narayanganj,M/S Ichapuri Cement House,28
2025-07-31,2025,Jul,South,Patuakhali,M/S.Islamia Traders,0
2025-07-31,2025,Jul,South,Jashore,M/S Islam Traders- Keshabpur,0
2025-07-31,2025,Jul,North,Tangail,M/S. Islam Traders- Sirajgonj,0
2025-07-31,2025,Jul,North,Naogaon,M/S. IT Construction,0
2025-07-31,2025,Jul,North East,Lakshmipur,M/S Jahir Enterprise,0
2025-07-31,2025,Jul,South,Patuakhali,M/S.Jamal Traders,0
2025-07-31,2025,Jul,North,Tangail,M/S.Jannath Enterprise,0
2025-07-31,2025,Jul,North East,Jamalpur,M/S Jibon Enterprise,0
2025-07-31,2025,Jul,North East,Jamalpur,M/S. Jibon Traders,0
2025-07-31,2025,Jul,South,Jashore,M/S Johir Enterprise,0
2025-07-31,2025,Jul,South,Meherpur,M/S Jony Enterprise -Meherpur,26
2025-07-31,2025,Jul,South,Jhenaidah,M/S Kafi Traders,0
2025-07-31,2025,Jul,South,Barguna,M/S. Kamal Enterprise,0
2025-07-31,2025,Jul,North,Panchagarh,M/S Kamlesh Traders,0
2025-07-31,2025,Jul,South,Barguna,M/S. Karim Builders,20
2025-07-31,2025,Jul,North,Tangail,M/S. Khalekujjaman Traders,0
2025-07-31,2025,Jul,South,Faridpur,M/S Khan Enterprise-Faridpur,0
2025-07-31,2025,Jul,Dhaka,Gazipur,M/S Khan Enterprise-Kaligonj,111
2025-07-31,2025,Jul,North,Dinajpur,M/S. Khan Enterprises- Dinajpur,0
2025-07-31,2025,Jul,North,Tangail,M/S Khan Traders-Tangail,13
2025-07-31,2025,Jul,South,Faridpur,M/S Khaza Traders,13
2025-07-31,2025,Jul,North East,Cumilla,M/S. Khokon Enterprise,0
2025-07-31,2025,Jul,North,Thakurgaon,M/S. Kibriya Enterprise,0
2025-07-31,2025,Jul,North East,Cumilla,M/S-Laksam Trading Corporation,41
2025-07-31,2025,Jul,Dhaka,Manikganj,M/S Latif Traders,0
2025-07-31,2025,Jul,South,Gopalganj,M/S Linkon Enterprise,0
2025-07-31,2025,Jul,North,Natore,M/s Liton Enterprise,0
2025-07-31,2025,Jul,North East,Narsingdi,M/S. Liza Traders,0
2025-07-31,2025,Jul,Dhaka,Dhaka,M/S. Maa Enterprise,41
2025-07-31,2025,Jul,South,Barishal,M/S. Mahabub Traders,14
2025-07-31,2025,Jul,Dhaka,Gazipur,M/S. Mainul Traders,36
2025-07-31,2025,Jul,North East,Brahmanbaria,M/S. Malek and Sons,0
2025-07-31,2025,Jul,North,Dhaka,M/S. Manobendro Das,0
2025-07-31,2025,Jul,Dhaka,Dhaka,M/S. Marks Trading,0
2025-07-31,2025,Jul,South,Jhalokati,M/S Mary Suppliers and Mary Bricks,20
2025-07-31,2025,Jul,South,Bhola,M/S. Masaallah Traders,0
2025-07-31,2025,Jul,North East,Cumilla,M/S.Masfalah Construction,0
2025-07-31,2025,Jul,South,Khulna,M/S. M. A Traders (Dr.),0
2025-07-31,2025,Jul,Dhaka,Gazipur,M/S Mawna Builders,14
2025-07-31,2025,Jul,North,Tangail,M/S Maya Traders,0
2025-07-31,2025,Jul,South,Satkhira,M/S. Mayer Doa Sanitary and Anwar Sheet Enterprise,0
2025-07-31,2025,Jul,North,Bogura,M/S. Mayer Doya Variety Store,0
2025-07-31,2025,Jul,Dhaka,Gazipur,M/s Midul Enterprise,23
2025-07-31,2025,Jul,South,Kushtia,M/S Mim Traders-Kustia,0
2025-07-31,2025,Jul,South,Chuadanga,M/S Mizan Traders,0
2025-07-31,2025,Jul,South,Faridpur,M/S Modina Traders,0
2025-07-31,2025,Jul,North East,Noakhali,M/S. Mokka Enterprise- Noakhali,0
2025-07-31,2025,Jul,North East,Narsingdi,M/S Mollah Enterprise-Narsingdi,0
2025-07-31,2025,Jul,North,Rajshahi,M/S. Mollah Enterprise-Rajshahi,0
2025-07-31,2025,Jul,North East,Cumilla,M/S Molla Traders-Chouddogram,0
2025-07-31,2025,Jul,South,Gopalganj,M/S Molla Traders-Gopalgonj,0
2025-07-31,2025,Jul,North,Bogura,M/S. Mondol Traders-Shibgonj,0
2025-07-31,2025,Jul,North,Tangail,M/S. Monira Enterprise,0
2025-07-31,2025,Jul,North,Dhaka,M/S Moon Traders- Sirajgonj,0
2025-07-31,2025,Jul,South,Barguna,M/S. Mridha Traders,0
2025-07-31,2025,Jul,North East,Netrokona,M/S-M.S Traders,0
2025-07-31,2025,Jul,North,Bogura,M/S. Mukta Traders,41
2025-07-31,2025,Jul,North East,Noakhali,M/S.Muldhara Trading,0
2025-07-31,2025,Jul,South,Pirojpur,M/S Nahar Enterprise- Pirojpur,0
2025-07-31,2025,Jul,South,Shariatpur,M/S Nayeem Enterprise,0
2025-07-31,2025,Jul,North,Tangail,M/S. Nazmul Enterprise,0
2025-07-31,2025,Jul,North East,Cumilla,M/S. Nazrul Traders,0
2025-07-31,2025,Jul,South,Pirojpur,M/S New Hope Traders,0
2025-07-31,2025,Jul,South,Gopalganj,M/S. New Sikder Traders,0
2025-07-31,2025,Jul,South,Satkhira,M/s Nirala Trader's,0
2025-07-31,2025,Jul,South,Madaripur,M/s Nirman,0
2025-07-31,2025,Jul,South,Barguna,M/s. Nur-E-Madina Trading,0
2025-07-31,2025,Jul,South,Faridpur,M/S Nur Mahidi Nerman Vander,13
2025-07-31,2025,Jul,South,Pirojpur,M/S Oishani Enterprise,0
2025-07-31,2025,Jul,Dhaka,Dhaka,M/S Osman Steel Corporation,0
2025-07-31,2025,Jul,North East,Lakshmipur,M/S Parvez Enterprise,0
2025-07-31,2025,Jul,North,Naogaon,M/S Parvez Trading-Naogaon,84
2025-07-31,2025,Jul,North,Dinajpur,M/S Popular Steel,0
2025-07-31,2025,Jul,South,Gopalganj,M/s Porosh Enterprise,25
2025-07-31,2025,Jul,North East,Cumilla,MS.Probashi G.I. Enterpries.,0
2025-07-31,2025,Jul,North,Dhaka,M/S. Purabi Traders,0
2025-07-31,2025,Jul,North,Pabna,M/S Rafiq Enterprise,0
2025-07-31,2025,Jul,South,Narail,M/S Rahit Ruchi Enterprise,0
2025-07-31,2025,Jul,Dhaka,Narayanganj,M/S Rahmania Enterprise,24
2025-07-31,2025,Jul,South,Chuadanga,M/S Rahman Traders,0
2025-07-31,2025,Jul,North East,Narsingdi,M/S Rahman Traders-Norsingdi,0
2025-07-31,2025,Jul,South,Jashore,M/S Raisa Enterprise,0
2025-07-31,2025,Jul,North,Thakurgaon,M/S. Raju Ceramic & Sanitary,0
2025-07-31,2025,Jul,Dhaka,Gazipur,M/S Rana Enterprise,28
2025-07-31,2025,Jul,North,Panchagarh,M/S. Rashad Traders,0
2025-07-31,2025,Jul,Dhaka,Dhaka,M/S. Rayhan Enterprise,66
2025-07-31,2025,Jul,Dhaka,Gazipur,M/S R.B Steel and Co.,138
2025-07-31,2025,Jul,North,Natore,M/S. Reza Enterprise,0
2025-07-31,2025,Jul,North,Pabna,M/S.Reza Enterprise-Pabna,0
2025-07-31,2025,Jul,North,Dinajpur,M/S Ripon Traders,0
2025-07-31,2025,Jul,South,Jashore,M/S R M Traders,0
2025-07-31,2025,Jul,North,Rangpur,M/S Rohima Traders,0
2025-07-31,2025,Jul,North,Panchagarh,M/S Rostom and Sons,0
2025-07-31,2025,Jul,North East,Cumilla,M/S. RS Hardware,0
2025-07-31,2025,Jul,North East,Noakhali,M/S Ruhul Amin Traders,0
2025-07-31,2025,Jul,Dhaka,Gazipur,M/S Sadar Builders,17
2025-07-31,2025,Jul,North,Tangail,M/S Sadia and Samia Traders,0
2025-07-31,2025,Jul,North,Panchagarh,M/S. Sadik Enterprise,0
2025-07-31,2025,Jul,South,Khulna,M/S. Safwan Corporation,0
2025-07-31,2025,Jul,North,Thakurgaon,M/S. Sahi-Imran Traders,0
2025-07-31,2025,Jul,Dhaka,Narayanganj,M/S Saif Traders,0
2025-07-31,2025,Jul,South,Madaripur,M/S Saifullah Enterprise,0
2025-07-31,2025,Jul,North,Pabna,M/S Samir Traders,54
2025-07-31,2025,Jul,South,Barishal,M/S Sazib Trading,0
2025-07-31,2025,Jul,North,Bogura,M/S Sazid Traders,0
2025-07-31,2025,Jul,South,Patuakhali,M/S.Serajul Haque,0
2025-07-31,2025,Jul,North,Rangpur,M/S. Shafi Trading,0
2025-07-31,2025,Jul,South,Faridpur,M/S Shah Farid Nirman Vander,0
2025-07-31,2025,Jul,North,Kurigram,M/S. Shaju Hardware,0
2025-07-31,2025,Jul,South,Jhenaidah,M/S Shamim Steel Corner,14
2025-07-31,2025,Jul,South,Shariatpur,M/S Shamim Traders-Sariatpur,0
2025-07-31,2025,Jul,South,Jhalokati,M/S Shampa Construction,0
2025-07-31,2025,Jul,North,Nilphamari,M/S. Sharif Construction Center,0
2025-07-31,2025,Jul,South,Gopalganj,M/S. Sharif Enterprise,20
2025-07-31,2025,Jul,South,Pirojpur,M/S. Shikder Enterprise-Pirojpur,0
2025-07-31,2025,Jul,South,Magura,M/S Shohag Enterprise-Satkhira,0
2025-07-31,2025,Jul,North,Sirajganj,M/s Shohan Iron and Steel House.,41
2025-07-31,2025,Jul,North,Thakurgaon,M/S. Shovon Traders,0
2025-07-31,2025,Jul,South,Khulna,M/S Showrov Enterprise,0
2025-07-31,2025,Jul,South,Narail,M/S. Sikdar Enterprise- Norail,0
2025-07-31,2025,Jul,North,Dinajpur,M/S. Sohidul Traders,0
2025-07-31,2025,Jul,South,Faridpur,M/S Sony Vander,0
2025-07-31,2025,Jul,North,Thakurgaon,M/S. Sulov Lauho Bitan,0
2025-07-31,2025,Jul,North,Chapainawabganj,M/S Sweet Enterprise,0
2025-07-31,2025,Jul,Dhaka,Gazipur,M/S Takhiya Enterprise,17
2025-07-31,2025,Jul,South,Gopalganj,M/S Tasnim Enterprise,0
2025-07-31,2025,Jul,North,Thakurgaon,M/S. Tin Vai Enterprise,0
2025-07-31,2025,Jul,North,Sirajganj,M/S Tisha Enterprise,0
2025-07-31,2025,Jul,South,Bagerhat,M/S Tonmoy Traders,0
2025-07-31,2025,Jul,Dhaka,Gazipur,M/S. Tosher Enterprise,6
2025-07-31,2025,Jul,North,Panchagarh,M/S Vai Vai Traders-Panchagor,0
2025-07-31,2025,Jul,South,Bhola,M/S. Yakub Traders,0
2025-07-31,2025,Jul,South,Chuadanga,M/S - Younus Hardware,13
2025-07-31,2025,Jul,South,Barishal,M/S Zakir Store,0
2025-07-31,2025,Jul,North,Rangpur,M/S. Zaman Traders-Rangpur,159
2025-07-31,2025,Jul,Dhaka,Dhaka,M/S Zam Zam Trading (Dhaka),13
2025-07-31,2025,Jul,North,Rangpur,M/S Zast Traders,0
2025-07-31,2025,Jul,South,Satkhira,M/S Zia Traders,0
2025-07-31,2025,Jul,Dhaka,Dhaka,Munshigonj Steel House,48
2025-07-31,2025,Jul,South,Jashore,M. Zaman Enterprise,0
2025-07-31,2025,Jul,South,Madaripur,Nabila Traders (Madaripur),0
2025-07-31,2025,Jul,North,Pabna,"Nabi Traders (Ishawrdi,  Pabna)",13
2025-07-31,2025,Jul,Dhaka,Dhaka,Nahar Steel,119
2025-07-31,2025,Jul,Dhaka,Dhaka,Nal Gulf Construction and Properties,0
2025-07-31,2025,Jul,North,Lalmonirhat,Narsingdi Enterprise,0
2025-07-31,2025,Jul,Dhaka,Dhaka,Nasrin Enterprise,0
2025-07-31,2025,Jul,Dhaka,Dhaka,Nation Tech Communications Limited,0
2025-07-31,2025,Jul,Dhaka,Dhaka,Nayeef Trading Corporation,4
2025-07-31,2025,Jul,North,Kurigram,Nayeem Traders (Kurigram),0
2025-07-31,2025,Jul,South,Barishal,Nayem Enterprise,0
2025-07-31,2025,Jul,South,Jashore,Nayon and Chayon,0
2025-07-31,2025,Jul,South,Jhenaidah,Nazmul Traders- Jhenaidah,20
2025-07-31,2025,Jul,North,Rangpur,Need Construction,0
2025-07-31,2025,Jul,South,Khulna,New Bengal Store,0
2025-07-31,2025,Jul,South,Dhaka,New Era Manufacturing Ltd.,0
2025-07-31,2025,Jul,South,Barishal,New Hasina Enterprise,0
2025-07-31,2025,Jul,Dhaka,Dhaka,New Sharmin Enterprise,19
2025-07-31,2025,Jul,Dhaka,Dhaka,Niloy Enterprise,0
2025-07-31,2025,Jul,South,Jhenaidah,Nishi Enterprise- Jhinaidah,0
2025-07-31,2025,Jul,South,Khulna,Nondi Trading Corporatin,0
2025-07-31,2025,Jul,North,Gaibandha,Northbengal Traders,0
2025-07-31,2025,Jul,South,Madaripur,Nurjahan Resourse International,0
2025-07-31,2025,Jul,North,Dinajpur,Nur Steel,0
2025-07-31,2025,Jul,South,Meherpur,Padma Enterprise,0
2025-07-31,2025,Jul,South,Gopalganj,Pal and Sons,0
2025-07-31,2025,Jul,South,Chuadanga,Palash Kumer Shaha,0
2025-07-31,2025,Jul,North,Dhaka,Palli Tower,0
2025-07-31,2025,Jul,North East,Moulvibazar,Paul Traders,0
2025-07-31,2025,Jul,Dhaka,Dhaka,Pioneer Location Ltd.,0
2025-07-31,2025,Jul,Dhaka,Dhaka,Popular Enterprise,29
2025-07-31,2025,Jul,North,Rangpur,Prince Enterprise,0
2025-07-31,2025,Jul,North,Bogura,Priti Traders (Bogra),0
2025-07-31,2025,Jul,North,Tangail,Prodhan Traders,0
2025-07-31,2025,Jul,North East,Chandpur,Rabbi Traders,0
2025-07-31,2025,Jul,North,Tangail,Rafik and Brothers - Joypurhat,0
2025-07-31,2025,Jul,North East,Jamalpur,Rahi Trade,0
2025-07-31,2025,Jul,North East,Narsingdi,Rahman Steel House,40
2025-07-31,2025,Jul,South,Shariatpur,Raju Enterprise,0
2025-07-31,2025,Jul,North,Gaibandha,Raju Traders,0
2025-07-31,2025,Jul,South,Jashore,Raju Zakir Enterprise,0
2025-07-31,2025,Jul,North East,Brahmanbaria,R. A Khan Properties,0
2025-07-31,2025,Jul,South,Narail,Rakhi Enterprise,0
2025-07-31,2025,Jul,North,Tangail,Rasel Store,0
2025-07-31,2025,Jul,South,Madaripur,Rashed Enterprise (Madaripur),0
2025-07-31,2025,Jul,South,Jashore,Razzaque Steel House,41
2025-07-31,2025,Jul,South,Patuakhali,Rema Enterprise,27
2025-07-31,2025,Jul,North East,Kishoreganj,Renu Traders,36
2025-07-31,2025,Jul,North,Bogura,Rezaul Bari (Bogra),0
2025-07-31,2025,Jul,North,Panchagarh,Riad Traders-Panchagor,0
2025-07-31,2025,Jul,South,Kushtia,R.I and Co.,0
2025-07-31,2025,Jul,North,Tangail,Riaz Uddin Traders,0
2025-07-31,2025,Jul,North,Tangail,Ridoy Enterprise- Tangail,0
2025-07-31,2025,Jul,Dhaka,Gazipur,Ridwan Traders,28
2025-07-31,2025,Jul,North,Tangail,Rina Construction,0
2025-07-31,2025,Jul,South,Khulna,Riya Trading International,0
2025-07-31,2025,Jul,North,Tangail,R. K Traders,0
2025-07-31,2025,Jul,South,Satkhira,Rofiqul and Brothers,0
2025-07-31,2025,Jul,South,Khulna,Rokeya Traders,0
2025-07-31,2025,Jul,North,Gaibandha,Rosid Traders,0
2025-07-31,2025,Jul,South,Kushtia,R. Rahman Corporation,52
2025-07-31,2025,Jul,Dhaka,Narayanganj,R.S Enterprise,117
2025-07-31,2025,Jul,South,Madaripur,R. S Enterprise-Madaripur,13
2025-07-31,2025,Jul,North East,Sherpur,Rubel Enterprise,0
2025-07-31,2025,Jul,North,Dinajpur,Rumman Traders,0
2025-07-31,2025,Jul,North,Dinajpur,Runa Enterprise,0
2025-07-31,2025,Jul,South,Barishal,Sajid and Brothers,0
2025-07-31,2025,Jul,South,Patuakhali,Sajid Enterprise- Patuakhali,0
2025-07-31,2025,Jul,South,Kushtia,Salam and Sons,91
2025-07-31,2025,Jul,South,Kushtia,Saleha Traders,78
2025-07-31,2025,Jul,South,Satkhira,Samannay Traders,0
2025-07-31,2025,Jul,North,Chapainawabganj,Sanaullah and Sons,0
2025-07-31,2025,Jul,North,Sirajganj,Sarkar Trading (Sirajgonj),13
2025-07-31,2025,Jul,North,Dinajpur,Sarker Brothers,0
2025-07-31,2025,Jul,South,Barishal,Satata Enterprise,0
2025-07-31,2025,Jul,South,Faridpur,Sathi Store,0
2025-07-31,2025,Jul,North,Pabna,S A Traders-Pabna,0
2025-07-31,2025,Jul,North East,Jamalpur,Sattar Traders,0
2025-07-31,2025,Jul,North,Rajshahi,SB Laboratories,0
2025-07-31,2025,Jul,South,Faridpur,S.B Traders - Faridpur,0
2025-07-31,2025,Jul,South,Shariatpur,Seba Trading Corporation,13
2025-07-31,2025,Jul,Dhaka,Dhaka,Selim Malik Traders,0
2025-07-31,2025,Jul,North,Panchagarh,Shaha Traders,0
2025-07-31,2025,Jul,North East,Mymensingh,Shahbuddin and Brothers,0
2025-07-31,2025,Jul,North East,Mymensingh,Shahin Enterprise,0
2025-07-31,2025,Jul,South,Jhenaidah,Shahin Traders,0
2025-07-31,2025,Jul,South,Narail,Shahin Traders - Narail,13
2025-07-31,2025,Jul,North,Rangpur,Shah Md Ashrafudulla,0
2025-07-31,2025,Jul,North East,Chandpur,Shakil Enterprise- Chandpur,0
2025-07-31,2025,Jul,South,Khulna,Shamim and Co,0
2025-07-31,2025,Jul,North East,Chandpur,Shamima Traders,0
2025-07-31,2025,Jul,South,Bhola,Shanaullah Enterprise,0
2025-07-31,2025,Jul,North,Rajshahi,Shanto Hardware,0
2025-07-31,2025,Jul,South,Khulna,Sharif and Co,0
2025-07-31,2025,Jul,South,Magura,Sharif Steel  Corner,26
2025-07-31,2025,Jul,South,Barguna,Sharmi Enterprise- Borguna,0
2025-07-31,2025,Jul,South,Gopalganj,Shawkat Hossain Mollah,0
2025-07-31,2025,Jul,North East,Mymensingh,Shayan Traders,0
2025-07-31,2025,Jul,South,Satkhira,Sheikh Brothers-Satkhira,0
2025-07-31,2025,Jul,North,Gaibandha,Shetu Traders- Gaibandha,0
2025-07-31,2025,Jul,Dhaka,Narayanganj,Shifat Enterprise-N.Ganj,54
2025-07-31,2025,Jul,South,Khulna,Shikder and Brothers,0
2025-07-31,2025,Jul,North East,Kishoreganj,Shimu Traders,0
2025-07-31,2025,Jul,South,Chuadanga,Shohag Enterprise,0
2025-07-31,2025,Jul,North,Natore,Shohug Machineries  and Traders,0
2025-07-31,2025,Jul,South,Bagerhat,Shotota Enterprise,0
2025-07-31,2025,Jul,North East,Brahmanbaria,Shuvo Enterprise (Ashuganj),0
2025-07-31,2025,Jul,South,Narail,Shuvo Enterprise - Norail,0
2025-07-31,2025,Jul,South,Jhenaidah,Siddique Cycle Store and Traders,0
2025-07-31,2025,Jul,North East,Sylhet,Siddiquey Construction,0
2025-07-31,2025,Jul,Dhaka,Dhaka,Sikder Enterprise (Keranigonj),5
2025-07-31,2025,Jul,South,Gopalganj,Sikder Traders-Goplagonj,0
2025-07-31,2025,Jul,North,Pabna,Sikder Traders (Pabna),26
2025-07-31,2025,Jul,North East,Cumilla,Silver Tiles and Sanitary,0
2025-07-31,2025,Jul,Dhaka,Dhaka,Simplex Development Ltd.,0
2025-07-31,2025,Jul,Dhaka,Manikganj,Singair Alfi Trade Link.,0
2025-07-31,2025,Jul,North,Dhaka,Sirajgonj Iron and Steel House,0
2025-07-31,2025,Jul,South,Dhaka,S.M Kamruzzaman,0
2025-07-31,2025,Jul,South,Narayanganj,Sonali Enterprise,0
2025-07-31,2025,Jul,North,Gaibandha,Sorif Traders,27
2025-07-31,2025,Jul,North,Nilphamari,Sourov Traders,13
2025-07-31,2025,Jul,North East,Jamalpur,S.R.S Construction,0
2025-07-31,2025,Jul,North,Thakurgaon,S. R. Traders,0
2025-07-31,2025,Jul,South,Bagerhat,S.R Traders -Bagerhat,0
2025-07-31,2025,Jul,South,Khulna,S. S. Syndicate,0
2025-07-31,2025,Jul,South,Satkhira,S S Traders,0
2025-07-31,2025,Jul,Dhaka,Gazipur,S T Enterprise,25
2025-07-31,2025,Jul,South,Jhenaidah,Suborna Traders,0
2025-07-31,2025,Jul,Dhaka,Gazipur,Suma Enterprise - Sofipur,46
2025-07-31,2025,Jul,South,Shariatpur,Sumon Enterprise,0
2025-07-31,2025,Jul,South,Khulna,Sumon Traders,0
2025-07-31,2025,Jul,South,Manikganj,Sundorban Hardware,0
2025-07-31,2025,Jul,North,Pabna,Swapan Traders,0
2025-07-31,2025,Jul,South,Jashore,Tahmina Enterprise,0
2025-07-31,2025,Jul,North,Thakurgaon,Tamanna Enterprise-Thakurgaon,0
2025-07-31,2025,Jul,South,Gopalganj,Tamim Enterprise,0
2025-07-31,2025,Jul,North,Rajshahi,Tariq  Enterprise,52
2025-07-31,2025,Jul,South,Narail,Tazmin Enterprise,13
2025-07-31,2025,Jul,Dhaka,Dhaka,The Barik Brothers,526
2025-07-31,2025,Jul,Dhaka,Dhaka,Three Star Co-Operative Multipurpose Ltd.,0
2025-07-31,2025,Jul,South,Patuakhali,Three Star Enterprise,0
2025-07-31,2025,Jul,Dhaka,Dhaka,"Tipu and Co.( Rayerbag, Jatrabari)",12
2025-07-31,2025,Jul,South,Meherpur,Tohmina Engineering Workshop,0
2025-07-31,2025,Jul,Dhaka,Dhaka,Trendy Textiles Ltd.,19
2025-07-31,2025,Jul,North East,Mymensingh,Tripti Steel Bitan,0
2025-07-31,2025,Jul,North,Rangpur,T.S.Enterprise(Rangpur),52
2025-07-31,2025,Jul,North,Sirajganj,Ullapara Variety Store,26
2025-07-31,2025,Jul,Dhaka,Dhaka,Unified Holdings Limited,0
2025-07-31,2025,Jul,South,Jhenaidah,Unique Construction,0
2025-07-31,2025,Jul,South,Khulna,Unique International,0
2025-07-31,2025,Jul,North East,Netrokona,Vodra Traders,0
2025-07-31,2025,Jul,Dhaka,Manikganj,Wazuddin Traders,58
2025-07-31,2025,Jul,North East,Sylhet,Windsor Hotel & Resorts Ltd.,0
2025-07-31,2025,Jul,North East,Noakhali,Yeasin Traders,0
2025-07-31,2025,Jul,Dhaka,Narayanganj,York  Composite Ltd,0
2025-07-31,2025,Jul,Dhaka,Narayanganj,York Fashion Ltd.,0
2025-07-31,2025,Jul,Dhaka,Dhaka,Younus Traders,38
2025-07-31,2025,Jul,South,Bhola,Zabbar Biswas Traders,44
2025-07-31,2025,Jul,Dhaka,Dhaka,Zaman Traders ( Savar),36
2025-08-31,2025,Aug,North East,Narsingdi,3D Comet Design & Consultant,0
2025-08-31,2025,Aug,North,Lalmonirhat,Abdul Hakim,0
2025-08-31,2025,Aug,North,Tangail,Abdul Malek - Rangpur,0
2025-08-31,2025,Aug,North,Dinajpur,Abdur Rauf-Dinajpur,0
2025-08-31,2025,Aug,South,Khulna,Abdur Razzak Aziz- Khulna,92
2025-08-31,2025,Aug,South,Shariatpur,Abdus Salam Farazi,0
2025-08-31,2025,Aug,North East,Sylhet,Abdus Shohid Construction,0
2025-08-31,2025,Aug,Dhaka,Dhaka,Abir Enterprise,49
2025-08-31,2025,Aug,North,Bogura,ABK Krishi Beez Himagar,0
2025-08-31,2025,Aug,South,Pirojpur,A.B.L.Builders,0
2025-08-31,2025,Aug,North,Pabna,Abul Hossain Traders,0
2025-08-31,2025,Aug,South,Barguna,Agrani Traders,13
2025-08-31,2025,Aug,South,Khulna,Ahad Enterprise,0
2025-08-31,2025,Aug,North East,Narsingdi,Ahasan Store,0
2025-08-31,2025,Aug,North,Chapainawabganj,Ahmed Store- C. Gonj,0
2025-08-31,2025,Aug,North,Bogura,Ahmed Traders-Bogra,0
2025-08-31,2025,Aug,North,Pabna,Ahsan Trading,0
2025-08-31,2025,Aug,North East,Dhaka,AK Developers Ltd.,11
2025-08-31,2025,Aug,North East,Sylhet,A.K Enterprise (Sylhet),0
2025-08-31,2025,Aug,Dhaka,Dhaka,Akhter Traders,6
2025-08-31,2025,Aug,North,Bogura,Akkash Ali Traders,0
2025-08-31,2025,Aug,North,Bogura,Alam and Brothers,0
2025-08-31,2025,Aug,South,Patuakhali,Al-Amin Traders-Patuakhali,0
2025-08-31,2025,Aug,North,Tangail,Alam Motors,0
2025-08-31,2025,Aug,South,Faridpur,Al-Bagdad Iron Steel- Faridpur,0
2025-08-31,2025,Aug,Dhaka,Dhaka,Al Baraka Steel Corporation- Mirpur,6
2025-08-31,2025,Aug,North East,Brahmanbaria,Al Ekram Traders,0
2025-08-31,2025,Aug,North,Rangpur,Alhaj Atiar Rahman,0
2025-08-31,2025,Aug,North,Dinajpur,Al Haj Traders,0
2025-08-31,2025,Aug,North East,Feni,Al Haj Zakir Enterprise,0
2025-08-31,2025,Aug,South,Bagerhat,Allahardan Enterprise-Bagerhat,0
2025-08-31,2025,Aug,South,Satkhira,Allahardan  Hardware,0
2025-08-31,2025,Aug,South,Satkhira,Allahar Dan Iron Store,0
2025-08-31,2025,Aug,North,Rajshahi,Al Manar Steel,247
2025-08-31,2025,Aug,Dhaka,Dhaka,Aman  Steel Corporation,0
2025-08-31,2025,Aug,North East,Jamalpur,Amena Enterprise-Jamalpur,0
2025-08-31,2025,Aug,Dhaka,Dhaka,Amin and Brother,6
2025-08-31,2025,Aug,South,Bagerhat,Amin Enterprise,0
2025-08-31,2025,Aug,South,Shariatpur,Amin Store,26
2025-08-31,2025,Aug,North East,Jamalpur,Amin Traders,0
2025-08-31,2025,Aug,South,Dhaka,Aminul Islam- Kustia,0
2025-08-31,2025,Aug,North,Tangail,Anny Construction,0
2025-08-31,2025,Aug,South,Satkhira,Anowar Trading,0
2025-08-31,2025,Aug,South,Rajbari,Anupam Nirmata,0
2025-08-31,2025,Aug,South,Rajbari,Anwar Traders,13
2025-08-31,2025,Aug,Dhaka,Dhaka,Arafah Development and Builders Ltd.,0
2025-08-31,2025,Aug,Dhaka,Dhaka,Arafat Trading,0
2025-08-31,2025,Aug,South,Khulna,Arafat Trading - Khulna,0
2025-08-31,2025,Aug,Dhaka,Narayanganj,AR Building Design and Construction,17
2025-08-31,2025,Aug,Dhaka,Dhaka,A.R Corporation,5
2025-08-31,2025,Aug,North East,Dhaka,ARF Trading International,0
2025-08-31,2025,Aug,Dhaka,Gazipur,Arifa Enterprise,52
2025-08-31,2025,Aug,South,Meherpur,Arif Enterprise,0
2025-08-31,2025,Aug,North,Sirajganj,Ariful Islam Traders,0
2025-08-31,2025,Aug,Dhaka,Dhaka,Arowa Traders,813
2025-08-31,2025,Aug,North,Dhaka,A.R. Trading (Rangpur),0
2025-08-31,2025,Aug,Dhaka,Gazipur,Ashik Traders,0
2025-08-31,2025,Aug,South,Barguna,Ashraful Enterprise,0
2025-08-31,2025,Aug,North,Dinajpur,Asma Traders,0
2025-08-31,2025,Aug,North East,Cumilla,A.Wohab and Sons,0
2025-08-31,2025,Aug,North East,Feni,Ayesha Enterprise,0
2025-08-31,2025,Aug,South,Shariatpur,Azad Traders - Soriotpur,0
2025-08-31,2025,Aug,North East,Chandpur,Aziz Brothers,0
2025-08-31,2025,Aug,South,Jhenaidah,Azizul Haque,0
2025-08-31,2025,Aug,Dhaka,Dhaka,Badsha Faisal Institute Madrasha,6
2025-08-31,2025,Aug,South,Barishal,Barishal Iron House,0
2025-08-31,2025,Aug,North,Tangail,Basail Trading House,0
2025-08-31,2025,Aug,North East,Jamalpur,Bashonti Traders,0
2025-08-31,2025,Aug,North,Rangpur,Bengal and Company,52
2025-08-31,2025,Aug,South,Jashore,Bhai Bhai Enterprise,0
2025-08-31,2025,Aug,South,Madaripur,Bhai Bhai Traders - Madaripur,0
2025-08-31,2025,Aug,North,Kurigram,Bhai Bhai Trading,71
2025-08-31,2025,Aug,Dhaka,Gazipur,Bhai Bhon Enterprise,0
2025-08-31,2025,Aug,North,Tangail,Bhuiyan Traders- Mirzapur,0
2025-08-31,2025,Aug,South,Bagerhat,Bismillah Enterprise-Bagerhat,0
2025-08-31,2025,Aug,South,Magura,Bismillah Steel Corner,0
2025-08-31,2025,Aug,South,Khulna,Bismillah Steel House,0
2025-08-31,2025,Aug,Dhaka,Dhaka,Bismillah Traders-Dhaka,156
2025-08-31,2025,Aug,North East,Narsingdi,Bismillah Traders -Narsingdi,0
2025-08-31,2025,Aug,South,Satkhira,Bismillah Traders-Satkhira,0
2025-08-31,2025,Aug,North,Sirajganj,Borsha Enterprise,0
2025-08-31,2025,Aug,South,Dhaka,BRB Cable Industries Ltd. (Dr.),0
2025-08-31,2025,Aug,South,Kushtia,Bristy Traders,0
2025-08-31,2025,Aug,South,Chuadanga,Brothers Traders,13
2025-08-31,2025,Aug,Dhaka,Dhaka,Capital Builders,19
2025-08-31,2025,Aug,Dhaka,Dhaka,Capital Garden Flat Malik Samabay Samity Ltd.,9
2025-08-31,2025,Aug,South,Patuakhali,Choudhory Enterprise,0
2025-08-31,2025,Aug,South,Patuakhali,Chowa Traders,0
2025-08-31,2025,Aug,North East,Sylhet,Chowdhury Trading,0
2025-08-31,2025,Aug,North,Tangail,Chunailal Traders,0
2025-08-31,2025,Aug,North East,Mymensingh,Community Health Foundation Bangladesh,45
2025-08-31,2025,Aug,North,Tangail,Das Traders,0
2025-08-31,2025,Aug,South,Gopalganj,Delwar and Brothers - Gopalgonj,0
2025-08-31,2025,Aug,North East,Feni,Desh Agency,0
2025-08-31,2025,Aug,South,Kushtia,Dhaka Steel,91
2025-08-31,2025,Aug,North,Pabna,Dhaka Steel King,0
2025-08-31,2025,Aug,Dhaka,Gazipur,Dhaka Trade Centre,7
2025-08-31,2025,Aug,North,Naogaon,Dipak Kumar Deb,0
2025-08-31,2025,Aug,Dhaka,Dhaka,Dipti Traders,0
2025-08-31,2025,Aug,North,Pabna,D.K Traders,0
2025-08-31,2025,Aug,North East,Chandpur,Doha Traders,0
2025-08-31,2025,Aug,North,Nilphamari,DOSHMILE TRADERS,0
2025-08-31,2025,Aug,North East,Mymensingh,Dulal Traders,0
2025-08-31,2025,Aug,North,Chapainawabganj,Emdadul Haque,0
2025-08-31,2025,Aug,South,Jhenaidah,Emon Enterprise,0
2025-08-31,2025,Aug,North,Dinajpur,Eng.Md.Mohsin Ali,0
2025-08-31,2025,Aug,North East,Cumilla,Engr. Shafiqul Islam Build and Consultancy,0
2025-08-31,2025,Aug,North East,Brahmanbaria,Eng. Suman Datta,0
2025-08-31,2025,Aug,Dhaka,Gazipur,Evan Enterprise,5
2025-08-31,2025,Aug,Dhaka,Dhaka,Fakir Chan Bepari and Sons,0
2025-08-31,2025,Aug,North,Kurigram,Farhad and Brothers,26
2025-08-31,2025,Aug,Dhaka,Dhaka,Farid Enterprise,4
2025-08-31,2025,Aug,Dhaka,Manikganj,Faruk and Brothers,121
2025-08-31,2025,Aug,South,Meherpur,Faruk Enterprise - Meherpur,0
2025-08-31,2025,Aug,Dhaka,Dhaka,Feni Traders,0
2025-08-31,2025,Aug,South,Meherpur,F.K Trade,0
2025-08-31,2025,Aug,North,Dhaka,F M Trading International,0
2025-08-31,2025,Aug,North East,Noakhali,Foyez Store,0
2025-08-31,2025,Aug,North East,Chattogram,Friends International,25
2025-08-31,2025,Aug,North East,Mymensingh,F.S Enterprise,128
2025-08-31,2025,Aug,North,Thakurgaon,Gallery Traders,0
2025-08-31,2025,Aug,South,Barishal,Gangashari Traders,0
2025-08-31,2025,Aug,North,Dinajpur,Gausheyz Ventores,13
2025-08-31,2025,Aug,Dhaka,Dhaka,Gawsia Enterprise,340
2025-08-31,2025,Aug,Dhaka,Gazipur,Giash Steel,5
2025-08-31,2025,Aug,South,Barguna,GM Ikfa Enterprise,0
2025-08-31,2025,Aug,North East,Cumilla,Grameen Traders,0
2025-08-31,2025,Aug,North East,Mymensingh,Greenland Developers (Pvt.)Ltd.,6
2025-08-31,2025,Aug,South,Faridpur,Habib Enterprise (Faridpur),26
2025-08-31,2025,Aug,Dhaka,Gazipur,Haji Enterprise - Gazipur,161
2025-08-31,2025,Aug,North,Dinajpur,Hamana Traders,0
2025-08-31,2025,Aug,North,Rangpur,Hamid and Sons,0
2025-08-31,2025,Aug,South,Jashore,Hamid Traders,0
2025-08-31,2025,Aug,South,Madaripur,Hamim International,0
2025-08-31,2025,Aug,North,Chapainawabganj,Hammad and Sons,0
2025-08-31,2025,Aug,South,Chuadanga,Hannan and Brothers-Chuadanga,0
2025-08-31,2025,Aug,North,Bogura,Hannan Traders,65
2025-08-31,2025,Aug,North East,Mymensingh,Haque and Brothers,0
2025-08-31,2025,Aug,South,Bhola,Haque and Sons-Bhola,0
2025-08-31,2025,Aug,South,Jhenaidah,Haque and Sons-Jhenaidah,0
2025-08-31,2025,Aug,North,Sirajganj,Haque Iron,0
2025-08-31,2025,Aug,North,Tangail,Harun Enterprise,93
2025-08-31,2025,Aug,South,Barishal,Hawlader Iron Store,0
2025-08-31,2025,Aug,North East,Brahmanbaria,Hazi Mobarak Traders,0
2025-08-31,2025,Aug,North,Dinajpur,Hera Traders,0
2025-08-31,2025,Aug,Dhaka,Dhaka,Hobigonj Traders,80
2025-08-31,2025,Aug,North,Dhaka,Hossain Construction ( Pvt ) Ltd,0
2025-08-31,2025,Aug,North East,Kishoreganj,Hossen Bhuiyan Steel House,0
2025-08-31,2025,Aug,South,Khulna,Howlader and Company,0
2025-08-31,2025,Aug,Dhaka,Dhaka,Howlader Enterprise,152
2025-08-31,2025,Aug,South,Jhalokati,Howlader Traders-Jhalokathi,0
2025-08-31,2025,Aug,Dhaka,Dhaka,H.S Corporation,53
2025-08-31,2025,Aug,North,Gaibandha,Humayan Kabir Traders-Gaibandha,0
2025-08-31,2025,Aug,South,Kushtia,Hymo International,0
2025-08-31,2025,Aug,North,Rangpur,Imarat Trading,13
2025-08-31,2025,Aug,South,Satkhira,Imarot Trading-Satkhira,0
2025-08-31,2025,Aug,South,Faridpur,Iron and Steel House,0
2025-08-31,2025,Aug,North East,Cumilla,Islam and Sons,0
2025-08-31,2025,Aug,North,Bogura,Islam Brothers-Bogura,0
2025-08-31,2025,Aug,South,Jashore,Islam Traders-Jessore,0
2025-08-31,2025,Aug,North,Rangpur,Itusa Builders,0
2025-08-31,2025,Aug,North,Tangail,I.V Methi Traders,0
2025-08-31,2025,Aug,South,Faridpur,Jahangir Store - Faridpur,0
2025-08-31,2025,Aug,South,Satkhira,Jaman Traders,0
2025-08-31,2025,Aug,North,Dhaka,Janata Enterprise- Sirajgonj,0
2025-08-31,2025,Aug,North,Dhaka,Janata Steel and Iron House,0
2025-08-31,2025,Aug,North,Bogura,J and Ma Enterprise,0
2025-08-31,2025,Aug,South,Faridpur,Jaseka Traders,39
2025-08-31,2025,Aug,North East,Noakhali,Jashim Steel House,13
2025-08-31,2025,Aug,North,Lalmonirhat,Jerin Enterprise,0
2025-08-31,2025,Aug,North East,Kishoreganj,Jesan Traders,0
2025-08-31,2025,Aug,South,Jashore,JesminSanitary and Iron Store,14
2025-08-31,2025,Aug,South,Narail,Jhorna Enterprise,0
2025-08-31,2025,Aug,South,Khulna,Joint Enterprise,0
2025-08-31,2025,Aug,North,Tangail,Joy Joya Enterprise,77
2025-08-31,2025,Aug,South,Shariatpur,Julhas and Brothers,0
2025-08-31,2025,Aug,North,Bogura,Kabir Traders-Bogra,0
2025-08-31,2025,Aug,North East,Cumilla,Kajol Enterprise,0
2025-08-31,2025,Aug,North East,Cumilla,Kalam and Sons,0
2025-08-31,2025,Aug,Dhaka,Gazipur,Kaliakoir New Market,25
2025-08-31,2025,Aug,South,Faridpur,Kamarjani Traders,0
2025-08-31,2025,Aug,Dhaka,Gazipur,Kamrul Trading Corporation,32
2025-08-31,2025,Aug,South,Faridpur,Kamruzzaman Enterprise,0
2025-08-31,2025,Aug,South,Kushtia,Kanak Traders-Kustia,0
2025-08-31,2025,Aug,Dhaka,Gazipur,Kashem and Sons,26
2025-08-31,2025,Aug,North East,Noakhali,Kashem Traders (Noakhali),0
2025-08-31,2025,Aug,North,Kurigram,Khairul Enterprise,0
2025-08-31,2025,Aug,Dhaka,Dhaka,Khalid Trading Corporation,0
2025-08-31,2025,Aug,South,Jhalokati,Khan Builders,0
2025-08-31,2025,Aug,Dhaka,Dhaka,Khan Enterprise,253
2025-08-31,2025,Aug,North East,Lakshmipur,Khan Machineries Store,0
2025-08-31,2025,Aug,South,Khulna,Khan Traders -Khulna,33
2025-08-31,2025,Aug,South,Madaripur,Khan Traders- Madaripur,26
2025-08-31,2025,Aug,South,Madaripur,Khan Traders- Shibchor,0
2025-08-31,2025,Aug,North East,Chandpur,Khaza Variety Store,0
2025-08-31,2025,Aug,Dhaka,Gazipur,Khurshida Builders,147
2025-08-31,2025,Aug,South,Narail,King Builders,0
2025-08-31,2025,Aug,North,Rajshahi,Kismot Trading Corporation,0
2025-08-31,2025,Aug,South,Barishal,K K Enterprise,0
2025-08-31,2025,Aug,North,Dinajpur,Kobir Traders,0
2025-08-31,2025,Aug,Dhaka,Dhaka,Kolatia Traders,14
2025-08-31,2025,Aug,North East,Mymensingh,K.S. Trading,0
2025-08-31,2025,Aug,North,Dinajpur,Kumor Uddin and Sons,0
2025-08-31,2025,Aug,North,Dinajpur,Kundu Brothers,0
2025-08-31,2025,Aug,South,Faridpur,Kustia Enterprise,0
2025-08-31,2025,Aug,South,Barishal,Layla Builders,0
2025-08-31,2025,Aug,South,Patuakhali,Lila Enterprise,0
2025-08-31,2025,Aug,North,Tangail,Liton Enterprise,0
2025-08-31,2025,Aug,North,Nilphamari,L.N Trading Co.,13
2025-08-31,2025,Aug,North East,Mymensingh,Lubaba  Enterprise,0
2025-08-31,2025,Aug,North East,Sylhet,Ludhi Steel Marchant,90
2025-08-31,2025,Aug,North East,Feni,Madani Traders,27
2025-08-31,2025,Aug,South,Shariatpur,Madbor Enterprise,0
2025-08-31,2025,Aug,Dhaka,Narayanganj,Madina Corporation,0
2025-08-31,2025,Aug,North East,Netrokona,Mahabub Traders,0
2025-08-31,2025,Aug,Dhaka,Dhaka,Mahadi Design and Construction,47
2025-08-31,2025,Aug,North,Rajshahi,Mahamud Enterprise,0
2025-08-31,2025,Aug,North,Thakurgaon,Mahbub Enterprise,0
2025-08-31,2025,Aug,South,Jhenaidah,Mahir Trading,0
2025-08-31,2025,Aug,North East,Mymensingh,Mahi Traders,0
2025-08-31,2025,Aug,North,Dinajpur,Mahi Traders-Dinajpur,0
2025-08-31,2025,Aug,South,Jashore,Mahiya Kabir Corporation,0
2025-08-31,2025,Aug,North,Bogura,Mahmud Mahbub Traders,0
2025-08-31,2025,Aug,Dhaka,Dhaka,Makkah Traders,144
2025-08-31,2025,Aug,Dhaka,Gazipur,Mamun Enterprise-Gazipur,145
2025-08-31,2025,Aug,North East,Sylhet,Mamun Enterprise- Shylet,0
2025-08-31,2025,Aug,North,Pabna,Mamun Traders-Pabna,26
2025-08-31,2025,Aug,South,Kushtia,Mannan Hardware and Iron Store,0
2025-08-31,2025,Aug,Dhaka,Narayanganj,Mashin Corporation,0
2025-08-31,2025,Aug,North,Bogura,Master Traders (Shantahar),13
2025-08-31,2025,Aug,South,Barishal,Masud Enterprise,0
2025-08-31,2025,Aug,South,Madaripur,Mayer Doa Enterprise,0
2025-08-31,2025,Aug,North East,Netrokona,Mayer Doa Traders,0
2025-08-31,2025,Aug,North East,Chandpur,Md.Nasir Uddin -Chandpur,0
2025-08-31,2025,Aug,South,Bagerhat,Media Enterprise,0
2025-08-31,2025,Aug,South,Shariatpur,M H Traders,0
2025-08-31,2025,Aug,North East,Cumilla,Mili Enterprise,18
2025-08-31,2025,Aug,Dhaka,Gazipur,Mim Enterprise,25
2025-08-31,2025,Aug,Dhaka,Dhaka,Misti Enterprise,13
2025-08-31,2025,Aug,North East,Jamalpur,Mizan and Son's,0
2025-08-31,2025,Aug,South,Jhalokati,M Khan Ltd.,0
2025-08-31,2025,Aug,North East,Mymensingh,M K Traders,0
2025-08-31,2025,Aug,Dhaka,Dhaka,Modina Steel Corporation,164
2025-08-31,2025,Aug,North East,Sherpur,Mofazzal Enterprise,39
2025-08-31,2025,Aug,South,Kushtia,Mokka Enterprise- Kustia,0
2025-08-31,2025,Aug,South,Magura,Molla Banijjo Vander,13
2025-08-31,2025,Aug,North East,Cumilla,Molla Traders- Comilla,6
2025-08-31,2025,Aug,South,Jashore,Mollik Enterprise-Khulna,0
2025-08-31,2025,Aug,North,Dinajpur,Mondol Traders - Dinajpur,0
2025-08-31,2025,Aug,North,Kurigram,Mondol Traders- Kurigram,0
2025-08-31,2025,Aug,North,Sirajganj,Mondol Traders- Sirajgonj,0
2025-08-31,2025,Aug,Dhaka,Dhaka,Monir Enterprise,6
2025-08-31,2025,Aug,North,Dinajpur,Monoj Kumar Mallick,0
2025-08-31,2025,Aug,North East,Jamalpur,Morzina Steel House,0
2025-08-31,2025,Aug,South,Barishal,Moshiur Rahman Minto,0
2025-08-31,2025,Aug,North,Tangail,Mostafa Enterprise-Tangail,0
2025-08-31,2025,Aug,North,Rangpur,M.R Traders,0
2025-08-31,2025,Aug,North East,Chandpur,M/S: Tafhim Enterprise,0
2025-08-31,2025,Aug,South,Narail,M/S Abdul Hadi Traders,0
2025-08-31,2025,Aug,North,Naogaon,M/S Abdullah Traders,0
2025-08-31,2025,Aug,North,Sirajganj,M/S Abdus Samad Khan,14
2025-08-31,2025,Aug,North East,Cumilla,M/S Abedin Enterprise,0
2025-08-31,2025,Aug,South,Patuakhali,M/S. Abul Kalam Azad,0
2025-08-31,2025,Aug,North East,Narsingdi,M/S Adiat Traders,0
2025-08-31,2025,Aug,Dhaka,Dhaka,M/S Adil Enterprise,16
2025-08-31,2025,Aug,North,Pabna,M/S Adi Saha Trading,0
2025-08-31,2025,Aug,South,Satkhira,M/S. Afroz Enterprise,0
2025-08-31,2025,Aug,Dhaka,Narayanganj,M/S Alam and Sons Departmental Store,6
2025-08-31,2025,Aug,North,Nilphamari,M/S. Al Amin Traders-Nilphamary,0
2025-08-31,2025,Aug,North East,Netrokona,M/S Alam Traders,0
2025-08-31,2025,Aug,North,Dinajpur,M/S. Alhaj Traders-Dinajpur,0
2025-08-31,2025,Aug,South,Shariatpur,M/S Aliuzzaman Mir Malot,0
2025-08-31,2025,Aug,Dhaka,Gazipur,M/S Al-Madina Enterprise,0
2025-08-31,2025,Aug,South,Kushtia,M/S. Al-Nobi Hardware & Sanitary,0
2025-08-31,2025,Aug,North East,Noakhali,M/S Anisha Enterprise,13
2025-08-31,2025,Aug,North,Sirajganj,M/S Anowar Enterprise,0
2025-08-31,2025,Aug,South,Barguna,M/S. Anower Brick,0
2025-08-31,2025,Aug,Dhaka,Gazipur,M/S Arif Traders,16
2025-08-31,2025,Aug,North East,Cumilla,M/S -Ariyan Enterprise,4
2025-08-31,2025,Aug,South,Faridpur,M/S Asraf  and Sons,0
2025-08-31,2025,Aug,South,Jhenaidah,M/S. Astha Builders,0
2025-08-31,2025,Aug,South,Barguna,M/S Ayaan Traders,39
2025-08-31,2025,Aug,South,Jashore,M/S Ayesha Steel Corporation,0
2025-08-31,2025,Aug,South,Patuakhali,M/S. Azad Enterprise,0
2025-08-31,2025,Aug,South,Jashore,M/S Azim Shah Traders,13
2025-08-31,2025,Aug,North,Natore,M/S Azmir Enterprise,0
2025-08-31,2025,Aug,South,Jashore,M/S Babu Traders,14
2025-08-31,2025,Aug,South,Magura,M/S Bali Construction,0
2025-08-31,2025,Aug,South,Chuadanga,M/S. Bani Traders,0
2025-08-31,2025,Aug,Dhaka,Dhaka,M/S Bepari Traders,0
2025-08-31,2025,Aug,South,Rajbari,M/S Bepari Traders - Rajbari,0
2025-08-31,2025,Aug,Dhaka,Dhaka,M/S Bhai Bhai Traders and Engineering Works,0
2025-08-31,2025,Aug,North,Dinajpur,M/S. Bhai Bhai Traders (Dinajpur),0
2025-08-31,2025,Aug,North East,Cumilla,M/S Bhuiyan Traders-Cumilla,0
2025-08-31,2025,Aug,North East,Noakhali,M/S Bhuiyan Traders-Noakhali,0
2025-08-31,2025,Aug,North,Rangpur,M/S. Billah Traders,0
2025-08-31,2025,Aug,North East,Chandpur,MS.Billal Traders-Chandpur,0
2025-08-31,2025,Aug,North East,Mymensingh,M/S Bismillah Hardware and Glass House,0
2025-08-31,2025,Aug,North East,Kishoreganj,M/S Bismillah Traders- Bhairob,15
2025-08-31,2025,Aug,North East,Kishoreganj,M/S Bismillah Traders-Mymensing,0
2025-08-31,2025,Aug,North,Naogaon,M/S. Bismillha Traders-Naoga,0
2025-08-31,2025,Aug,South,Jhenaidah,M/S Bondhu Enterprise,91
2025-08-31,2025,Aug,North,Sherpur,M/S. Bondhu Enterprise-Bogra,0
2025-08-31,2025,Aug,South,Bhola,M/S Bushra Construction,0
2025-08-31,2025,Aug,North,Bogura,M/S. Bushra Traders,66
2025-08-31,2025,Aug,South,Jashore,M/S Chitra Trading,0
2025-08-31,2025,Aug,North,Lalmonirhat,M/s Dhorla Trading,0
2025-08-31,2025,Aug,South,Jashore,M/S. Dipro Enterprise,0
2025-08-31,2025,Aug,South,Faridpur,M/S. Durgapur Hi Tech,0
2025-08-31,2025,Aug,North East,Narsingdi,M/S Easy Builders,0
2025-08-31,2025,Aug,South,Khulna,M/S. Elina Enterprise,0
2025-08-31,2025,Aug,South,Pirojpur,M/S Emon Enterprise,15
2025-08-31,2025,Aug,North East,Dhaka,M/S. Engineer Builders,30
2025-08-31,2025,Aug,North East,Cumilla,M/S. Faisal Enterprise,0
2025-08-31,2025,Aug,South,Gopalganj,M/S Fakir and Sons,0
2025-08-31,2025,Aug,South,Satkhira,M/S Faruk Traders-Sathkhira,0
2025-08-31,2025,Aug,South,Meherpur,M/S. Fojilatun Nesha &Sons,0
2025-08-31,2025,Aug,South,Barishal,M/S Forkan Traders,0
2025-08-31,2025,Aug,South,Gopalganj,M/S Friends Enterprise,0
2025-08-31,2025,Aug,North East,Cumilla,M/S Gaji Hardware,0
2025-08-31,2025,Aug,North,Kurigram,M/S. G.M Enterprise,0
2025-08-31,2025,Aug,Dhaka,Dhaka,M/S. Hailmi Enterprise,12
2025-08-31,2025,Aug,North East,Cumilla,M/S Hanif Enterprise,0
2025-08-31,2025,Aug,Dhaka,Dhaka,M/S Haque and Hasan Traders,13
2025-08-31,2025,Aug,North East,Feni,M/S Haque Enterprise,0
2025-08-31,2025,Aug,North East,Brahmanbaria,M/S. Hasan Enterprise,0
2025-08-31,2025,Aug,South,Satkhira,M/S. Hasan Traders-Satkhira,0
2025-08-31,2025,Aug,South,Shariatpur,M/S. Hawlader Enterprise-Sariatpur,0
2025-08-31,2025,Aug,North East,Dhaka,M/S Hazi Abdul Khalique  & Son's,0
2025-08-31,2025,Aug,Dhaka,Dhaka,M/S Hazi Sarif Munshi Traders,17
2025-08-31,2025,Aug,South,Madaripur,M/S. Hazi Traders- Madaripur,0
2025-08-31,2025,Aug,North East,Jamalpur,M/S HEMENDRA CHANDRA SINGH,0
2025-08-31,2025,Aug,North East,Noakhali,M/S Hoque and Brothers (Noakhali),0
2025-08-31,2025,Aug,South,Bhola,M/S H Rahman and Sons,13
2025-08-31,2025,Aug,Dhaka,Narayanganj,M/S Ichapuri Cement House,0
2025-08-31,2025,Aug,South,Patuakhali,M/S.Islamia Traders,0
2025-08-31,2025,Aug,South,Jashore,M/S Islam Traders- Keshabpur,0
2025-08-31,2025,Aug,North,Tangail,M/S. Islam Traders- Sirajgonj,0
2025-08-31,2025,Aug,North,Naogaon,M/S. IT Construction,0
2025-08-31,2025,Aug,North East,Lakshmipur,M/S Jahir Enterprise,0
2025-08-31,2025,Aug,South,Patuakhali,M/S.Jamal Traders,0
2025-08-31,2025,Aug,North,Tangail,M/S.Jannath Enterprise,0
2025-08-31,2025,Aug,North East,Jamalpur,M/S Jibon Enterprise,0
2025-08-31,2025,Aug,North East,Jamalpur,M/S. Jibon Traders,0
2025-08-31,2025,Aug,South,Jashore,M/S Johir Enterprise,0
2025-08-31,2025,Aug,South,Meherpur,M/S Jony Enterprise -Meherpur,26
2025-08-31,2025,Aug,South,Jhenaidah,M/S Kafi Traders,0
2025-08-31,2025,Aug,South,Barguna,M/S. Kamal Enterprise,13
2025-08-31,2025,Aug,North,Panchagarh,M/S Kamlesh Traders,0
2025-08-31,2025,Aug,South,Barguna,M/S. Karim Builders,0
2025-08-31,2025,Aug,North,Tangail,M/S. Khalekujjaman Traders,0
2025-08-31,2025,Aug,South,Faridpur,M/S Khan Enterprise-Faridpur,0
2025-08-31,2025,Aug,Dhaka,Gazipur,M/S Khan Enterprise-Kaligonj,151
2025-08-31,2025,Aug,North,Dinajpur,M/S. Khan Enterprises- Dinajpur,0
2025-08-31,2025,Aug,North,Tangail,M/S Khan Traders-Tangail,0
2025-08-31,2025,Aug,South,Faridpur,M/S Khaza Traders,0
2025-08-31,2025,Aug,North East,Cumilla,M/S. Khokon Enterprise,0
2025-08-31,2025,Aug,North,Thakurgaon,M/S. Kibriya Enterprise,0
2025-08-31,2025,Aug,North East,Cumilla,M/S-Laksam Trading Corporation,80
2025-08-31,2025,Aug,Dhaka,Manikganj,M/S Latif Traders,0
2025-08-31,2025,Aug,South,Gopalganj,M/S Linkon Enterprise,13
2025-08-31,2025,Aug,North,Natore,M/s Liton Enterprise,0
2025-08-31,2025,Aug,North East,Narsingdi,M/S. Liza Traders,0
2025-08-31,2025,Aug,Dhaka,Dhaka,M/S. Maa Enterprise,57
2025-08-31,2025,Aug,South,Barishal,M/S. Mahabub Traders,14
2025-08-31,2025,Aug,Dhaka,Gazipur,M/S. Mainul Traders,52
2025-08-31,2025,Aug,North East,Brahmanbaria,M/S. Malek and Sons,0
2025-08-31,2025,Aug,North,Dhaka,M/S. Manobendro Das,0
2025-08-31,2025,Aug,Dhaka,Dhaka,M/S. Marks Trading,0
2025-08-31,2025,Aug,South,Jhalokati,M/S Mary Suppliers and Mary Bricks,0
2025-08-31,2025,Aug,South,Bhola,M/S. Masaallah Traders,0
2025-08-31,2025,Aug,North East,Cumilla,M/S.Masfalah Construction,0
2025-08-31,2025,Aug,South,Khulna,M/S. M. A Traders (Dr.),0
2025-08-31,2025,Aug,Dhaka,Gazipur,M/S Mawna Builders,3
2025-08-31,2025,Aug,North,Tangail,M/S Maya Traders,0
2025-08-31,2025,Aug,South,Satkhira,M/S. Mayer Doa Sanitary and Anwar Sheet Enterprise,0
2025-08-31,2025,Aug,North,Bogura,M/S. Mayer Doya Variety Store,0
2025-08-31,2025,Aug,Dhaka,Gazipur,M/s Midul Enterprise,73
2025-08-31,2025,Aug,South,Kushtia,M/S Mim Traders-Kustia,0
2025-08-31,2025,Aug,South,Chuadanga,M/S Mizan Traders,0
2025-08-31,2025,Aug,South,Faridpur,M/S Modina Traders,0
2025-08-31,2025,Aug,North East,Noakhali,M/S. Mokka Enterprise- Noakhali,0
2025-08-31,2025,Aug,North East,Narsingdi,M/S Mollah Enterprise-Narsingdi,0
2025-08-31,2025,Aug,North,Rajshahi,M/S. Mollah Enterprise-Rajshahi,0
2025-08-31,2025,Aug,North East,Cumilla,M/S Molla Traders-Chouddogram,6
2025-08-31,2025,Aug,South,Gopalganj,M/S Molla Traders-Gopalgonj,0
2025-08-31,2025,Aug,North,Bogura,M/S. Mondol Traders-Shibgonj,0
2025-08-31,2025,Aug,North,Tangail,M/S. Monira Enterprise,0
2025-08-31,2025,Aug,North,Dhaka,M/S Moon Traders- Sirajgonj,0
2025-08-31,2025,Aug,South,Barguna,M/S. Mridha Traders,0
2025-08-31,2025,Aug,North East,Netrokona,M/S-M.S Traders,0
2025-08-31,2025,Aug,North,Bogura,M/S. Mukta Traders,13
2025-08-31,2025,Aug,North East,Noakhali,M/S.Muldhara Trading,0
2025-08-31,2025,Aug,South,Pirojpur,M/S Nahar Enterprise- Pirojpur,0
2025-08-31,2025,Aug,South,Shariatpur,M/S Nayeem Enterprise,0
2025-08-31,2025,Aug,North,Tangail,M/S. Nazmul Enterprise,0
2025-08-31,2025,Aug,North East,Cumilla,M/S. Nazrul Traders,0
2025-08-31,2025,Aug,South,Pirojpur,M/S New Hope Traders,0
2025-08-31,2025,Aug,South,Gopalganj,M/S. New Sikder Traders,0
2025-08-31,2025,Aug,South,Satkhira,M/s Nirala Trader's,0
2025-08-31,2025,Aug,South,Madaripur,M/s Nirman,0
2025-08-31,2025,Aug,South,Barguna,M/s. Nur-E-Madina Trading,0
2025-08-31,2025,Aug,South,Faridpur,M/S Nur Mahidi Nerman Vander,26
2025-08-31,2025,Aug,South,Pirojpur,M/S Oishani Enterprise,0
2025-08-31,2025,Aug,Dhaka,Dhaka,M/S Osman Steel Corporation,0
2025-08-31,2025,Aug,North East,Lakshmipur,M/S Parvez Enterprise,0
2025-08-31,2025,Aug,North,Naogaon,M/S Parvez Trading-Naogaon,84
2025-08-31,2025,Aug,North,Dinajpur,M/S Popular Steel,0
2025-08-31,2025,Aug,South,Gopalganj,M/s Porosh Enterprise,5
2025-08-31,2025,Aug,North East,Cumilla,MS.Probashi G.I. Enterpries.,0
2025-08-31,2025,Aug,North,Dhaka,M/S. Purabi Traders,0
2025-08-31,2025,Aug,North,Pabna,M/S Rafiq Enterprise,0
2025-08-31,2025,Aug,South,Narail,M/S Rahit Ruchi Enterprise,0
2025-08-31,2025,Aug,Dhaka,Narayanganj,M/S Rahmania Enterprise,43
2025-08-31,2025,Aug,South,Chuadanga,M/S Rahman Traders,0
2025-08-31,2025,Aug,North East,Narsingdi,M/S Rahman Traders-Norsingdi,0
2025-08-31,2025,Aug,South,Jashore,M/S Raisa Enterprise,0
2025-08-31,2025,Aug,North,Thakurgaon,M/S. Raju Ceramic & Sanitary,0
2025-08-31,2025,Aug,Dhaka,Gazipur,M/S Rana Enterprise,0
2025-08-31,2025,Aug,North,Panchagarh,M/S. Rashad Traders,0
2025-08-31,2025,Aug,Dhaka,Dhaka,M/S. Rayhan Enterprise,85
2025-08-31,2025,Aug,Dhaka,Gazipur,M/S R.B Steel and Co.,18
2025-08-31,2025,Aug,North,Natore,M/S. Reza Enterprise,0
2025-08-31,2025,Aug,North,Pabna,M/S.Reza Enterprise-Pabna,0
2025-08-31,2025,Aug,North,Dinajpur,M/S Ripon Traders,0
2025-08-31,2025,Aug,South,Jashore,M/S R M Traders,0
2025-08-31,2025,Aug,North,Rangpur,M/S Rohima Traders,0
2025-08-31,2025,Aug,North,Panchagarh,M/S Rostom and Sons,0
2025-08-31,2025,Aug,North East,Cumilla,M/S. RS Hardware,0
2025-08-31,2025,Aug,North East,Noakhali,M/S Ruhul Amin Traders,0
2025-08-31,2025,Aug,Dhaka,Gazipur,M/S Sadar Builders,0
2025-08-31,2025,Aug,North,Tangail,M/S Sadia and Samia Traders,0
2025-08-31,2025,Aug,North,Panchagarh,M/S. Sadik Enterprise,0
2025-08-31,2025,Aug,South,Khulna,M/S. Safwan Corporation,0
2025-08-31,2025,Aug,North,Thakurgaon,M/S. Sahi-Imran Traders,0
2025-08-31,2025,Aug,Dhaka,Narayanganj,M/S Saif Traders,0
2025-08-31,2025,Aug,South,Madaripur,M/S Saifullah Enterprise,0
2025-08-31,2025,Aug,North,Pabna,M/S Samir Traders,13
2025-08-31,2025,Aug,South,Barishal,M/S Sazib Trading,0
2025-08-31,2025,Aug,North,Bogura,M/S Sazid Traders,13
2025-08-31,2025,Aug,South,Patuakhali,M/S.Serajul Haque,13
2025-08-31,2025,Aug,North,Rangpur,M/S. Shafi Trading,0
2025-08-31,2025,Aug,South,Faridpur,M/S Shah Farid Nirman Vander,0
2025-08-31,2025,Aug,North,Kurigram,M/S. Shaju Hardware,0
2025-08-31,2025,Aug,South,Jhenaidah,M/S Shamim Steel Corner,39
2025-08-31,2025,Aug,South,Shariatpur,M/S Shamim Traders-Sariatpur,0
2025-08-31,2025,Aug,South,Jhalokati,M/S Shampa Construction,0
2025-08-31,2025,Aug,North,Nilphamari,M/S. Sharif Construction Center,0
2025-08-31,2025,Aug,South,Gopalganj,M/S. Sharif Enterprise,20
2025-08-31,2025,Aug,South,Pirojpur,M/S. Shikder Enterprise-Pirojpur,0
2025-08-31,2025,Aug,South,Magura,M/S Shohag Enterprise-Satkhira,0
2025-08-31,2025,Aug,North,Sirajganj,M/s Shohan Iron and Steel House.,42
2025-08-31,2025,Aug,North,Thakurgaon,M/S. Shovon Traders,0
2025-08-31,2025,Aug,South,Khulna,M/S Showrov Enterprise,0
2025-08-31,2025,Aug,South,Narail,M/S. Sikdar Enterprise- Norail,0
2025-08-31,2025,Aug,North,Dinajpur,M/S. Sohidul Traders,0
2025-08-31,2025,Aug,South,Faridpur,M/S Sony Vander,0
2025-08-31,2025,Aug,North,Thakurgaon,M/S. Sulov Lauho Bitan,0
2025-08-31,2025,Aug,North,Chapainawabganj,M/S Sweet Enterprise,0
2025-08-31,2025,Aug,Dhaka,Gazipur,M/S Takhiya Enterprise,0
2025-08-31,2025,Aug,South,Gopalganj,M/S Tasnim Enterprise,0
2025-08-31,2025,Aug,North,Thakurgaon,M/S. Tin Vai Enterprise,0
2025-08-31,2025,Aug,North,Sirajganj,M/S Tisha Enterprise,0
2025-08-31,2025,Aug,South,Bagerhat,M/S Tonmoy Traders,0
2025-08-31,2025,Aug,Dhaka,Gazipur,M/S. Tosher Enterprise,10
2025-08-31,2025,Aug,North,Panchagarh,M/S Vai Vai Traders-Panchagor,0
2025-08-31,2025,Aug,South,Bhola,M/S. Yakub Traders,0
2025-08-31,2025,Aug,South,Chuadanga,M/S - Younus Hardware,0
2025-08-31,2025,Aug,South,Barishal,M/S Zakir Store,0
2025-08-31,2025,Aug,North,Rangpur,M/S. Zaman Traders-Rangpur,252
2025-08-31,2025,Aug,Dhaka,Dhaka,M/S Zam Zam Trading (Dhaka),27
2025-08-31,2025,Aug,North,Rangpur,M/S Zast Traders,0
2025-08-31,2025,Aug,South,Satkhira,M/S Zia Traders,0
2025-08-31,2025,Aug,Dhaka,Dhaka,Munshigonj Steel House,29
2025-08-31,2025,Aug,South,Jashore,M. Zaman Enterprise,0
2025-08-31,2025,Aug,South,Madaripur,Nabila Traders (Madaripur),0
2025-08-31,2025,Aug,North,Pabna,"Nabi Traders (Ishawrdi,  Pabna)",0
2025-08-31,2025,Aug,Dhaka,Dhaka,Nahar Steel,163
2025-08-31,2025,Aug,Dhaka,Dhaka,Nal Gulf Construction and Properties,0
2025-08-31,2025,Aug,North,Lalmonirhat,Narsingdi Enterprise,0
2025-08-31,2025,Aug,Dhaka,Dhaka,Nasrin Enterprise,7
2025-08-31,2025,Aug,Dhaka,Dhaka,Nation Tech Communications Limited,0
2025-08-31,2025,Aug,Dhaka,Dhaka,Nayeef Trading Corporation,21
2025-08-31,2025,Aug,North,Kurigram,Nayeem Traders (Kurigram),0
2025-08-31,2025,Aug,South,Barishal,Nayem Enterprise,0
2025-08-31,2025,Aug,South,Jashore,Nayon and Chayon,0
2025-08-31,2025,Aug,South,Jhenaidah,Nazmul Traders- Jhenaidah,0
2025-08-31,2025,Aug,North,Rangpur,Need Construction,0
2025-08-31,2025,Aug,South,Khulna,New Bengal Store,0
2025-08-31,2025,Aug,South,Dhaka,New Era Manufacturing Ltd.,0
2025-08-31,2025,Aug,South,Barishal,New Hasina Enterprise,0
2025-08-31,2025,Aug,Dhaka,Dhaka,New Sharmin Enterprise,24
2025-08-31,2025,Aug,Dhaka,Dhaka,Niloy Enterprise,11
2025-08-31,2025,Aug,Dhaka,Dhaka,Nipobon Developers Ltd.,11
2025-08-31,2025,Aug,South,Jhenaidah,Nishi Enterprise- Jhinaidah,0
2025-08-31,2025,Aug,South,Khulna,Nondi Trading Corporatin,0
2025-08-31,2025,Aug,North,Gaibandha,Northbengal Traders,0
2025-08-31,2025,Aug,South,Madaripur,Nurjahan Resourse International,0
2025-08-31,2025,Aug,North,Dinajpur,Nur Steel,0
2025-08-31,2025,Aug,South,Meherpur,Padma Enterprise,0
2025-08-31,2025,Aug,South,Gopalganj,Pal and Sons,0
2025-08-31,2025,Aug,South,Chuadanga,Palash Kumer Shaha,0
2025-08-31,2025,Aug,North,Dhaka,Palli Tower,0
2025-08-31,2025,Aug,North East,Moulvibazar,Paul Traders,0
2025-08-31,2025,Aug,Dhaka,Dhaka,Pioneer Location Ltd.,0
2025-08-31,2025,Aug,Dhaka,Dhaka,Popular Enterprise,13
2025-08-31,2025,Aug,North,Rangpur,Prince Enterprise,0
2025-08-31,2025,Aug,North,Bogura,Priti Traders (Bogra),0
2025-08-31,2025,Aug,North,Tangail,Prodhan Traders,0
2025-08-31,2025,Aug,North East,Chandpur,Rabbi Traders,0
2025-08-31,2025,Aug,North,Tangail,Rafik and Brothers - Joypurhat,0
2025-08-31,2025,Aug,North East,Jamalpur,Rahi Trade,0
2025-08-31,2025,Aug,North East,Narsingdi,Rahman Steel House,30
2025-08-31,2025,Aug,South,Shariatpur,Raju Enterprise,0
2025-08-31,2025,Aug,North,Gaibandha,Raju Traders,0
2025-08-31,2025,Aug,South,Jashore,Raju Zakir Enterprise,0
2025-08-31,2025,Aug,North East,Brahmanbaria,R. A Khan Properties,0
2025-08-31,2025,Aug,South,Narail,Rakhi Enterprise,0
2025-08-31,2025,Aug,North,Tangail,Rasel Store,0
2025-08-31,2025,Aug,South,Madaripur,Rashed Enterprise (Madaripur),0
2025-08-31,2025,Aug,South,Jashore,Razzaque Steel House,105
2025-08-31,2025,Aug,South,Patuakhali,Rema Enterprise,0
2025-08-31,2025,Aug,North East,Kishoreganj,Renu Traders,52
2025-08-31,2025,Aug,North,Bogura,Rezaul Bari (Bogra),0
2025-08-31,2025,Aug,North,Panchagarh,Riad Traders-Panchagor,0
2025-08-31,2025,Aug,South,Kushtia,R.I and Co.,0
2025-08-31,2025,Aug,North,Tangail,Riaz Uddin Traders,0
2025-08-31,2025,Aug,North,Tangail,Ridoy Enterprise- Tangail,0
2025-08-31,2025,Aug,Dhaka,Gazipur,Ridwan Traders,26
2025-08-31,2025,Aug,North,Tangail,Rina Construction,0
2025-08-31,2025,Aug,South,Khulna,Riya Trading International,0
2025-08-31,2025,Aug,North,Tangail,R. K Traders,0
2025-08-31,2025,Aug,South,Satkhira,Rofiqul and Brothers,0
2025-08-31,2025,Aug,South,Khulna,Rokeya Traders,0
2025-08-31,2025,Aug,North,Gaibandha,Rosid Traders,0
2025-08-31,2025,Aug,South,Kushtia,R. Rahman Corporation,105
2025-08-31,2025,Aug,Dhaka,Narayanganj,R.S Enterprise,162
2025-08-31,2025,Aug,South,Madaripur,R. S Enterprise-Madaripur,39
2025-08-31,2025,Aug,North East,Sherpur,Rubel Enterprise,0
2025-08-31,2025,Aug,North,Dinajpur,Rumman Traders,0
2025-08-31,2025,Aug,North,Dinajpur,Runa Enterprise,0
2025-08-31,2025,Aug,South,Barishal,Sajid and Brothers,0
2025-08-31,2025,Aug,South,Patuakhali,Sajid Enterprise- Patuakhali,0
2025-08-31,2025,Aug,South,Kushtia,Salam and Sons,104
2025-08-31,2025,Aug,South,Kushtia,Saleha Traders,104
2025-08-31,2025,Aug,South,Satkhira,Samannay Traders,0
2025-08-31,2025,Aug,North,Chapainawabganj,Sanaullah and Sons,0
2025-08-31,2025,Aug,North,Sirajganj,Sarkar Trading (Sirajgonj),0
2025-08-31,2025,Aug,North,Dinajpur,Sarker Brothers,0
2025-08-31,2025,Aug,South,Barishal,Satata Enterprise,0
2025-08-31,2025,Aug,South,Faridpur,Sathi Store,0
2025-08-31,2025,Aug,North,Pabna,S A Traders-Pabna,0
2025-08-31,2025,Aug,North East,Jamalpur,Sattar Traders,0
2025-08-31,2025,Aug,North,Rajshahi,SB Laboratories,0
2025-08-31,2025,Aug,South,Faridpur,S.B Traders - Faridpur,0
2025-08-31,2025,Aug,South,Shariatpur,Seba Trading Corporation,0
2025-08-31,2025,Aug,Dhaka,Dhaka,Selim Malik Traders,0
2025-08-31,2025,Aug,North,Panchagarh,Shaha Traders,0
2025-08-31,2025,Aug,North East,Mymensingh,Shahbuddin and Brothers,0
2025-08-31,2025,Aug,North East,Mymensingh,Shahin Enterprise,0
2025-08-31,2025,Aug,South,Jhenaidah,Shahin Traders,0
2025-08-31,2025,Aug,South,Narail,Shahin Traders - Narail,53
2025-08-31,2025,Aug,North,Rangpur,Shah Md Ashrafudulla,0
2025-08-31,2025,Aug,North East,Chandpur,Shakil Enterprise- Chandpur,0
2025-08-31,2025,Aug,South,Khulna,Shamim and Co,0
2025-08-31,2025,Aug,North East,Chandpur,Shamima Traders,0
2025-08-31,2025,Aug,South,Bhola,Shanaullah Enterprise,26
2025-08-31,2025,Aug,North,Rajshahi,Shanto Hardware,0
2025-08-31,2025,Aug,South,Khulna,Sharif and Co,0
2025-08-31,2025,Aug,South,Magura,Sharif Steel  Corner,78
2025-08-31,2025,Aug,South,Barguna,Sharmi Enterprise- Borguna,0
2025-08-31,2025,Aug,South,Gopalganj,Shawkat Hossain Mollah,0
2025-08-31,2025,Aug,North East,Mymensingh,Shayan Traders,0
2025-08-31,2025,Aug,South,Satkhira,Sheikh Brothers-Satkhira,0
2025-08-31,2025,Aug,North,Gaibandha,Shetu Traders- Gaibandha,0
2025-08-31,2025,Aug,Dhaka,Narayanganj,Shifat Enterprise-N.Ganj,43
2025-08-31,2025,Aug,South,Khulna,Shikder and Brothers,0
2025-08-31,2025,Aug,North East,Kishoreganj,Shimu Traders,0
2025-08-31,2025,Aug,South,Chuadanga,Shohag Enterprise,0
2025-08-31,2025,Aug,North,Natore,Shohug Machineries  and Traders,0
2025-08-31,2025,Aug,South,Bagerhat,Shotota Enterprise,0
2025-08-31,2025,Aug,North East,Brahmanbaria,Shuvo Enterprise (Ashuganj),0
2025-08-31,2025,Aug,South,Narail,Shuvo Enterprise - Norail,0
2025-08-31,2025,Aug,South,Jhenaidah,Siddique Cycle Store and Traders,0
2025-08-31,2025,Aug,North East,Sylhet,Siddiquey Construction,0
2025-08-31,2025,Aug,Dhaka,Dhaka,Sikder Enterprise (Keranigonj),8
2025-08-31,2025,Aug,South,Gopalganj,Sikder Traders-Goplagonj,14
2025-08-31,2025,Aug,North,Pabna,Sikder Traders (Pabna),0
2025-08-31,2025,Aug,North East,Cumilla,Silver Tiles and Sanitary,0
2025-08-31,2025,Aug,Dhaka,Dhaka,Simplex Development Ltd.,0
2025-08-31,2025,Aug,Dhaka,Manikganj,Singair Alfi Trade Link.,0
2025-08-31,2025,Aug,North,Dhaka,Sirajgonj Iron and Steel House,0
2025-08-31,2025,Aug,South,Dhaka,S.M Kamruzzaman,0
2025-08-31,2025,Aug,South,Narayanganj,Sonali Enterprise,0
2025-08-31,2025,Aug,North,Gaibandha,Sorif Traders,44
2025-08-31,2025,Aug,North,Nilphamari,Sourov Traders,13
2025-08-31,2025,Aug,North East,Jamalpur,S.R.S Construction,0
2025-08-31,2025,Aug,North,Thakurgaon,S. R. Traders,0
2025-08-31,2025,Aug,South,Bagerhat,S.R Traders -Bagerhat,0
2025-08-31,2025,Aug,South,Khulna,S. S. Syndicate,0
2025-08-31,2025,Aug,South,Satkhira,S S Traders,0
2025-08-31,2025,Aug,Dhaka,Gazipur,S T Enterprise,11
2025-08-31,2025,Aug,South,Jhenaidah,Suborna Traders,0
2025-08-31,2025,Aug,Dhaka,Gazipur,Suma Enterprise - Sofipur,52
2025-08-31,2025,Aug,South,Shariatpur,Sumon Enterprise,0
2025-08-31,2025,Aug,South,Khulna,Sumon Traders,0
2025-08-31,2025,Aug,South,Manikganj,Sundorban Hardware,0
2025-08-31,2025,Aug,North,Pabna,Swapan Traders,13
2025-08-31,2025,Aug,South,Jashore,Tahmina Enterprise,0
2025-08-31,2025,Aug,Dhaka,Gazipur,Tairunnesa Memorial Medical College,5
2025-08-31,2025,Aug,North,Thakurgaon,Tamanna Enterprise-Thakurgaon,0
2025-08-31,2025,Aug,South,Gopalganj,Tamim Enterprise,0
2025-08-31,2025,Aug,North,Rajshahi,Tariq  Enterprise,65
2025-08-31,2025,Aug,South,Narail,Tazmin Enterprise,0
2025-08-31,2025,Aug,Dhaka,Dhaka,The Barik Brothers,600
2025-08-31,2025,Aug,Dhaka,Dhaka,Three Star Co-Operative Multipurpose Ltd.,2
2025-08-31,2025,Aug,South,Patuakhali,Three Star Enterprise,0
2025-08-31,2025,Aug,Dhaka,Dhaka,"Tipu and Co.( Rayerbag, Jatrabari)",31
2025-08-31,2025,Aug,South,Meherpur,Tohmina Engineering Workshop,0
2025-08-31,2025,Aug,Dhaka,Dhaka,Trendy Textiles Ltd.,27
2025-08-31,2025,Aug,North East,Mymensingh,Tripti Steel Bitan,0
2025-08-31,2025,Aug,North,Rangpur,T.S.Enterprise(Rangpur),75
2025-08-31,2025,Aug,Dhaka,Gazipur,Turag Tower,15
2025-08-31,2025,Aug,North,Sirajganj,Ullapara Variety Store,26
2025-08-31,2025,Aug,Dhaka,Dhaka,Unified Holdings Limited,0
2025-08-31,2025,Aug,South,Jhenaidah,Unique Construction,0
2025-08-31,2025,Aug,South,Khulna,Unique International,0
2025-08-31,2025,Aug,North East,Netrokona,Vodra Traders,0
2025-08-31,2025,Aug,Dhaka,Manikganj,Wazuddin Traders,28
2025-08-31,2025,Aug,North East,Sylhet,Windsor Hotel & Resorts Ltd.,0
2025-08-31,2025,Aug,North East,Noakhali,Yeasin Traders,0
2025-08-31,2025,Aug,Dhaka,Narayanganj,York  Composite Ltd,0
2025-08-31,2025,Aug,Dhaka,Narayanganj,York Fashion Ltd.,0
2025-08-31,2025,Aug,Dhaka,Dhaka,Younus Traders,24
2025-08-31,2025,Aug,South,Bhola,Zabbar Biswas Traders,44
2025-08-31,2025,Aug,Dhaka,Dhaka,Zaman Traders ( Savar),13
2025-09-30,2025,Sep,North East,Narsingdi,3D Comet Design & Consultant,0
2025-09-30,2025,Sep,North,Lalmonirhat,Abdul Hakim,0
2025-09-30,2025,Sep,North,Tangail,Abdul Malek - Rangpur,0
2025-09-30,2025,Sep,North,Dinajpur,Abdur Rauf-Dinajpur,0
2025-09-30,2025,Sep,South,Khulna,Abdur Razzak Aziz- Khulna,152
2025-09-30,2025,Sep,South,Shariatpur,Abdus Salam Farazi,0
2025-09-30,2025,Sep,North East,Sylhet,Abdus Shohid Construction,0
2025-09-30,2025,Sep,Dhaka,Dhaka,Abir Enterprise,81
2025-09-30,2025,Sep,North,Bogura,ABK Krishi Beez Himagar,0
2025-09-30,2025,Sep,South,Pirojpur,A.B.L.Builders,0
2025-09-30,2025,Sep,North,Pabna,Abul Hossain Traders,12
2025-09-30,2025,Sep,South,Barguna,Agrani Traders,14
2025-09-30,2025,Sep,South,Khulna,Ahad Enterprise,0
2025-09-30,2025,Sep,North East,Narsingdi,Ahasan Store,0
2025-09-30,2025,Sep,North,Chapainawabganj,Ahmed Store- C. Gonj,0
2025-09-30,2025,Sep,North,Bogura,Ahmed Traders-Bogra,13
2025-09-30,2025,Sep,North,Pabna,Ahsan Trading,0
2025-09-30,2025,Sep,North East,Dhaka,AK Developers Ltd.,8
2025-09-30,2025,Sep,North East,Sylhet,A.K Enterprise (Sylhet),0
2025-09-30,2025,Sep,Dhaka,Dhaka,Akhter Traders,33
2025-09-30,2025,Sep,North,Bogura,Akkash Ali Traders,0
2025-09-30,2025,Sep,Dhaka,Dhaka,Al Aksa Jame Mosjid (Tongi),2
2025-09-30,2025,Sep,North,Bogura,Alam and Brothers,0
2025-09-30,2025,Sep,South,Patuakhali,Al-Amin Traders-Patuakhali,0
2025-09-30,2025,Sep,North,Tangail,Alam Motors,0
2025-09-30,2025,Sep,South,Faridpur,Al-Bagdad Iron Steel- Faridpur,0
2025-09-30,2025,Sep,Dhaka,Dhaka,Al Baraka Steel Corporation- Mirpur,3
2025-09-30,2025,Sep,North East,Brahmanbaria,Al Ekram Traders,0
2025-09-30,2025,Sep,North,Rangpur,Alhaj Atiar Rahman,0
2025-09-30,2025,Sep,North,Dinajpur,Al Haj Traders,0
2025-09-30,2025,Sep,North East,Feni,Al Haj Zakir Enterprise,0
2025-09-30,2025,Sep,South,Bagerhat,Allahardan Enterprise-Bagerhat,0
2025-09-30,2025,Sep,South,Satkhira,Allahardan  Hardware,0
2025-09-30,2025,Sep,South,Satkhira,Allahar Dan Iron Store,0
2025-09-30,2025,Sep,North,Rajshahi,Al Manar Steel,143
2025-09-30,2025,Sep,Dhaka,Dhaka,Aman  Steel Corporation,30
2025-09-30,2025,Sep,North East,Jamalpur,Amena Enterprise-Jamalpur,0
2025-09-30,2025,Sep,Dhaka,Dhaka,Amin and Brother,5
2025-09-30,2025,Sep,South,Bagerhat,Amin Enterprise,0
2025-09-30,2025,Sep,South,Shariatpur,Amin Store,0
2025-09-30,2025,Sep,North East,Jamalpur,Amin Traders,0
2025-09-30,2025,Sep,South,Dhaka,Aminul Islam- Kustia,0
2025-09-30,2025,Sep,North,Tangail,Anny Construction,0
2025-09-30,2025,Sep,South,Satkhira,Anowar Trading,0
2025-09-30,2025,Sep,South,Rajbari,Anupam Nirmata,20
2025-09-30,2025,Sep,South,Rajbari,Anwar Traders,13
2025-09-30,2025,Sep,Dhaka,Dhaka,Arafah Development and Builders Ltd.,0
2025-09-30,2025,Sep,Dhaka,Dhaka,Arafat Trading,52
2025-09-30,2025,Sep,South,Khulna,Arafat Trading - Khulna,0
2025-09-30,2025,Sep,Dhaka,Narayanganj,AR Building Design and Construction,6
2025-09-30,2025,Sep,Dhaka,Dhaka,A.R Corporation,58
2025-09-30,2025,Sep,North East,Dhaka,ARF Trading International,0
2025-09-30,2025,Sep,Dhaka,Gazipur,Arifa Enterprise,50
2025-09-30,2025,Sep,South,Meherpur,Arif Enterprise,0
2025-09-30,2025,Sep,North,Sirajganj,Ariful Islam Traders,0
2025-09-30,2025,Sep,Dhaka,Dhaka,Arowa Traders,739
2025-09-30,2025,Sep,North,Dhaka,A.R. Trading (Rangpur),0
2025-09-30,2025,Sep,Dhaka,Gazipur,Ashik Traders,62
2025-09-30,2025,Sep,South,Barguna,Ashraful Enterprise,0
2025-09-30,2025,Sep,North,Dinajpur,Asma Traders,0
2025-09-30,2025,Sep,North East,Cumilla,A.Wohab and Sons,0
2025-09-30,2025,Sep,North East,Feni,Ayesha Enterprise,0
2025-09-30,2025,Sep,South,Shariatpur,Azad Traders - Soriotpur,0
2025-09-30,2025,Sep,North East,Chandpur,Aziz Brothers,0
2025-09-30,2025,Sep,South,Jhenaidah,Azizul Haque,0
2025-09-30,2025,Sep,Dhaka,Dhaka,Badsha Faisal Institute Madrasha,0
2025-09-30,2025,Sep,South,Barishal,Barishal Iron House,0
2025-09-30,2025,Sep,North,Tangail,Basail Trading House,0
2025-09-30,2025,Sep,North East,Jamalpur,Bashonti Traders,0
2025-09-30,2025,Sep,Dhaka,Gazipur,Beam Fashion Ltd.,15
2025-09-30,2025,Sep,Dhaka,Dhaka,Belle Maison Developers Limited,25
2025-09-30,2025,Sep,North,Rangpur,Bengal and Company,0
2025-09-30,2025,Sep,South,Jashore,Bhai Bhai Enterprise,0
2025-09-30,2025,Sep,South,Madaripur,Bhai Bhai Traders - Madaripur,0
2025-09-30,2025,Sep,North,Kurigram,Bhai Bhai Trading,0
2025-09-30,2025,Sep,Dhaka,Gazipur,Bhai Bhon Enterprise,0
2025-09-30,2025,Sep,North,Tangail,Bhuiyan Traders- Mirzapur,0
2025-09-30,2025,Sep,South,Bagerhat,Bismillah Enterprise-Bagerhat,0
2025-09-30,2025,Sep,South,Magura,Bismillah Steel Corner,0
2025-09-30,2025,Sep,South,Khulna,Bismillah Steel House,0
2025-09-30,2025,Sep,Dhaka,Dhaka,Bismillah Traders-Dhaka,129
2025-09-30,2025,Sep,North East,Narsingdi,Bismillah Traders -Narsingdi,0
2025-09-30,2025,Sep,South,Satkhira,Bismillah Traders-Satkhira,0
2025-09-30,2025,Sep,North,Sirajganj,Borsha Enterprise,0
2025-09-30,2025,Sep,South,Dhaka,BRB Cable Industries Ltd. (Dr.),0
2025-09-30,2025,Sep,South,Kushtia,Bristy Traders,0
2025-09-30,2025,Sep,South,Chuadanga,Brothers Traders,26
2025-09-30,2025,Sep,Dhaka,Dhaka,Capital Builders,45
2025-09-30,2025,Sep,South,Patuakhali,Choudhory Enterprise,0
2025-09-30,2025,Sep,South,Patuakhali,Chowa Traders,0
2025-09-30,2025,Sep,North East,Sylhet,Chowdhury Trading,0
2025-09-30,2025,Sep,North,Tangail,Chunailal Traders,0
2025-09-30,2025,Sep,North East,Mymensingh,Community Health Foundation Bangladesh,30
2025-09-30,2025,Sep,North,Tangail,Das Traders,0
2025-09-30,2025,Sep,South,Gopalganj,Delwar and Brothers - Gopalgonj,0
2025-09-30,2025,Sep,North East,Feni,Desh Agency,0
2025-09-30,2025,Sep,South,Kushtia,Dhaka Steel,78
2025-09-30,2025,Sep,North,Pabna,Dhaka Steel King,0
2025-09-30,2025,Sep,Dhaka,Gazipur,Dhaka Trade Centre,40
2025-09-30,2025,Sep,North,Naogaon,Dipak Kumar Deb,0
2025-09-30,2025,Sep,Dhaka,Dhaka,Dipti Traders,0
2025-09-30,2025,Sep,North,Pabna,D.K Traders,52
2025-09-30,2025,Sep,North East,Chandpur,Doha Traders,13
2025-09-30,2025,Sep,North,Nilphamari,DOSHMILE TRADERS,0
2025-09-30,2025,Sep,North East,Mymensingh,Dulal Traders,0
2025-09-30,2025,Sep,North,Chapainawabganj,Emdadul Haque,0
2025-09-30,2025,Sep,South,Jhenaidah,Emon Enterprise,0
2025-09-30,2025,Sep,North,Dinajpur,Eng.Md.Mohsin Ali,0
2025-09-30,2025,Sep,North East,Cumilla,Engr. Shafiqul Islam Build and Consultancy,0
2025-09-30,2025,Sep,North East,Brahmanbaria,Eng. Suman Datta,0
2025-09-30,2025,Sep,Dhaka,Gazipur,Evan Enterprise,0
2025-09-30,2025,Sep,Dhaka,Dhaka,Fakir Chan Bepari and Sons,10
2025-09-30,2025,Sep,North,Kurigram,Farhad and Brothers,0
2025-09-30,2025,Sep,Dhaka,Dhaka,Farid Enterprise,43
2025-09-30,2025,Sep,Dhaka,Manikganj,Faruk and Brothers,75
2025-09-30,2025,Sep,South,Meherpur,Faruk Enterprise - Meherpur,0
2025-09-30,2025,Sep,Dhaka,Dhaka,Feni Traders,0
2025-09-30,2025,Sep,South,Meherpur,F.K Trade,0
2025-09-30,2025,Sep,North,Dhaka,F M Trading International,0
2025-09-30,2025,Sep,North East,Noakhali,Foyez Store,0
2025-09-30,2025,Sep,North East,Chattogram,Friends International,0
2025-09-30,2025,Sep,North East,Mymensingh,F.S Enterprise,175
2025-09-30,2025,Sep,North,Thakurgaon,Gallery Traders,0
2025-09-30,2025,Sep,South,Barishal,Gangashari Traders,0
2025-09-30,2025,Sep,North,Dinajpur,Gausheyz Ventores,13
2025-09-30,2025,Sep,Dhaka,Dhaka,Gawsia Enterprise,272
2025-09-30,2025,Sep,Dhaka,Gazipur,Giash Steel,42
2025-09-30,2025,Sep,South,Barguna,GM Ikfa Enterprise,0
2025-09-30,2025,Sep,North East,Cumilla,Grameen Traders,0
2025-09-30,2025,Sep,North East,Mymensingh,Greenland Developers (Pvt.)Ltd.,5
2025-09-30,2025,Sep,South,Faridpur,Habib Enterprise (Faridpur),26
2025-09-30,2025,Sep,Dhaka,Gazipur,Haji Enterprise - Gazipur,0
2025-09-30,2025,Sep,North,Dinajpur,Hamana Traders,0
2025-09-30,2025,Sep,North,Rangpur,Hamid and Sons,0
2025-09-30,2025,Sep,South,Jashore,Hamid Traders,0
2025-09-30,2025,Sep,South,Madaripur,Hamim International,0
2025-09-30,2025,Sep,North,Chapainawabganj,Hammad and Sons,0
2025-09-30,2025,Sep,South,Chuadanga,Hannan and Brothers-Chuadanga,0
2025-09-30,2025,Sep,North,Bogura,Hannan Traders,52
2025-09-30,2025,Sep,North East,Mymensingh,Haque and Brothers,0
2025-09-30,2025,Sep,South,Bhola,Haque and Sons-Bhola,0
2025-09-30,2025,Sep,South,Jhenaidah,Haque and Sons-Jhenaidah,0
2025-09-30,2025,Sep,North,Sirajganj,Haque Iron,0
2025-09-30,2025,Sep,North,Tangail,Harun Enterprise,230
2025-09-30,2025,Sep,South,Barishal,Hawlader Iron Store,0
2025-09-30,2025,Sep,North East,Brahmanbaria,Hazi Mobarak Traders,0
2025-09-30,2025,Sep,North,Dinajpur,Hera Traders,0
2025-09-30,2025,Sep,Dhaka,Dhaka,Hobigonj Traders,22
2025-09-30,2025,Sep,North,Dhaka,Hossain Construction ( Pvt ) Ltd,0
2025-09-30,2025,Sep,North East,Kishoreganj,Hossen Bhuiyan Steel House,0
2025-09-30,2025,Sep,South,Khulna,Howlader and Company,0
2025-09-30,2025,Sep,Dhaka,Dhaka,Howlader Enterprise,93
2025-09-30,2025,Sep,South,Jhalokati,Howlader Traders-Jhalokathi,0
2025-09-30,2025,Sep,Dhaka,Dhaka,H.S Corporation,0
2025-09-30,2025,Sep,North,Gaibandha,Humayan Kabir Traders-Gaibandha,0
2025-09-30,2025,Sep,South,Kushtia,Hymo International,0
2025-09-30,2025,Sep,North,Rangpur,Imarat Trading,13
2025-09-30,2025,Sep,South,Satkhira,Imarot Trading-Satkhira,0
2025-09-30,2025,Sep,South,Faridpur,Iron and Steel House,0
2025-09-30,2025,Sep,North East,Cumilla,Islam and Sons,0
2025-09-30,2025,Sep,North,Bogura,Islam Brothers-Bogura,0
2025-09-30,2025,Sep,South,Jashore,Islam Traders-Jessore,0
2025-09-30,2025,Sep,North,Rangpur,Itusa Builders,0
2025-09-30,2025,Sep,North,Tangail,I.V Methi Traders,0
2025-09-30,2025,Sep,South,Faridpur,Jahangir Store - Faridpur,0
2025-09-30,2025,Sep,South,Satkhira,Jaman Traders,0
2025-09-30,2025,Sep,North,Dhaka,Janata Enterprise- Sirajgonj,0
2025-09-30,2025,Sep,North,Dhaka,Janata Steel and Iron House,0
2025-09-30,2025,Sep,North,Bogura,J and Ma Enterprise,0
2025-09-30,2025,Sep,South,Faridpur,Jaseka Traders,79
2025-09-30,2025,Sep,North East,Noakhali,Jashim Steel House,0
2025-09-30,2025,Sep,North,Lalmonirhat,Jerin Enterprise,0
2025-09-30,2025,Sep,North East,Kishoreganj,Jesan Traders,0
2025-09-30,2025,Sep,South,Jashore,JesminSanitary and Iron Store,14
2025-09-30,2025,Sep,South,Narail,Jhorna Enterprise,0
2025-09-30,2025,Sep,South,Khulna,Joint Enterprise,0
2025-09-30,2025,Sep,North,Tangail,Joy Joya Enterprise,104
2025-09-30,2025,Sep,South,Shariatpur,Julhas and Brothers,0
2025-09-30,2025,Sep,North,Bogura,Kabir Traders-Bogra,0
2025-09-30,2025,Sep,North East,Cumilla,Kajol Enterprise,0
2025-09-30,2025,Sep,North East,Cumilla,Kalam and Sons,0
2025-09-30,2025,Sep,Dhaka,Gazipur,Kaliakoir New Market,50
2025-09-30,2025,Sep,South,Faridpur,Kamarjani Traders,0
2025-09-30,2025,Sep,Dhaka,Gazipur,Kamrul Trading Corporation,28
2025-09-30,2025,Sep,South,Faridpur,Kamruzzaman Enterprise,0
2025-09-30,2025,Sep,South,Kushtia,Kanak Traders-Kustia,0
2025-09-30,2025,Sep,Dhaka,Gazipur,Kashem and Sons,39
2025-09-30,2025,Sep,North East,Noakhali,Kashem Traders (Noakhali),0
2025-09-30,2025,Sep,North,Kurigram,Khairul Enterprise,0
2025-09-30,2025,Sep,Dhaka,Dhaka,Khalid Trading Corporation,40
2025-09-30,2025,Sep,South,Jhalokati,Khan Builders,0
2025-09-30,2025,Sep,Dhaka,Dhaka,Khan Enterprise,250
2025-09-30,2025,Sep,North East,Lakshmipur,Khan Machineries Store,0
2025-09-30,2025,Sep,South,Khulna,Khan Traders -Khulna,0
2025-09-30,2025,Sep,South,Madaripur,Khan Traders- Madaripur,0
2025-09-30,2025,Sep,South,Madaripur,Khan Traders- Shibchor,0
2025-09-30,2025,Sep,North East,Chandpur,Khaza Variety Store,0
2025-09-30,2025,Sep,Dhaka,Gazipur,Khurshida Builders,148
2025-09-30,2025,Sep,South,Narail,King Builders,0
2025-09-30,2025,Sep,North,Rajshahi,Kismot Trading Corporation,0
2025-09-30,2025,Sep,South,Barishal,K K Enterprise,0
2025-09-30,2025,Sep,North,Dinajpur,Kobir Traders,0
2025-09-30,2025,Sep,North East,Mymensingh,K.S. Trading,0
2025-09-30,2025,Sep,North,Dinajpur,Kumor Uddin and Sons,0
2025-09-30,2025,Sep,North,Dinajpur,Kundu Brothers,0
2025-09-30,2025,Sep,South,Faridpur,Kustia Enterprise,0
2025-09-30,2025,Sep,South,Barishal,Layla Builders,0
2025-09-30,2025,Sep,South,Patuakhali,Lila Enterprise,0
2025-09-30,2025,Sep,North,Tangail,Liton Enterprise,0
2025-09-30,2025,Sep,North,Nilphamari,L.N Trading Co.,78
2025-09-30,2025,Sep,North East,Mymensingh,Lubaba  Enterprise,0
2025-09-30,2025,Sep,North East,Sylhet,Ludhi Steel Marchant,283
2025-09-30,2025,Sep,North East,Feni,Madani Traders,78
2025-09-30,2025,Sep,South,Shariatpur,Madbor Enterprise,0
2025-09-30,2025,Sep,Dhaka,Narayanganj,Madina Corporation,0
2025-09-30,2025,Sep,North East,Netrokona,Mahabub Traders,0
2025-09-30,2025,Sep,Dhaka,Dhaka,Mahadi Design and Construction,11
2025-09-30,2025,Sep,North,Rajshahi,Mahamud Enterprise,0
2025-09-30,2025,Sep,North,Thakurgaon,Mahbub Enterprise,0
2025-09-30,2025,Sep,South,Jhenaidah,Mahir Trading,0
2025-09-30,2025,Sep,North East,Mymensingh,Mahi Traders,0
2025-09-30,2025,Sep,North,Dinajpur,Mahi Traders-Dinajpur,0
2025-09-30,2025,Sep,South,Jashore,Mahiya Kabir Corporation,59
2025-09-30,2025,Sep,North,Bogura,Mahmud Mahbub Traders,0
2025-09-30,2025,Sep,Dhaka,Dhaka,Makkah Traders,52
2025-09-30,2025,Sep,Dhaka,Gazipur,Mamun Enterprise-Gazipur,31
2025-09-30,2025,Sep,North East,Sylhet,Mamun Enterprise- Shylet,0
2025-09-30,2025,Sep,North,Pabna,Mamun Traders-Pabna,53
2025-09-30,2025,Sep,South,Kushtia,Mannan Hardware and Iron Store,0
2025-09-30,2025,Sep,Dhaka,Narayanganj,Mashin Corporation,0
2025-09-30,2025,Sep,North,Bogura,Master Traders (Shantahar),26
2025-09-30,2025,Sep,South,Barishal,Masud Enterprise,0
2025-09-30,2025,Sep,South,Madaripur,Mayer Doa Enterprise,39
2025-09-30,2025,Sep,North East,Netrokona,Mayer Doa Traders,0
2025-09-30,2025,Sep,North East,Chandpur,Md.Nasir Uddin -Chandpur,20
2025-09-30,2025,Sep,South,Bagerhat,Media Enterprise,0
2025-09-30,2025,Sep,South,Shariatpur,M H Traders,0
2025-09-30,2025,Sep,North East,Cumilla,Mili Enterprise,10
2025-09-30,2025,Sep,Dhaka,Gazipur,Mim Enterprise,53
2025-09-30,2025,Sep,Dhaka,Dhaka,Misti Enterprise,13
2025-09-30,2025,Sep,North East,Jamalpur,Mizan and Son's,0
2025-09-30,2025,Sep,South,Jhalokati,M Khan Ltd.,0
2025-09-30,2025,Sep,North East,Mymensingh,M K Traders,0
2025-09-30,2025,Sep,Dhaka,Dhaka,Modina Steel Corporation,187
2025-09-30,2025,Sep,North East,Sherpur,Mofazzal Enterprise,40
2025-09-30,2025,Sep,South,Kushtia,Mokka Enterprise- Kustia,0
2025-09-30,2025,Sep,South,Magura,Molla Banijjo Vander,26
2025-09-30,2025,Sep,North East,Cumilla,Molla Traders- Comilla,13
2025-09-30,2025,Sep,South,Jashore,Mollik Enterprise-Khulna,0
2025-09-30,2025,Sep,North,Dinajpur,Mondol Traders - Dinajpur,0
2025-09-30,2025,Sep,North,Kurigram,Mondol Traders- Kurigram,0
2025-09-30,2025,Sep,North,Sirajganj,Mondol Traders- Sirajgonj,0
2025-09-30,2025,Sep,Dhaka,Dhaka,Monir Enterprise,0
2025-09-30,2025,Sep,North,Dinajpur,Monoj Kumar Mallick,0
2025-09-30,2025,Sep,North East,Jamalpur,Morzina Steel House,0
2025-09-30,2025,Sep,South,Barishal,Moshiur Rahman Minto,0
2025-09-30,2025,Sep,North,Tangail,Mostafa Enterprise-Tangail,0
2025-09-30,2025,Sep,North,Rangpur,M.R Traders,0
2025-09-30,2025,Sep,North East,Chandpur,M/S: Tafhim Enterprise,0
2025-09-30,2025,Sep,South,Narail,M/S Abdul Hadi Traders,0
2025-09-30,2025,Sep,North,Naogaon,M/S Abdullah Traders,0
2025-09-30,2025,Sep,North,Sirajganj,M/S Abdus Samad Khan,26
2025-09-30,2025,Sep,North East,Cumilla,M/S Abedin Enterprise,0
2025-09-30,2025,Sep,South,Patuakhali,M/S. Abul Kalam Azad,14
2025-09-30,2025,Sep,North East,Narsingdi,M/S Adiat Traders,0
2025-09-30,2025,Sep,Dhaka,Dhaka,M/S Adil Enterprise,11
2025-09-30,2025,Sep,North,Pabna,M/S Adi Saha Trading,0
2025-09-30,2025,Sep,South,Satkhira,M/S. Afroz Enterprise,0
2025-09-30,2025,Sep,North,Nilphamari,M/S. Al Amin Traders-Nilphamary,0
2025-09-30,2025,Sep,North East,Netrokona,M/S Alam Traders,0
2025-09-30,2025,Sep,North,Dinajpur,M/S. Alhaj Traders-Dinajpur,0
2025-09-30,2025,Sep,South,Shariatpur,M/S Aliuzzaman Mir Malot,0
2025-09-30,2025,Sep,Dhaka,Gazipur,M/S Al-Madina Enterprise,0
2025-09-30,2025,Sep,South,Kushtia,M/S. Al-Nobi Hardware & Sanitary,0
2025-09-30,2025,Sep,North East,Noakhali,M/S Anisha Enterprise,0
2025-09-30,2025,Sep,North,Sirajganj,M/S Anowar Enterprise,0
2025-09-30,2025,Sep,South,Barguna,M/S. Anower Brick,0
2025-09-30,2025,Sep,Dhaka,Gazipur,M/S Arif Traders,18
2025-09-30,2025,Sep,North East,Cumilla,M/S -Ariyan Enterprise,0
2025-09-30,2025,Sep,South,Faridpur,M/S Asraf  and Sons,0
2025-09-30,2025,Sep,South,Jhenaidah,M/S. Astha Builders,0
2025-09-30,2025,Sep,South,Barguna,M/S Ayaan Traders,40
2025-09-30,2025,Sep,South,Jashore,M/S Ayesha Steel Corporation,0
2025-09-30,2025,Sep,South,Patuakhali,M/S. Azad Enterprise,0
2025-09-30,2025,Sep,South,Jashore,M/S Azim Shah Traders,46
2025-09-30,2025,Sep,North,Natore,M/S Azmir Enterprise,0
2025-09-30,2025,Sep,South,Jashore,M/S Babu Traders,0
2025-09-30,2025,Sep,South,Magura,M/S Bali Construction,0
2025-09-30,2025,Sep,South,Chuadanga,M/S. Bani Traders,0
2025-09-30,2025,Sep,Dhaka,Dhaka,M/S Bepari Traders,0
2025-09-30,2025,Sep,South,Rajbari,M/S Bepari Traders - Rajbari,0
2025-09-30,2025,Sep,Dhaka,Dhaka,M/S Bhai Bhai Traders and Engineering Works,0
2025-09-30,2025,Sep,North,Dinajpur,M/S. Bhai Bhai Traders (Dinajpur),0
2025-09-30,2025,Sep,North East,Cumilla,M/S Bhuiyan Traders-Cumilla,0
2025-09-30,2025,Sep,North East,Noakhali,M/S Bhuiyan Traders-Noakhali,0
2025-09-30,2025,Sep,North,Rangpur,M/S. Billah Traders,0
2025-09-30,2025,Sep,North East,Chandpur,MS.Billal Traders-Chandpur,0
2025-09-30,2025,Sep,North East,Mymensingh,M/S Bismillah Hardware and Glass House,0
2025-09-30,2025,Sep,North East,Kishoreganj,M/S Bismillah Traders- Bhairob,26
2025-09-30,2025,Sep,North East,Kishoreganj,M/S Bismillah Traders-Mymensing,0
2025-09-30,2025,Sep,North,Naogaon,M/S. Bismillha Traders-Naoga,0
2025-09-30,2025,Sep,South,Jhenaidah,M/S Bondhu Enterprise,150
2025-09-30,2025,Sep,North,Sherpur,M/S. Bondhu Enterprise-Bogra,0
2025-09-30,2025,Sep,South,Bhola,M/S Bushra Construction,0
2025-09-30,2025,Sep,North,Bogura,M/S. Bushra Traders,264
2025-09-30,2025,Sep,South,Jashore,M/S Chitra Trading,26
2025-09-30,2025,Sep,North,Lalmonirhat,M/s Dhorla Trading,0
2025-09-30,2025,Sep,South,Jashore,M/S. Dipro Enterprise,20
2025-09-30,2025,Sep,South,Faridpur,M/S. Durgapur Hi Tech,0
2025-09-30,2025,Sep,North East,Narsingdi,M/S Easy Builders,0
2025-09-30,2025,Sep,South,Khulna,M/S. Elina Enterprise,0
2025-09-30,2025,Sep,South,Pirojpur,M/S Emon Enterprise,0
2025-09-30,2025,Sep,North East,Dhaka,M/S. Engineer Builders,30
2025-09-30,2025,Sep,North East,Cumilla,M/S. Faisal Enterprise,0
2025-09-30,2025,Sep,South,Gopalganj,M/S Fakir and Sons,0
2025-09-30,2025,Sep,South,Satkhira,M/S Faruk Traders-Sathkhira,0
2025-09-30,2025,Sep,South,Meherpur,M/S. Fojilatun Nesha &Sons,0
2025-09-30,2025,Sep,South,Barishal,M/S Forkan Traders,0
2025-09-30,2025,Sep,South,Gopalganj,M/S Friends Enterprise,0
2025-09-30,2025,Sep,North East,Cumilla,M/S Gaji Hardware,0
2025-09-30,2025,Sep,North,Kurigram,M/S. G.M Enterprise,0
2025-09-30,2025,Sep,Dhaka,Dhaka,M/S. Hailmi Enterprise,0
2025-09-30,2025,Sep,North East,Cumilla,M/S Hanif Enterprise,0
2025-09-30,2025,Sep,Dhaka,Dhaka,M/S Haque and Hasan Traders,4
2025-09-30,2025,Sep,North East,Feni,M/S Haque Enterprise,0
2025-09-30,2025,Sep,North East,Brahmanbaria,M/S. Hasan Enterprise,0
2025-09-30,2025,Sep,South,Satkhira,M/S. Hasan Traders-Satkhira,0
2025-09-30,2025,Sep,South,Shariatpur,M/S. Hawlader Enterprise-Sariatpur,0
2025-09-30,2025,Sep,North East,Dhaka,M/S Hazi Abdul Khalique  & Son's,0
2025-09-30,2025,Sep,Dhaka,Dhaka,M/S Hazi Sarif Munshi Traders,13
2025-09-30,2025,Sep,South,Madaripur,M/S. Hazi Traders- Madaripur,0
2025-09-30,2025,Sep,North East,Jamalpur,M/S HEMENDRA CHANDRA SINGH,0
2025-09-30,2025,Sep,North East,Noakhali,M/S Hoque and Brothers (Noakhali),0
2025-09-30,2025,Sep,South,Bhola,M/S H Rahman and Sons,26
2025-09-30,2025,Sep,Dhaka,Narayanganj,M/S Ichapuri Cement House,0
2025-09-30,2025,Sep,South,Patuakhali,M/S.Islamia Traders,0
2025-09-30,2025,Sep,South,Jashore,M/S Islam Traders- Keshabpur,0
2025-09-30,2025,Sep,North,Tangail,M/S. Islam Traders- Sirajgonj,0
2025-09-30,2025,Sep,North,Naogaon,M/S. IT Construction,0
2025-09-30,2025,Sep,North East,Lakshmipur,M/S Jahir Enterprise,0
2025-09-30,2025,Sep,South,Patuakhali,M/S.Jamal Traders,0
2025-09-30,2025,Sep,North,Tangail,M/S.Jannath Enterprise,0
2025-09-30,2025,Sep,North East,Jamalpur,M/S Jibon Enterprise,0
2025-09-30,2025,Sep,North East,Jamalpur,M/S. Jibon Traders,0
2025-09-30,2025,Sep,South,Jashore,M/S Johir Enterprise,0
2025-09-30,2025,Sep,South,Meherpur,M/S Jony Enterprise -Meherpur,13
2025-09-30,2025,Sep,South,Jhenaidah,M/S Kafi Traders,0
2025-09-30,2025,Sep,South,Barguna,M/S. Kamal Enterprise,0
2025-09-30,2025,Sep,North,Panchagarh,M/S Kamlesh Traders,0
2025-09-30,2025,Sep,South,Barguna,M/S. Karim Builders,0
2025-09-30,2025,Sep,North,Tangail,M/S. Khalekujjaman Traders,0
2025-09-30,2025,Sep,South,Faridpur,M/S Khan Enterprise-Faridpur,0
2025-09-30,2025,Sep,Dhaka,Gazipur,M/S Khan Enterprise-Kaligonj,139
2025-09-30,2025,Sep,North,Dinajpur,M/S. Khan Enterprises- Dinajpur,0
2025-09-30,2025,Sep,North,Tangail,M/S Khan Traders-Tangail,13
2025-09-30,2025,Sep,South,Faridpur,M/S Khaza Traders,20
2025-09-30,2025,Sep,North East,Cumilla,M/S. Khokon Enterprise,0
2025-09-30,2025,Sep,North,Thakurgaon,M/S. Kibriya Enterprise,0
2025-09-30,2025,Sep,North East,Cumilla,M/S-Laksam Trading Corporation,94
2025-09-30,2025,Sep,Dhaka,Manikganj,M/S Latif Traders,0
2025-09-30,2025,Sep,South,Gopalganj,M/S Linkon Enterprise,0
2025-09-30,2025,Sep,North,Natore,M/s Liton Enterprise,0
2025-09-30,2025,Sep,North East,Narsingdi,M/S. Liza Traders,0
2025-09-30,2025,Sep,Dhaka,Dhaka,M/S. Maa Enterprise,14
2025-09-30,2025,Sep,South,Barishal,M/S. Mahabub Traders,13
2025-09-30,2025,Sep,Dhaka,Gazipur,M/S. Mainul Traders,69
2025-09-30,2025,Sep,North East,Brahmanbaria,M/S. Malek and Sons,0
2025-09-30,2025,Sep,North,Dhaka,M/S. Manobendro Das,0
2025-09-30,2025,Sep,Dhaka,Dhaka,M/S. Marks Trading,0
2025-09-30,2025,Sep,South,Jhalokati,M/S Mary Suppliers and Mary Bricks,14
2025-09-30,2025,Sep,South,Bhola,M/S. Masaallah Traders,0
2025-09-30,2025,Sep,North East,Cumilla,M/S.Masfalah Construction,0
2025-09-30,2025,Sep,Dhaka,Dhaka,M/S Master Enterprise (Savar),4
2025-09-30,2025,Sep,South,Khulna,M/S. M. A Traders (Dr.),0
2025-09-30,2025,Sep,Dhaka,Gazipur,M/S Mawna Builders,75
2025-09-30,2025,Sep,North,Tangail,M/S Maya Traders,0
2025-09-30,2025,Sep,South,Satkhira,M/S. Mayer Doa Sanitary and Anwar Sheet Enterprise,0
2025-09-30,2025,Sep,North,Bogura,M/S. Mayer Doya Variety Store,0
2025-09-30,2025,Sep,Dhaka,Gazipur,M/s Midul Enterprise,47
2025-09-30,2025,Sep,South,Kushtia,M/S Mim Traders-Kustia,0
2025-09-30,2025,Sep,South,Chuadanga,M/S Mizan Traders,0
2025-09-30,2025,Sep,South,Faridpur,M/S Modina Traders,0
2025-09-30,2025,Sep,North East,Noakhali,M/S. Mokka Enterprise- Noakhali,0
2025-09-30,2025,Sep,North East,Narsingdi,M/S Mollah Enterprise-Narsingdi,0
2025-09-30,2025,Sep,North,Rajshahi,M/S. Mollah Enterprise-Rajshahi,0
2025-09-30,2025,Sep,North East,Cumilla,M/S Molla Traders-Chouddogram,6
2025-09-30,2025,Sep,South,Gopalganj,M/S Molla Traders-Gopalgonj,0
2025-09-30,2025,Sep,North,Bogura,M/S. Mondol Traders-Shibgonj,0
2025-09-30,2025,Sep,North,Tangail,M/S. Monira Enterprise,0
2025-09-30,2025,Sep,North,Dhaka,M/S Moon Traders- Sirajgonj,0
2025-09-30,2025,Sep,South,Barguna,M/S. Mridha Traders,0
2025-09-30,2025,Sep,North East,Netrokona,M/S-M.S Traders,0
2025-09-30,2025,Sep,North,Bogura,M/S. Mukta Traders,42
2025-09-30,2025,Sep,North East,Noakhali,M/S.Muldhara Trading,0
2025-09-30,2025,Sep,South,Pirojpur,M/S Nahar Enterprise- Pirojpur,0
2025-09-30,2025,Sep,South,Shariatpur,M/S Nayeem Enterprise,0
2025-09-30,2025,Sep,North,Tangail,M/S. Nazmul Enterprise,0
2025-09-30,2025,Sep,North East,Cumilla,M/S. Nazrul Traders,0
2025-09-30,2025,Sep,South,Pirojpur,M/S New Hope Traders,0
2025-09-30,2025,Sep,South,Gopalganj,M/S. New Sikder Traders,0
2025-09-30,2025,Sep,South,Satkhira,M/s Nirala Trader's,0
2025-09-30,2025,Sep,South,Madaripur,M/s Nirman,0
2025-09-30,2025,Sep,South,Barguna,M/s. Nur-E-Madina Trading,0
2025-09-30,2025,Sep,South,Faridpur,M/S Nur Mahidi Nerman Vander,45
2025-09-30,2025,Sep,South,Pirojpur,M/S Oishani Enterprise,0
2025-09-30,2025,Sep,Dhaka,Dhaka,M/S Osman Steel Corporation,0
2025-09-30,2025,Sep,North East,Lakshmipur,M/S Parvez Enterprise,0
2025-09-30,2025,Sep,North,Naogaon,M/S Parvez Trading-Naogaon,98
2025-09-30,2025,Sep,North,Dinajpur,M/S Popular Steel,0
2025-09-30,2025,Sep,South,Gopalganj,M/s Porosh Enterprise,26
2025-09-30,2025,Sep,North East,Cumilla,MS.Probashi G.I. Enterpries.,0
2025-09-30,2025,Sep,North,Dhaka,M/S. Purabi Traders,0
2025-09-30,2025,Sep,North,Pabna,M/S Rafiq Enterprise,0
2025-09-30,2025,Sep,South,Narail,M/S Rahit Ruchi Enterprise,0
2025-09-30,2025,Sep,Dhaka,Narayanganj,M/S Rahmania Enterprise,26
2025-09-30,2025,Sep,South,Chuadanga,M/S Rahman Traders,0
2025-09-30,2025,Sep,North East,Narsingdi,M/S Rahman Traders-Norsingdi,0
2025-09-30,2025,Sep,South,Jashore,M/S Raisa Enterprise,0
2025-09-30,2025,Sep,North,Thakurgaon,M/S. Raju Ceramic & Sanitary,0
2025-09-30,2025,Sep,Dhaka,Gazipur,M/S Rana Enterprise,3
2025-09-30,2025,Sep,North,Panchagarh,M/S. Rashad Traders,0
2025-09-30,2025,Sep,Dhaka,Dhaka,M/S. Rayhan Enterprise,75
2025-09-30,2025,Sep,Dhaka,Gazipur,M/S R.B Steel and Co.,115
2025-09-30,2025,Sep,North,Natore,M/S. Reza Enterprise,0
2025-09-30,2025,Sep,North,Pabna,M/S.Reza Enterprise-Pabna,0
2025-09-30,2025,Sep,North,Dinajpur,M/S Ripon Traders,0
2025-09-30,2025,Sep,South,Jashore,M/S R M Traders,0
2025-09-30,2025,Sep,North,Rangpur,M/S Rohima Traders,0
2025-09-30,2025,Sep,North,Panchagarh,M/S Rostom and Sons,0
2025-09-30,2025,Sep,North East,Cumilla,M/S. RS Hardware,0
2025-09-30,2025,Sep,North East,Noakhali,M/S Ruhul Amin Traders,0
2025-09-30,2025,Sep,Dhaka,Gazipur,M/S Sadar Builders,20
2025-09-30,2025,Sep,North,Tangail,M/S Sadia and Samia Traders,0
2025-09-30,2025,Sep,North,Panchagarh,M/S. Sadik Enterprise,0
2025-09-30,2025,Sep,South,Khulna,M/S. Safwan Corporation,0
2025-09-30,2025,Sep,North,Thakurgaon,M/S. Sahi-Imran Traders,0
2025-09-30,2025,Sep,Dhaka,Narayanganj,M/S Saif Traders,20
2025-09-30,2025,Sep,South,Madaripur,M/S Saifullah Enterprise,20
2025-09-30,2025,Sep,North,Pabna,M/S Samir Traders,26
2025-09-30,2025,Sep,South,Barishal,M/S Sazib Trading,0
2025-09-30,2025,Sep,North,Bogura,M/S Sazid Traders,0
2025-09-30,2025,Sep,South,Patuakhali,M/S.Serajul Haque,0
2025-09-30,2025,Sep,North,Rangpur,M/S. Shafi Trading,0
2025-09-30,2025,Sep,South,Faridpur,M/S Shah Farid Nirman Vander,0
2025-09-30,2025,Sep,North,Kurigram,M/S. Shaju Hardware,0
2025-09-30,2025,Sep,South,Jhenaidah,M/S Shamim Steel Corner,39
2025-09-30,2025,Sep,South,Shariatpur,M/S Shamim Traders-Sariatpur,0
2025-09-30,2025,Sep,South,Jhalokati,M/S Shampa Construction,0
2025-09-30,2025,Sep,North,Nilphamari,M/S. Sharif Construction Center,0
2025-09-30,2025,Sep,South,Gopalganj,M/S. Sharif Enterprise,0
2025-09-30,2025,Sep,South,Pirojpur,M/S. Shikder Enterprise-Pirojpur,0
2025-09-30,2025,Sep,South,Magura,M/S Shohag Enterprise-Satkhira,0
2025-09-30,2025,Sep,North,Sirajganj,M/s Shohan Iron and Steel House.,56
2025-09-30,2025,Sep,North,Thakurgaon,M/S. Shovon Traders,0
2025-09-30,2025,Sep,South,Khulna,M/S Showrov Enterprise,0
2025-09-30,2025,Sep,South,Narail,M/S. Sikdar Enterprise- Norail,13
2025-09-30,2025,Sep,North,Dinajpur,M/S. Sohidul Traders,0
2025-09-30,2025,Sep,South,Faridpur,M/S Sony Vander,0
2025-09-30,2025,Sep,North,Thakurgaon,M/S. Sulov Lauho Bitan,0
2025-09-30,2025,Sep,North,Chapainawabganj,M/S Sweet Enterprise,0
2025-09-30,2025,Sep,Dhaka,Gazipur,M/S Takhiya Enterprise,39
2025-09-30,2025,Sep,South,Gopalganj,M/S Tasnim Enterprise,0
2025-09-30,2025,Sep,North,Thakurgaon,M/S. Tin Vai Enterprise,0
2025-09-30,2025,Sep,North,Sirajganj,M/S Tisha Enterprise,0
2025-09-30,2025,Sep,South,Bagerhat,M/S Tonmoy Traders,0
2025-09-30,2025,Sep,Dhaka,Gazipur,M/S. Tosher Enterprise,40
2025-09-30,2025,Sep,North,Panchagarh,M/S Vai Vai Traders-Panchagor,0
2025-09-30,2025,Sep,South,Bhola,M/S. Yakub Traders,0
2025-09-30,2025,Sep,South,Chuadanga,M/S - Younus Hardware,13
2025-09-30,2025,Sep,South,Barishal,M/S Zakir Store,0
2025-09-30,2025,Sep,North,Rangpur,M/S. Zaman Traders-Rangpur,186
2025-09-30,2025,Sep,Dhaka,Dhaka,M/S Zam Zam Trading (Dhaka),16
2025-09-30,2025,Sep,North,Rangpur,M/S Zast Traders,0
2025-09-30,2025,Sep,South,Satkhira,M/S Zia Traders,0
2025-09-30,2025,Sep,Dhaka,Dhaka,Munshigonj Steel House,67
2025-09-30,2025,Sep,South,Jashore,M. Zaman Enterprise,0
2025-09-30,2025,Sep,South,Madaripur,Nabila Traders (Madaripur),0
2025-09-30,2025,Sep,North,Pabna,"Nabi Traders (Ishawrdi,  Pabna)",0
2025-09-30,2025,Sep,Dhaka,Dhaka,Nahar Steel,80
2025-09-30,2025,Sep,Dhaka,Dhaka,Nal Gulf Construction and Properties,0
2025-09-30,2025,Sep,North,Lalmonirhat,Narsingdi Enterprise,0
2025-09-30,2025,Sep,Dhaka,Dhaka,Nasrin Enterprise,0
2025-09-30,2025,Sep,Dhaka,Dhaka,Nation Tech Communications Limited,0
2025-09-30,2025,Sep,Dhaka,Dhaka,Nayeef Trading Corporation,0
2025-09-30,2025,Sep,North,Kurigram,Nayeem Traders (Kurigram),0
2025-09-30,2025,Sep,South,Barishal,Nayem Enterprise,0
2025-09-30,2025,Sep,South,Jashore,Nayon and Chayon,0
2025-09-30,2025,Sep,South,Jhenaidah,Nazmul Traders- Jhenaidah,39
2025-09-30,2025,Sep,North,Rangpur,Need Construction,0
2025-09-30,2025,Sep,South,Khulna,New Bengal Store,0
2025-09-30,2025,Sep,South,Dhaka,New Era Manufacturing Ltd.,0
2025-09-30,2025,Sep,South,Barishal,New Hasina Enterprise,0
2025-09-30,2025,Sep,Dhaka,Dhaka,New Sharmin Enterprise,0
2025-09-30,2025,Sep,Dhaka,Dhaka,Niloy Enterprise,0
2025-09-30,2025,Sep,South,Jhenaidah,Nishi Enterprise- Jhinaidah,0
2025-09-30,2025,Sep,South,Khulna,Nondi Trading Corporatin,0
2025-09-30,2025,Sep,North,Gaibandha,Northbengal Traders,0
2025-09-30,2025,Sep,South,Madaripur,Nurjahan Resourse International,0
2025-09-30,2025,Sep,North,Dinajpur,Nur Steel,0
2025-09-30,2025,Sep,South,Meherpur,Padma Enterprise,0
2025-09-30,2025,Sep,South,Gopalganj,Pal and Sons,0
2025-09-30,2025,Sep,South,Chuadanga,Palash Kumer Shaha,0
2025-09-30,2025,Sep,North,Dhaka,Palli Tower,0
2025-09-30,2025,Sep,North East,Moulvibazar,Paul Traders,0
2025-09-30,2025,Sep,Dhaka,Dhaka,Pioneer Location Ltd.,0
2025-09-30,2025,Sep,Dhaka,Dhaka,Popular Enterprise,13
2025-09-30,2025,Sep,North,Rangpur,Prince Enterprise,0
2025-09-30,2025,Sep,North,Bogura,Priti Traders (Bogra),0
2025-09-30,2025,Sep,North,Tangail,Prodhan Traders,0
2025-09-30,2025,Sep,North East,Chandpur,Rabbi Traders,0
2025-09-30,2025,Sep,North,Tangail,Rafik and Brothers - Joypurhat,0
2025-09-30,2025,Sep,North East,Jamalpur,Rahi Trade,0
2025-09-30,2025,Sep,North East,Narsingdi,Rahman Steel House,55
2025-09-30,2025,Sep,South,Shariatpur,Raju Enterprise,0
2025-09-30,2025,Sep,North,Gaibandha,Raju Traders,0
2025-09-30,2025,Sep,South,Jashore,Raju Zakir Enterprise,0
2025-09-30,2025,Sep,North East,Brahmanbaria,R. A Khan Properties,0
2025-09-30,2025,Sep,South,Narail,Rakhi Enterprise,0
2025-09-30,2025,Sep,North,Tangail,Rasel Store,0
2025-09-30,2025,Sep,South,Madaripur,Rashed Enterprise (Madaripur),0
2025-09-30,2025,Sep,South,Jashore,Razzaque Steel House,117
2025-09-30,2025,Sep,South,Patuakhali,Rema Enterprise,13
2025-09-30,2025,Sep,North East,Kishoreganj,Renu Traders,26
2025-09-30,2025,Sep,North,Bogura,Rezaul Bari (Bogra),0
2025-09-30,2025,Sep,North,Panchagarh,Riad Traders-Panchagor,0
2025-09-30,2025,Sep,South,Kushtia,R.I and Co.,0
2025-09-30,2025,Sep,North,Tangail,Riaz Uddin Traders,0
2025-09-30,2025,Sep,North,Tangail,Ridoy Enterprise- Tangail,0
2025-09-30,2025,Sep,Dhaka,Gazipur,Ridwan Traders,18
2025-09-30,2025,Sep,North,Tangail,Rina Construction,0
2025-09-30,2025,Sep,South,Khulna,Riya Trading International,0
2025-09-30,2025,Sep,North,Tangail,R. K Traders,0
2025-09-30,2025,Sep,South,Satkhira,Rofiqul and Brothers,0
2025-09-30,2025,Sep,South,Khulna,Rokeya Traders,0
2025-09-30,2025,Sep,North,Gaibandha,Rosid Traders,0
2025-09-30,2025,Sep,South,Kushtia,R. Rahman Corporation,120
2025-09-30,2025,Sep,Dhaka,Narayanganj,R.S Enterprise,118
2025-09-30,2025,Sep,South,Madaripur,R. S Enterprise-Madaripur,13
2025-09-30,2025,Sep,North East,Sherpur,Rubel Enterprise,0
2025-09-30,2025,Sep,North,Dinajpur,Rumman Traders,0
2025-09-30,2025,Sep,North,Dinajpur,Runa Enterprise,0
2025-09-30,2025,Sep,South,Barishal,Sajid and Brothers,0
2025-09-30,2025,Sep,South,Patuakhali,Sajid Enterprise- Patuakhali,0
2025-09-30,2025,Sep,South,Kushtia,Salam and Sons,26
2025-09-30,2025,Sep,South,Kushtia,Saleha Traders,156
2025-09-30,2025,Sep,South,Satkhira,Samannay Traders,0
2025-09-30,2025,Sep,North,Chapainawabganj,Sanaullah and Sons,0
2025-09-30,2025,Sep,North,Sirajganj,Sarkar Trading (Sirajgonj),27
2025-09-30,2025,Sep,North,Dinajpur,Sarker Brothers,0
2025-09-30,2025,Sep,South,Barishal,Satata Enterprise,0
2025-09-30,2025,Sep,South,Faridpur,Sathi Store,0
2025-09-30,2025,Sep,North,Pabna,S A Traders-Pabna,0
2025-09-30,2025,Sep,North East,Jamalpur,Sattar Traders,0
2025-09-30,2025,Sep,North,Rajshahi,SB Laboratories,0
2025-09-30,2025,Sep,South,Faridpur,S.B Traders - Faridpur,0
2025-09-30,2025,Sep,South,Shariatpur,Seba Trading Corporation,0
2025-09-30,2025,Sep,Dhaka,Dhaka,Selim Malik Traders,0
2025-09-30,2025,Sep,North,Panchagarh,Shaha Traders,0
2025-09-30,2025,Sep,North East,Mymensingh,Shahbuddin and Brothers,0
2025-09-30,2025,Sep,North East,Mymensingh,Shahin Enterprise,0
2025-09-30,2025,Sep,South,Jhenaidah,Shahin Traders,0
2025-09-30,2025,Sep,South,Narail,Shahin Traders - Narail,56
2025-09-30,2025,Sep,North,Rangpur,Shah Md Ashrafudulla,0
2025-09-30,2025,Sep,North East,Chandpur,Shakil Enterprise- Chandpur,0
2025-09-30,2025,Sep,South,Khulna,Shamim and Co,0
2025-09-30,2025,Sep,North East,Chandpur,Shamima Traders,0
2025-09-30,2025,Sep,South,Bhola,Shanaullah Enterprise,0
2025-09-30,2025,Sep,North,Rajshahi,Shanto Hardware,0
2025-09-30,2025,Sep,South,Khulna,Sharif and Co,0
2025-09-30,2025,Sep,South,Magura,Sharif Steel  Corner,13
2025-09-30,2025,Sep,South,Barguna,Sharmi Enterprise- Borguna,0
2025-09-30,2025,Sep,South,Gopalganj,Shawkat Hossain Mollah,0
2025-09-30,2025,Sep,North East,Mymensingh,Shayan Traders,0
2025-09-30,2025,Sep,South,Satkhira,Sheikh Brothers-Satkhira,0
2025-09-30,2025,Sep,North,Gaibandha,Shetu Traders- Gaibandha,0
2025-09-30,2025,Sep,Dhaka,Narayanganj,Shifat Enterprise-N.Ganj,39
2025-09-30,2025,Sep,South,Khulna,Shikder and Brothers,0
2025-09-30,2025,Sep,North East,Kishoreganj,Shimu Traders,0
2025-09-30,2025,Sep,South,Chuadanga,Shohag Enterprise,0
2025-09-30,2025,Sep,North,Natore,Shohug Machineries  and Traders,0
2025-09-30,2025,Sep,South,Bagerhat,Shotota Enterprise,0
2025-09-30,2025,Sep,North East,Brahmanbaria,Shuvo Enterprise (Ashuganj),0
2025-09-30,2025,Sep,South,Narail,Shuvo Enterprise - Norail,0
2025-09-30,2025,Sep,South,Jhenaidah,Siddique Cycle Store and Traders,0
2025-09-30,2025,Sep,North East,Sylhet,Siddiquey Construction,26
2025-09-30,2025,Sep,Dhaka,Dhaka,Sikder Enterprise (Keranigonj),10
2025-09-30,2025,Sep,South,Gopalganj,Sikder Traders-Goplagonj,0
2025-09-30,2025,Sep,North,Pabna,Sikder Traders (Pabna),39
2025-09-30,2025,Sep,North East,Cumilla,Silver Tiles and Sanitary,0
2025-09-30,2025,Sep,Dhaka,Dhaka,Simplex Development Ltd.,7
2025-09-30,2025,Sep,Dhaka,Manikganj,Singair Alfi Trade Link.,0
2025-09-30,2025,Sep,North,Dhaka,Sirajgonj Iron and Steel House,0
2025-09-30,2025,Sep,South,Dhaka,S.M Kamruzzaman,0
2025-09-30,2025,Sep,South,Narayanganj,Sonali Enterprise,0
2025-09-30,2025,Sep,North,Gaibandha,Sorif Traders,42
2025-09-30,2025,Sep,North,Nilphamari,Sourov Traders,13
2025-09-30,2025,Sep,North East,Jamalpur,S.R.S Construction,0
2025-09-30,2025,Sep,North,Thakurgaon,S. R. Traders,0
2025-09-30,2025,Sep,South,Bagerhat,S.R Traders -Bagerhat,0
2025-09-30,2025,Sep,South,Khulna,S. S. Syndicate,0
2025-09-30,2025,Sep,South,Satkhira,S S Traders,0
2025-09-30,2025,Sep,Dhaka,Gazipur,S T Enterprise,118
2025-09-30,2025,Sep,South,Jhenaidah,Suborna Traders,0
2025-09-30,2025,Sep,Dhaka,Gazipur,Suma Enterprise - Sofipur,25
2025-09-30,2025,Sep,South,Shariatpur,Sumon Enterprise,0
2025-09-30,2025,Sep,South,Khulna,Sumon Traders,0
2025-09-30,2025,Sep,South,Manikganj,Sundorban Hardware,0
2025-09-30,2025,Sep,North,Pabna,Swapan Traders,13
2025-09-30,2025,Sep,South,Jashore,Tahmina Enterprise,0
2025-09-30,2025,Sep,Dhaka,Gazipur,Tairunnesa Memorial Medical College,23
2025-09-30,2025,Sep,North,Thakurgaon,Tamanna Enterprise-Thakurgaon,0
2025-09-30,2025,Sep,South,Gopalganj,Tamim Enterprise,0
2025-09-30,2025,Sep,North,Rajshahi,Tariq  Enterprise,26
2025-09-30,2025,Sep,South,Narail,Tazmin Enterprise,13
2025-09-30,2025,Sep,Dhaka,Dhaka,The Barik Brothers,453
2025-09-30,2025,Sep,Dhaka,Dhaka,Three Star Co-Operative Multipurpose Ltd.,3
2025-09-30,2025,Sep,South,Patuakhali,Three Star Enterprise,0
2025-09-30,2025,Sep,Dhaka,Dhaka,"Tipu and Co.( Rayerbag, Jatrabari)",26
2025-09-30,2025,Sep,South,Meherpur,Tohmina Engineering Workshop,0
2025-09-30,2025,Sep,Dhaka,Dhaka,Trendy Textiles Ltd.,0
2025-09-30,2025,Sep,North East,Mymensingh,Tripti Steel Bitan,0
2025-09-30,2025,Sep,North,Rangpur,T.S.Enterprise(Rangpur),57
2025-09-30,2025,Sep,North,Sirajganj,Ullapara Variety Store,26
2025-09-30,2025,Sep,Dhaka,Dhaka,Unified Holdings Limited,0
2025-09-30,2025,Sep,South,Jhenaidah,Unique Construction,0
2025-09-30,2025,Sep,South,Khulna,Unique International,0
2025-09-30,2025,Sep,North East,Netrokona,Vodra Traders,0
2025-09-30,2025,Sep,Dhaka,Manikganj,Wazuddin Traders,46
2025-09-30,2025,Sep,North East,Sylhet,Windsor Hotel & Resorts Ltd.,0
2025-09-30,2025,Sep,North East,Noakhali,Yeasin Traders,65
2025-09-30,2025,Sep,Dhaka,Narayanganj,York  Composite Ltd,0
2025-09-30,2025,Sep,Dhaka,Narayanganj,York Fashion Ltd.,0
2025-09-30,2025,Sep,Dhaka,Dhaka,Younus Traders,6
2025-09-30,2025,Sep,South,Bhola,Zabbar Biswas Traders,26
2025-09-30,2025,Sep,Dhaka,Dhaka,Zaman Traders ( Savar),58
2025-10-31,2025,Oct,North East,Narsingdi,3D Comet Design & Consultant,0
2025-10-31,2025,Oct,North,Lalmonirhat,Abdul Hakim,0
2025-10-31,2025,Oct,North,Tangail,Abdul Malek - Rangpur,0
2025-10-31,2025,Oct,North,Dinajpur,Abdur Rauf-Dinajpur,0
2025-10-31,2025,Oct,South,Khulna,Abdur Razzak Aziz- Khulna,173
2025-10-31,2025,Oct,South,Shariatpur,Abdus Salam Farazi,0
2025-10-31,2025,Oct,North East,Sylhet,Abdus Shohid Construction,15
2025-10-31,2025,Oct,Dhaka,Dhaka,Abir Enterprise,134
2025-10-31,2025,Oct,North,Bogura,ABK Krishi Beez Himagar,0
2025-10-31,2025,Oct,South,Pirojpur,A.B.L.Builders,0
2025-10-31,2025,Oct,North,Pabna,Abul Hossain Traders,0
2025-10-31,2025,Oct,South,Barguna,Agrani Traders,0
2025-10-31,2025,Oct,South,Khulna,Ahad Enterprise,0
2025-10-31,2025,Oct,North East,Narsingdi,Ahasan Store,0
2025-10-31,2025,Oct,North,Chapainawabganj,Ahmed Store- C. Gonj,0
2025-10-31,2025,Oct,North,Bogura,Ahmed Traders-Bogra,9
2025-10-31,2025,Oct,North,Pabna,Ahsan Trading,0
2025-10-31,2025,Oct,North East,Dhaka,AK Developers Ltd.,0
2025-10-31,2025,Oct,North East,Sylhet,A.K Enterprise (Sylhet),0
2025-10-31,2025,Oct,Dhaka,Dhaka,Akhter Traders,18
2025-10-31,2025,Oct,North,Bogura,Akkash Ali Traders,0
2025-10-31,2025,Oct,North,Bogura,Alam and Brothers,0
2025-10-31,2025,Oct,South,Patuakhali,Al-Amin Traders-Patuakhali,0
2025-10-31,2025,Oct,North,Tangail,Alam Motors,0
2025-10-31,2025,Oct,South,Faridpur,Al-Bagdad Iron Steel- Faridpur,0
2025-10-31,2025,Oct,Dhaka,Dhaka,Al Baraka Steel Corporation- Mirpur,5
2025-10-31,2025,Oct,North East,Brahmanbaria,Al Ekram Traders,0
2025-10-31,2025,Oct,North,Rangpur,Alhaj Atiar Rahman,0
2025-10-31,2025,Oct,North,Dinajpur,Al Haj Traders,13
2025-10-31,2025,Oct,North East,Feni,Al Haj Zakir Enterprise,0
2025-10-31,2025,Oct,South,Bagerhat,Allahardan Enterprise-Bagerhat,0
2025-10-31,2025,Oct,South,Satkhira,Allahardan  Hardware,0
2025-10-31,2025,Oct,South,Satkhira,Allahar Dan Iron Store,0
2025-10-31,2025,Oct,North,Rajshahi,Al Manar Steel,326
2025-10-31,2025,Oct,Dhaka,Dhaka,Aman  Steel Corporation,81
2025-10-31,2025,Oct,North East,Jamalpur,Amena Enterprise-Jamalpur,0
2025-10-31,2025,Oct,Dhaka,Dhaka,Amin and Brother,5
2025-10-31,2025,Oct,South,Bagerhat,Amin Enterprise,0
2025-10-31,2025,Oct,South,Shariatpur,Amin Store,0
2025-10-31,2025,Oct,North East,Jamalpur,Amin Traders,0
2025-10-31,2025,Oct,South,Dhaka,Aminul Islam- Kustia,0
2025-10-31,2025,Oct,North,Tangail,Anny Construction,0
2025-10-31,2025,Oct,South,Satkhira,Anowar Trading,0
2025-10-31,2025,Oct,South,Rajbari,Anupam Nirmata,0
2025-10-31,2025,Oct,South,Rajbari,Anwar Traders,20
2025-10-31,2025,Oct,Dhaka,Dhaka,Arafah Development and Builders Ltd.,0
2025-10-31,2025,Oct,Dhaka,Dhaka,Arafat Trading,0
2025-10-31,2025,Oct,South,Khulna,Arafat Trading - Khulna,0
2025-10-31,2025,Oct,Dhaka,Narayanganj,AR Building Design and Construction,23
2025-10-31,2025,Oct,Dhaka,Dhaka,A.R Corporation,103
2025-10-31,2025,Oct,North East,Dhaka,ARF Trading International,0
2025-10-31,2025,Oct,Dhaka,Gazipur,Arifa Enterprise,25
2025-10-31,2025,Oct,South,Meherpur,Arif Enterprise,0
2025-10-31,2025,Oct,North,Sirajganj,Ariful Islam Traders,0
2025-10-31,2025,Oct,Dhaka,Dhaka,Arowa Traders,778
2025-10-31,2025,Oct,North,Dhaka,A.R. Trading (Rangpur),0
2025-10-31,2025,Oct,Dhaka,Gazipur,Ashik Traders,0
2025-10-31,2025,Oct,South,Barguna,Ashraful Enterprise,0
2025-10-31,2025,Oct,North,Dinajpur,Asma Traders,0
2025-10-31,2025,Oct,North East,Cumilla,A.Wohab and Sons,0
2025-10-31,2025,Oct,North East,Feni,Ayesha Enterprise,0
2025-10-31,2025,Oct,South,Shariatpur,Azad Traders - Soriotpur,0
2025-10-31,2025,Oct,North East,Chandpur,Aziz Brothers,0
2025-10-31,2025,Oct,South,Jhenaidah,Azizul Haque,0
2025-10-31,2025,Oct,Dhaka,Dhaka,Badsha Faisal Institute Madrasha,17
2025-10-31,2025,Oct,South,Barishal,Barishal Iron House,0
2025-10-31,2025,Oct,North,Tangail,Basail Trading House,0
2025-10-31,2025,Oct,North East,Jamalpur,Bashonti Traders,0
2025-10-31,2025,Oct,North,Rangpur,Bengal and Company,0
2025-10-31,2025,Oct,South,Jashore,Bhai Bhai Enterprise,0
2025-10-31,2025,Oct,South,Madaripur,Bhai Bhai Traders - Madaripur,0
2025-10-31,2025,Oct,North,Kurigram,Bhai Bhai Trading,0
2025-10-31,2025,Oct,Dhaka,Gazipur,Bhai Bhon Enterprise,0
2025-10-31,2025,Oct,North,Tangail,Bhuiyan Traders- Mirzapur,6
2025-10-31,2025,Oct,South,Bagerhat,Bismillah Enterprise-Bagerhat,0
2025-10-31,2025,Oct,South,Magura,Bismillah Steel Corner,0
2025-10-31,2025,Oct,South,Khulna,Bismillah Steel House,0
2025-10-31,2025,Oct,Dhaka,Dhaka,Bismillah Traders-Dhaka,242
2025-10-31,2025,Oct,North East,Narsingdi,Bismillah Traders -Narsingdi,0
2025-10-31,2025,Oct,South,Satkhira,Bismillah Traders-Satkhira,0
2025-10-31,2025,Oct,North,Sirajganj,Borsha Enterprise,0
2025-10-31,2025,Oct,South,Dhaka,BRB Cable Industries Ltd. (Dr.),0
2025-10-31,2025,Oct,South,Kushtia,Bristy Traders,0
2025-10-31,2025,Oct,South,Chuadanga,Brothers Traders,52
2025-10-31,2025,Oct,Dhaka,Dhaka,Capital Builders,79
2025-10-31,2025,Oct,South,Patuakhali,Choudhory Enterprise,0
2025-10-31,2025,Oct,South,Patuakhali,Chowa Traders,0
2025-10-31,2025,Oct,North East,Sylhet,Chowdhury Trading,0
2025-10-31,2025,Oct,North,Tangail,Chunailal Traders,0
2025-10-31,2025,Oct,North East,Mymensingh,Community Health Foundation Bangladesh,30
2025-10-31,2025,Oct,North,Tangail,Das Traders,0
2025-10-31,2025,Oct,South,Gopalganj,Delwar and Brothers - Gopalgonj,0
2025-10-31,2025,Oct,North East,Feni,Desh Agency,0
2025-10-31,2025,Oct,South,Kushtia,Dhaka Steel,39
2025-10-31,2025,Oct,North,Pabna,Dhaka Steel King,26
2025-10-31,2025,Oct,Dhaka,Gazipur,Dhaka Trade Centre,19
2025-10-31,2025,Oct,North,Naogaon,Dipak Kumar Deb,0
2025-10-31,2025,Oct,Dhaka,Dhaka,Dipti Traders,13
2025-10-31,2025,Oct,North,Pabna,D.K Traders,0
2025-10-31,2025,Oct,North East,Chandpur,Doha Traders,8
2025-10-31,2025,Oct,North,Nilphamari,DOSHMILE TRADERS,0
2025-10-31,2025,Oct,North East,Mymensingh,Dulal Traders,0
2025-10-31,2025,Oct,North,Chapainawabganj,Emdadul Haque,0
2025-10-31,2025,Oct,South,Jhenaidah,Emon Enterprise,13
2025-10-31,2025,Oct,North,Dinajpur,Eng.Md.Mohsin Ali,0
2025-10-31,2025,Oct,North East,Cumilla,Engr. Shafiqul Islam Build and Consultancy,0
2025-10-31,2025,Oct,North East,Brahmanbaria,Eng. Suman Datta,0
2025-10-31,2025,Oct,Dhaka,Gazipur,Evan Enterprise,0
2025-10-31,2025,Oct,Dhaka,Dhaka,Fakir Chan Bepari and Sons,0
2025-10-31,2025,Oct,North,Kurigram,Farhad and Brothers,13
2025-10-31,2025,Oct,Dhaka,Dhaka,Farid Enterprise,25
2025-10-31,2025,Oct,Dhaka,Manikganj,Faruk and Brothers,131
2025-10-31,2025,Oct,South,Meherpur,Faruk Enterprise - Meherpur,0
2025-10-31,2025,Oct,Dhaka,Dhaka,Feni Traders,0
2025-10-31,2025,Oct,South,Meherpur,F.K Trade,0
2025-10-31,2025,Oct,North,Dhaka,F M Trading International,0
2025-10-31,2025,Oct,North East,Noakhali,Foyez Store,0
2025-10-31,2025,Oct,North East,Chattogram,Friends International,0
2025-10-31,2025,Oct,North East,Mymensingh,F.S Enterprise,61
2025-10-31,2025,Oct,North,Thakurgaon,Gallery Traders,0
2025-10-31,2025,Oct,South,Barishal,Gangashari Traders,0
2025-10-31,2025,Oct,North,Dinajpur,Gausheyz Ventores,13
2025-10-31,2025,Oct,Dhaka,Dhaka,Gawsia Enterprise,352
2025-10-31,2025,Oct,Dhaka,Gazipur,Giash Steel,79
2025-10-31,2025,Oct,South,Barguna,GM Ikfa Enterprise,0
2025-10-31,2025,Oct,North East,Cumilla,Grameen Traders,0
2025-10-31,2025,Oct,North East,Mymensingh,Greenland Developers (Pvt.)Ltd.,0
2025-10-31,2025,Oct,South,Faridpur,Habib Enterprise (Faridpur),70
2025-10-31,2025,Oct,Dhaka,Gazipur,Haji Enterprise - Gazipur,12
2025-10-31,2025,Oct,North,Dinajpur,Hamana Traders,0
2025-10-31,2025,Oct,North,Rangpur,Hamid and Sons,0
2025-10-31,2025,Oct,South,Jashore,Hamid Traders,0
2025-10-31,2025,Oct,South,Madaripur,Hamim International,0
2025-10-31,2025,Oct,North,Chapainawabganj,Hammad and Sons,0
2025-10-31,2025,Oct,South,Chuadanga,Hannan and Brothers-Chuadanga,0
2025-10-31,2025,Oct,North,Bogura,Hannan Traders,13
2025-10-31,2025,Oct,North East,Mymensingh,Haque and Brothers,0
2025-10-31,2025,Oct,South,Bhola,Haque and Sons-Bhola,0
2025-10-31,2025,Oct,South,Jhenaidah,Haque and Sons-Jhenaidah,0
2025-10-31,2025,Oct,North,Sirajganj,Haque Iron,0
2025-10-31,2025,Oct,North,Tangail,Harun Enterprise,193
2025-10-31,2025,Oct,South,Barishal,Hawlader Iron Store,0
2025-10-31,2025,Oct,North East,Brahmanbaria,Hazi Mobarak Traders,0
2025-10-31,2025,Oct,North,Dinajpur,Hera Traders,0
2025-10-31,2025,Oct,Dhaka,Dhaka,Hobigonj Traders,43
2025-10-31,2025,Oct,North,Dhaka,Hossain Construction ( Pvt ) Ltd,0
2025-10-31,2025,Oct,North East,Kishoreganj,Hossen Bhuiyan Steel House,0
2025-10-31,2025,Oct,South,Khulna,Howlader and Company,0
2025-10-31,2025,Oct,Dhaka,Dhaka,Howlader Enterprise,107
2025-10-31,2025,Oct,South,Jhalokati,Howlader Traders-Jhalokathi,0
2025-10-31,2025,Oct,Dhaka,Dhaka,H.S Corporation,52
2025-10-31,2025,Oct,North,Gaibandha,Humayan Kabir Traders-Gaibandha,0
2025-10-31,2025,Oct,South,Kushtia,Hymo International,0
2025-10-31,2025,Oct,North,Rangpur,Imarat Trading,52
2025-10-31,2025,Oct,South,Satkhira,Imarot Trading-Satkhira,0
2025-10-31,2025,Oct,Dhaka,Dhaka,Inheritance Development Ltd.,6
2025-10-31,2025,Oct,South,Faridpur,Iron and Steel House,0
2025-10-31,2025,Oct,North East,Cumilla,Islam and Sons,0
2025-10-31,2025,Oct,North,Bogura,Islam Brothers-Bogura,0
2025-10-31,2025,Oct,South,Jashore,Islam Traders-Jessore,0
2025-10-31,2025,Oct,North,Rangpur,Itusa Builders,0
2025-10-31,2025,Oct,North,Tangail,I.V Methi Traders,0
2025-10-31,2025,Oct,South,Faridpur,Jahangir Store - Faridpur,0
2025-10-31,2025,Oct,South,Satkhira,Jaman Traders,0
2025-10-31,2025,Oct,North,Dhaka,Janata Enterprise- Sirajgonj,0
2025-10-31,2025,Oct,North,Dhaka,Janata Steel and Iron House,0
2025-10-31,2025,Oct,North,Bogura,J and Ma Enterprise,0
2025-10-31,2025,Oct,South,Faridpur,Jaseka Traders,72
2025-10-31,2025,Oct,North East,Noakhali,Jashim Steel House,7
2025-10-31,2025,Oct,North,Lalmonirhat,Jerin Enterprise,0
2025-10-31,2025,Oct,North East,Kishoreganj,Jesan Traders,0
2025-10-31,2025,Oct,South,Jashore,JesminSanitary and Iron Store,15
2025-10-31,2025,Oct,South,Narail,Jhorna Enterprise,0
2025-10-31,2025,Oct,South,Khulna,Joint Enterprise,0
2025-10-31,2025,Oct,North,Tangail,Joy Joya Enterprise,90
2025-10-31,2025,Oct,South,Shariatpur,Julhas and Brothers,0
2025-10-31,2025,Oct,North,Bogura,Kabir Traders-Bogra,0
2025-10-31,2025,Oct,North East,Cumilla,Kajol Enterprise,13
2025-10-31,2025,Oct,North East,Cumilla,Kalam and Sons,0
2025-10-31,2025,Oct,Dhaka,Gazipur,Kaliakoir New Market,25
2025-10-31,2025,Oct,South,Faridpur,Kamarjani Traders,0
2025-10-31,2025,Oct,Dhaka,Gazipur,Kamrul Trading Corporation,33
2025-10-31,2025,Oct,South,Faridpur,Kamruzzaman Enterprise,0
2025-10-31,2025,Oct,South,Kushtia,Kanak Traders-Kustia,0
2025-10-31,2025,Oct,Dhaka,Gazipur,Kashem and Sons,51
2025-10-31,2025,Oct,North East,Noakhali,Kashem Traders (Noakhali),13
2025-10-31,2025,Oct,North,Kurigram,Khairul Enterprise,0
2025-10-31,2025,Oct,Dhaka,Dhaka,Khalid Trading Corporation,0
2025-10-31,2025,Oct,South,Jhalokati,Khan Builders,0
2025-10-31,2025,Oct,Dhaka,Dhaka,Khan Enterprise,343
2025-10-31,2025,Oct,North East,Lakshmipur,Khan Machineries Store,0
2025-10-31,2025,Oct,South,Khulna,Khan Traders -Khulna,20
2025-10-31,2025,Oct,South,Madaripur,Khan Traders- Madaripur,26
2025-10-31,2025,Oct,South,Madaripur,Khan Traders- Shibchor,0
2025-10-31,2025,Oct,North East,Chandpur,Khaza Variety Store,0
2025-10-31,2025,Oct,Dhaka,Gazipur,Khurshida Builders,174
2025-10-31,2025,Oct,South,Narail,King Builders,0
2025-10-31,2025,Oct,North,Rajshahi,Kismot Trading Corporation,0
2025-10-31,2025,Oct,South,Barishal,K K Enterprise,0
2025-10-31,2025,Oct,North,Dinajpur,Kobir Traders,0
2025-10-31,2025,Oct,North East,Mymensingh,K.S. Trading,0
2025-10-31,2025,Oct,North,Dinajpur,Kumor Uddin and Sons,0
2025-10-31,2025,Oct,North,Dinajpur,Kundu Brothers,0
2025-10-31,2025,Oct,South,Faridpur,Kustia Enterprise,0
2025-10-31,2025,Oct,South,Barishal,Layla Builders,0
2025-10-31,2025,Oct,South,Patuakhali,Lila Enterprise,13
2025-10-31,2025,Oct,North,Tangail,Liton Enterprise,0
2025-10-31,2025,Oct,North,Nilphamari,L.N Trading Co.,13
2025-10-31,2025,Oct,North East,Mymensingh,Lubaba  Enterprise,0
2025-10-31,2025,Oct,North East,Sylhet,Ludhi Steel Marchant,62
2025-10-31,2025,Oct,North East,Feni,Madani Traders,55
2025-10-31,2025,Oct,South,Shariatpur,Madbor Enterprise,13
2025-10-31,2025,Oct,Dhaka,Narayanganj,Madina Corporation,0
2025-10-31,2025,Oct,North East,Netrokona,Mahabub Traders,0
2025-10-31,2025,Oct,Dhaka,Dhaka,Mahadi Design and Construction,5
2025-10-31,2025,Oct,North,Rajshahi,Mahamud Enterprise,0
2025-10-31,2025,Oct,North,Thakurgaon,Mahbub Enterprise,0
2025-10-31,2025,Oct,South,Jhenaidah,Mahir Trading,0
2025-10-31,2025,Oct,North East,Mymensingh,Mahi Traders,0
2025-10-31,2025,Oct,North,Dinajpur,Mahi Traders-Dinajpur,0
2025-10-31,2025,Oct,South,Jashore,Mahiya Kabir Corporation,15
2025-10-31,2025,Oct,North,Bogura,Mahmud Mahbub Traders,0
2025-10-31,2025,Oct,Dhaka,Dhaka,Makkah Traders,103
2025-10-31,2025,Oct,Dhaka,Gazipur,Mamun Enterprise-Gazipur,15
2025-10-31,2025,Oct,North East,Sylhet,Mamun Enterprise- Shylet,0
2025-10-31,2025,Oct,North,Pabna,Mamun Traders-Pabna,67
2025-10-31,2025,Oct,South,Kushtia,Mannan Hardware and Iron Store,0
2025-10-31,2025,Oct,Dhaka,Narayanganj,Mashin Corporation,0
2025-10-31,2025,Oct,North,Bogura,Master Traders (Shantahar),0
2025-10-31,2025,Oct,South,Barishal,Masud Enterprise,0
2025-10-31,2025,Oct,South,Madaripur,Mayer Doa Enterprise,0
2025-10-31,2025,Oct,North East,Netrokona,Mayer Doa Traders,0
2025-10-31,2025,Oct,North East,Chandpur,Md.Nasir Uddin -Chandpur,0
2025-10-31,2025,Oct,South,Bagerhat,Media Enterprise,0
2025-10-31,2025,Oct,South,Shariatpur,M H Traders,0
2025-10-31,2025,Oct,North East,Cumilla,Mili Enterprise,31
2025-10-31,2025,Oct,Dhaka,Gazipur,Mim Enterprise,84
2025-10-31,2025,Oct,Dhaka,Dhaka,Misti Enterprise,15
2025-10-31,2025,Oct,North East,Jamalpur,Mizan and Son's,0
2025-10-31,2025,Oct,South,Jhalokati,M Khan Ltd.,0
2025-10-31,2025,Oct,North East,Mymensingh,M K Traders,0
2025-10-31,2025,Oct,Dhaka,Dhaka,Modina Steel Corporation,13
2025-10-31,2025,Oct,North East,Sherpur,Mofazzal Enterprise,38
2025-10-31,2025,Oct,South,Kushtia,Mokka Enterprise- Kustia,0
2025-10-31,2025,Oct,South,Magura,Molla Banijjo Vander,0
2025-10-31,2025,Oct,North East,Cumilla,Molla Traders- Comilla,26
2025-10-31,2025,Oct,South,Jashore,Mollik Enterprise-Khulna,0
2025-10-31,2025,Oct,North,Dinajpur,Mondol Traders - Dinajpur,0
2025-10-31,2025,Oct,North,Kurigram,Mondol Traders- Kurigram,0
2025-10-31,2025,Oct,North,Sirajganj,Mondol Traders- Sirajgonj,0
2025-10-31,2025,Oct,Dhaka,Dhaka,Monir Enterprise,10
2025-10-31,2025,Oct,North,Dinajpur,Monoj Kumar Mallick,0
2025-10-31,2025,Oct,North East,Jamalpur,Morzina Steel House,0
2025-10-31,2025,Oct,South,Barishal,Moshiur Rahman Minto,0
2025-10-31,2025,Oct,North,Tangail,Mostafa Enterprise-Tangail,0
2025-10-31,2025,Oct,North,Rangpur,M.R Traders,0
2025-10-31,2025,Oct,North East,Chandpur,M/S: Tafhim Enterprise,0
2025-10-31,2025,Oct,South,Narail,M/S Abdul Hadi Traders,0
2025-10-31,2025,Oct,North,Naogaon,M/S Abdullah Traders,0
2025-10-31,2025,Oct,North,Sirajganj,M/S Abdus Samad Khan,0
2025-10-31,2025,Oct,North East,Cumilla,M/S Abedin Enterprise,0
2025-10-31,2025,Oct,South,Patuakhali,M/S. Abul Kalam Azad,0
2025-10-31,2025,Oct,North East,Narsingdi,M/S Adiat Traders,0
2025-10-31,2025,Oct,Dhaka,Dhaka,M/S Adil Enterprise,20
2025-10-31,2025,Oct,North,Pabna,M/S Adi Saha Trading,0
2025-10-31,2025,Oct,South,Satkhira,M/S. Afroz Enterprise,0
2025-10-31,2025,Oct,North,Nilphamari,M/S. Al Amin Traders-Nilphamary,0
2025-10-31,2025,Oct,North East,Netrokona,M/S Alam Traders,0
2025-10-31,2025,Oct,North,Dinajpur,M/S. Alhaj Traders-Dinajpur,0
2025-10-31,2025,Oct,South,Shariatpur,M/S Aliuzzaman Mir Malot,0
2025-10-31,2025,Oct,Dhaka,Gazipur,M/S Al-Madina Enterprise,0
2025-10-31,2025,Oct,South,Kushtia,M/S. Al-Nobi Hardware & Sanitary,0
2025-10-31,2025,Oct,North East,Noakhali,M/S Anisha Enterprise,0
2025-10-31,2025,Oct,North,Sirajganj,M/S Anowar Enterprise,0
2025-10-31,2025,Oct,South,Barguna,M/S. Anower Brick,0
2025-10-31,2025,Oct,Dhaka,Gazipur,M/S Arif Traders,0
2025-10-31,2025,Oct,North East,Cumilla,M/S -Ariyan Enterprise,0
2025-10-31,2025,Oct,South,Faridpur,M/S Asraf  and Sons,0
2025-10-31,2025,Oct,South,Jhenaidah,M/S. Astha Builders,0
2025-10-31,2025,Oct,South,Barguna,M/S Ayaan Traders,13
2025-10-31,2025,Oct,South,Jashore,M/S Ayesha Steel Corporation,0
2025-10-31,2025,Oct,South,Patuakhali,M/S. Azad Enterprise,0
2025-10-31,2025,Oct,South,Jashore,M/S Azim Shah Traders,13
2025-10-31,2025,Oct,North,Natore,M/S Azmir Enterprise,0
2025-10-31,2025,Oct,South,Jashore,M/S Babu Traders,14
2025-10-31,2025,Oct,South,Magura,M/S Bali Construction,0
2025-10-31,2025,Oct,South,Chuadanga,M/S. Bani Traders,0
2025-10-31,2025,Oct,Dhaka,Dhaka,M/S Bepari Traders,0
2025-10-31,2025,Oct,South,Rajbari,M/S Bepari Traders - Rajbari,0
2025-10-31,2025,Oct,Dhaka,Dhaka,M/S Bhai Bhai Traders and Engineering Works,15
2025-10-31,2025,Oct,North,Dinajpur,M/S. Bhai Bhai Traders (Dinajpur),0
2025-10-31,2025,Oct,North East,Cumilla,M/S Bhuiyan Traders-Cumilla,0
2025-10-31,2025,Oct,North East,Noakhali,M/S Bhuiyan Traders-Noakhali,0
2025-10-31,2025,Oct,North,Rangpur,M/S. Billah Traders,0
2025-10-31,2025,Oct,North East,Chandpur,MS.Billal Traders-Chandpur,0
2025-10-31,2025,Oct,North East,Mymensingh,M/S Bismillah Hardware and Glass House,0
2025-10-31,2025,Oct,North East,Kishoreganj,M/S Bismillah Traders- Bhairob,15
2025-10-31,2025,Oct,North East,Kishoreganj,M/S Bismillah Traders-Mymensing,0
2025-10-31,2025,Oct,North,Naogaon,M/S. Bismillha Traders-Naoga,0
2025-10-31,2025,Oct,South,Jhenaidah,M/S Bondhu Enterprise,181
2025-10-31,2025,Oct,North,Sherpur,M/S. Bondhu Enterprise-Bogra,0
2025-10-31,2025,Oct,South,Bhola,M/S Bushra Construction,0
2025-10-31,2025,Oct,North,Bogura,M/S. Bushra Traders,158
2025-10-31,2025,Oct,South,Jashore,M/S Chitra Trading,40
2025-10-31,2025,Oct,North,Lalmonirhat,M/s Dhorla Trading,0
2025-10-31,2025,Oct,South,Jashore,M/S. Dipro Enterprise,0
2025-10-31,2025,Oct,South,Faridpur,M/S. Durgapur Hi Tech,0
2025-10-31,2025,Oct,North East,Narsingdi,M/S Easy Builders,0
2025-10-31,2025,Oct,South,Khulna,M/S. Elina Enterprise,0
2025-10-31,2025,Oct,South,Pirojpur,M/S Emon Enterprise,0
2025-10-31,2025,Oct,North East,Dhaka,M/S. Engineer Builders,25
2025-10-31,2025,Oct,North East,Cumilla,M/S. Faisal Enterprise,0
2025-10-31,2025,Oct,South,Gopalganj,M/S Fakir and Sons,0
2025-10-31,2025,Oct,South,Satkhira,M/S Faruk Traders-Sathkhira,0
2025-10-31,2025,Oct,South,Meherpur,M/S. Fojilatun Nesha &Sons,0
2025-10-31,2025,Oct,South,Barishal,M/S Forkan Traders,0
2025-10-31,2025,Oct,South,Gopalganj,M/S Friends Enterprise,0
2025-10-31,2025,Oct,North East,Cumilla,M/S Gaji Hardware,0
2025-10-31,2025,Oct,North,Kurigram,M/S. G.M Enterprise,0
2025-10-31,2025,Oct,Dhaka,Dhaka,M/S. Hailmi Enterprise,0
2025-10-31,2025,Oct,North East,Cumilla,M/S Hanif Enterprise,0
2025-10-31,2025,Oct,Dhaka,Dhaka,M/S Haque and Hasan Traders,8
2025-10-31,2025,Oct,North East,Feni,M/S Haque Enterprise,0
2025-10-31,2025,Oct,North East,Brahmanbaria,M/S. Hasan Enterprise,0
2025-10-31,2025,Oct,South,Satkhira,M/S. Hasan Traders-Satkhira,0
2025-10-31,2025,Oct,South,Shariatpur,M/S. Hawlader Enterprise-Sariatpur,0
2025-10-31,2025,Oct,North East,Dhaka,M/S Hazi Abdul Khalique  & Son's,0
2025-10-31,2025,Oct,Dhaka,Dhaka,M/S Hazi Sarif Munshi Traders,28
2025-10-31,2025,Oct,South,Madaripur,M/S. Hazi Traders- Madaripur,0
2025-10-31,2025,Oct,North East,Jamalpur,M/S HEMENDRA CHANDRA SINGH,0
2025-10-31,2025,Oct,North East,Noakhali,M/S Hoque and Brothers (Noakhali),0
2025-10-31,2025,Oct,South,Bhola,M/S H Rahman and Sons,0
2025-10-31,2025,Oct,Dhaka,Narayanganj,M/S Ichapuri Cement House,0
2025-10-31,2025,Oct,South,Patuakhali,M/S.Islamia Traders,0
2025-10-31,2025,Oct,South,Jashore,M/S Islam Traders- Keshabpur,0
2025-10-31,2025,Oct,North,Tangail,M/S. Islam Traders- Sirajgonj,0
2025-10-31,2025,Oct,North,Naogaon,M/S. IT Construction,0
2025-10-31,2025,Oct,North East,Lakshmipur,M/S Jahir Enterprise,0
2025-10-31,2025,Oct,South,Patuakhali,M/S.Jamal Traders,14
2025-10-31,2025,Oct,North,Tangail,M/S.Jannath Enterprise,13
2025-10-31,2025,Oct,North East,Jamalpur,M/S Jibon Enterprise,0
2025-10-31,2025,Oct,North East,Jamalpur,M/S. Jibon Traders,0
2025-10-31,2025,Oct,South,Jashore,M/S Johir Enterprise,0
2025-10-31,2025,Oct,South,Meherpur,M/S Jony Enterprise -Meherpur,39
2025-10-31,2025,Oct,South,Jhenaidah,M/S Kafi Traders,0
2025-10-31,2025,Oct,South,Barguna,M/S. Kamal Enterprise,13
2025-10-31,2025,Oct,North,Panchagarh,M/S Kamlesh Traders,0
2025-10-31,2025,Oct,South,Barguna,M/S. Karim Builders,48
2025-10-31,2025,Oct,North,Tangail,M/S. Khalekujjaman Traders,0
2025-10-31,2025,Oct,South,Faridpur,M/S Khan Enterprise-Faridpur,0
2025-10-31,2025,Oct,Dhaka,Gazipur,M/S Khan Enterprise-Kaligonj,146
2025-10-31,2025,Oct,North,Dinajpur,M/S. Khan Enterprises- Dinajpur,0
2025-10-31,2025,Oct,North,Tangail,M/S Khan Traders-Tangail,13
2025-10-31,2025,Oct,South,Faridpur,M/S Khaza Traders,54
2025-10-31,2025,Oct,North East,Cumilla,M/S. Khokon Enterprise,0
2025-10-31,2025,Oct,North,Thakurgaon,M/S. Kibriya Enterprise,0
2025-10-31,2025,Oct,North East,Cumilla,M/S-Laksam Trading Corporation,98
2025-10-31,2025,Oct,Dhaka,Manikganj,M/S Latif Traders,0
2025-10-31,2025,Oct,South,Gopalganj,M/S Linkon Enterprise,0
2025-10-31,2025,Oct,North,Natore,M/s Liton Enterprise,0
2025-10-31,2025,Oct,North East,Narsingdi,M/S. Liza Traders,0
2025-10-31,2025,Oct,Dhaka,Dhaka,M/S. Maa Enterprise,21
2025-10-31,2025,Oct,South,Barishal,M/S. Mahabub Traders,0
2025-10-31,2025,Oct,Dhaka,Gazipur,M/S. Mainul Traders,68
2025-10-31,2025,Oct,North East,Brahmanbaria,M/S. Malek and Sons,0
2025-10-31,2025,Oct,North,Dhaka,M/S. Manobendro Das,0
2025-10-31,2025,Oct,Dhaka,Dhaka,M/S. Marks Trading,45
2025-10-31,2025,Oct,South,Jhalokati,M/S Mary Suppliers and Mary Bricks,27
2025-10-31,2025,Oct,South,Bhola,M/S. Masaallah Traders,0
2025-10-31,2025,Oct,North East,Cumilla,M/S.Masfalah Construction,5
2025-10-31,2025,Oct,Dhaka,Dhaka,M/S Master Enterprise (Savar),4
2025-10-31,2025,Oct,South,Khulna,M/S. M. A Traders (Dr.),0
2025-10-31,2025,Oct,Dhaka,Gazipur,M/S Mawna Builders,0
2025-10-31,2025,Oct,North,Tangail,M/S Maya Traders,0
2025-10-31,2025,Oct,South,Satkhira,M/S. Mayer Doa Sanitary and Anwar Sheet Enterprise,0
2025-10-31,2025,Oct,North,Bogura,M/S. Mayer Doya Variety Store,0
2025-10-31,2025,Oct,Dhaka,Gazipur,M/s Midul Enterprise,43
2025-10-31,2025,Oct,South,Kushtia,M/S Mim Traders-Kustia,0
2025-10-31,2025,Oct,South,Chuadanga,M/S Mizan Traders,0
2025-10-31,2025,Oct,South,Faridpur,M/S Modina Traders,0
2025-10-31,2025,Oct,North East,Noakhali,M/S. Mokka Enterprise- Noakhali,0
2025-10-31,2025,Oct,North East,Narsingdi,M/S Mollah Enterprise-Narsingdi,0
2025-10-31,2025,Oct,North,Rajshahi,M/S. Mollah Enterprise-Rajshahi,0
2025-10-31,2025,Oct,North East,Cumilla,M/S Molla Traders-Chouddogram,13
2025-10-31,2025,Oct,South,Gopalganj,M/S Molla Traders-Gopalgonj,0
2025-10-31,2025,Oct,North,Bogura,M/S. Mondol Traders-Shibgonj,0
2025-10-31,2025,Oct,North,Tangail,M/S. Monira Enterprise,0
2025-10-31,2025,Oct,North,Dhaka,M/S Moon Traders- Sirajgonj,0
2025-10-31,2025,Oct,South,Barguna,M/S. Mridha Traders,0
2025-10-31,2025,Oct,North East,Netrokona,M/S-M.S Traders,13
2025-10-31,2025,Oct,North,Bogura,M/S. Mukta Traders,57
2025-10-31,2025,Oct,North East,Noakhali,M/S.Muldhara Trading,13
2025-10-31,2025,Oct,South,Pirojpur,M/S Nahar Enterprise- Pirojpur,0
2025-10-31,2025,Oct,South,Shariatpur,M/S Nayeem Enterprise,0
2025-10-31,2025,Oct,North,Tangail,M/S. Nazmul Enterprise,0
2025-10-31,2025,Oct,North East,Cumilla,M/S. Nazrul Traders,0
2025-10-31,2025,Oct,South,Pirojpur,M/S New Hope Traders,0
2025-10-31,2025,Oct,South,Gopalganj,M/S. New Sikder Traders,0
2025-10-31,2025,Oct,South,Satkhira,M/s Nirala Trader's,0
2025-10-31,2025,Oct,South,Madaripur,M/s Nirman,0
2025-10-31,2025,Oct,South,Barguna,M/s. Nur-E-Madina Trading,0
2025-10-31,2025,Oct,South,Faridpur,M/S Nur Mahidi Nerman Vander,60
2025-10-31,2025,Oct,South,Pirojpur,M/S Oishani Enterprise,0
2025-10-31,2025,Oct,Dhaka,Dhaka,M/S Osman Steel Corporation,0
2025-10-31,2025,Oct,North East,Lakshmipur,M/S Parvez Enterprise,0
2025-10-31,2025,Oct,North,Naogaon,M/S Parvez Trading-Naogaon,56
2025-10-31,2025,Oct,North,Dinajpur,M/S Popular Steel,0
2025-10-31,2025,Oct,South,Gopalganj,M/s Porosh Enterprise,21
2025-10-31,2025,Oct,North East,Cumilla,MS.Probashi G.I. Enterpries.,0
2025-10-31,2025,Oct,North,Dhaka,M/S. Purabi Traders,0
2025-10-31,2025,Oct,North,Pabna,M/S Rafiq Enterprise,0
2025-10-31,2025,Oct,South,Narail,M/S Rahit Ruchi Enterprise,0
2025-10-31,2025,Oct,Dhaka,Narayanganj,M/S Rahmania Enterprise,62
2025-10-31,2025,Oct,South,Chuadanga,M/S Rahman Traders,0
2025-10-31,2025,Oct,North East,Narsingdi,M/S Rahman Traders-Norsingdi,0
2025-10-31,2025,Oct,South,Jashore,M/S Raisa Enterprise,0
2025-10-31,2025,Oct,North,Thakurgaon,M/S. Raju Ceramic & Sanitary,0
2025-10-31,2025,Oct,Dhaka,Gazipur,M/S Rana Enterprise,40
2025-10-31,2025,Oct,North,Panchagarh,M/S. Rashad Traders,0
2025-10-31,2025,Oct,Dhaka,Dhaka,M/S. Rayhan Enterprise,70
2025-10-31,2025,Oct,Dhaka,Gazipur,M/S R.B Steel and Co.,15
2025-10-31,2025,Oct,North,Natore,M/S. Reza Enterprise,0
2025-10-31,2025,Oct,North,Pabna,M/S.Reza Enterprise-Pabna,39
2025-10-31,2025,Oct,North,Dinajpur,M/S Ripon Traders,0
2025-10-31,2025,Oct,South,Jashore,M/S R M Traders,0
2025-10-31,2025,Oct,North,Rangpur,M/S Rohima Traders,0
2025-10-31,2025,Oct,North,Panchagarh,M/S Rostom and Sons,0
2025-10-31,2025,Oct,North East,Cumilla,M/S. RS Hardware,0
2025-10-31,2025,Oct,North East,Noakhali,M/S Ruhul Amin Traders,0
2025-10-31,2025,Oct,Dhaka,Gazipur,M/S Sadar Builders,0
2025-10-31,2025,Oct,North,Tangail,M/S Sadia and Samia Traders,0
2025-10-31,2025,Oct,North,Panchagarh,M/S. Sadik Enterprise,0
2025-10-31,2025,Oct,South,Khulna,M/S. Safwan Corporation,0
2025-10-31,2025,Oct,North,Thakurgaon,M/S. Sahi-Imran Traders,0
2025-10-31,2025,Oct,Dhaka,Narayanganj,M/S Saif Traders,16
2025-10-31,2025,Oct,South,Madaripur,M/S Saifullah Enterprise,0
2025-10-31,2025,Oct,North,Pabna,M/S Samir Traders,39
2025-10-31,2025,Oct,South,Barishal,M/S Sazib Trading,0
2025-10-31,2025,Oct,North,Bogura,M/S Sazid Traders,0
2025-10-31,2025,Oct,South,Patuakhali,M/S.Serajul Haque,0
2025-10-31,2025,Oct,North,Rangpur,M/S. Shafi Trading,0
2025-10-31,2025,Oct,South,Faridpur,M/S Shah Farid Nirman Vander,0
2025-10-31,2025,Oct,North,Kurigram,M/S. Shaju Hardware,0
2025-10-31,2025,Oct,South,Jhenaidah,M/S Shamim Steel Corner,52
2025-10-31,2025,Oct,South,Shariatpur,M/S Shamim Traders-Sariatpur,0
2025-10-31,2025,Oct,South,Jhalokati,M/S Shampa Construction,0
2025-10-31,2025,Oct,North,Nilphamari,M/S. Sharif Construction Center,0
2025-10-31,2025,Oct,South,Gopalganj,M/S. Sharif Enterprise,0
2025-10-31,2025,Oct,South,Pirojpur,M/S. Shikder Enterprise-Pirojpur,0
2025-10-31,2025,Oct,South,Magura,M/S Shohag Enterprise-Satkhira,0
2025-10-31,2025,Oct,North,Sirajganj,M/s Shohan Iron and Steel House.,83
2025-10-31,2025,Oct,North,Thakurgaon,M/S. Shovon Traders,0
2025-10-31,2025,Oct,South,Khulna,M/S Showrov Enterprise,0
2025-10-31,2025,Oct,South,Narail,M/S. Sikdar Enterprise- Norail,0
2025-10-31,2025,Oct,North,Dinajpur,M/S. Sohidul Traders,0
2025-10-31,2025,Oct,South,Faridpur,M/S Sony Vander,0
2025-10-31,2025,Oct,North,Thakurgaon,M/S. Sulov Lauho Bitan,0
2025-10-31,2025,Oct,North,Chapainawabganj,M/S Sweet Enterprise,0
2025-10-31,2025,Oct,Dhaka,Gazipur,M/S Takhiya Enterprise,207
2025-10-31,2025,Oct,South,Gopalganj,M/S Tasnim Enterprise,0
2025-10-31,2025,Oct,North,Thakurgaon,M/S. Tin Vai Enterprise,0
2025-10-31,2025,Oct,North,Sirajganj,M/S Tisha Enterprise,0
2025-10-31,2025,Oct,South,Bagerhat,M/S Tonmoy Traders,0
2025-10-31,2025,Oct,Dhaka,Gazipur,M/S. Tosher Enterprise,23
2025-10-31,2025,Oct,North,Panchagarh,M/S Vai Vai Traders-Panchagor,0
2025-10-31,2025,Oct,South,Bhola,M/S. Yakub Traders,0
2025-10-31,2025,Oct,South,Chuadanga,M/S - Younus Hardware,13
2025-10-31,2025,Oct,South,Barishal,M/S Zakir Store,0
2025-10-31,2025,Oct,North,Rangpur,M/S. Zaman Traders-Rangpur,242
2025-10-31,2025,Oct,Dhaka,Dhaka,M/S Zam Zam Trading (Dhaka),27
2025-10-31,2025,Oct,North,Rangpur,M/S Zast Traders,0
2025-10-31,2025,Oct,South,Satkhira,M/S Zia Traders,0
2025-10-31,2025,Oct,Dhaka,Dhaka,Munshigonj Steel House,20
2025-10-31,2025,Oct,South,Jashore,M. Zaman Enterprise,0
2025-10-31,2025,Oct,South,Madaripur,Nabila Traders (Madaripur),0
2025-10-31,2025,Oct,North,Pabna,"Nabi Traders (Ishawrdi,  Pabna)",0
2025-10-31,2025,Oct,Dhaka,Dhaka,Nahar Steel,210
2025-10-31,2025,Oct,Dhaka,Dhaka,Nal Gulf Construction and Properties,0
2025-10-31,2025,Oct,North,Lalmonirhat,Narsingdi Enterprise,0
2025-10-31,2025,Oct,Dhaka,Dhaka,Nasrin Enterprise,0
2025-10-31,2025,Oct,Dhaka,Dhaka,Nation Tech Communications Limited,0
2025-10-31,2025,Oct,Dhaka,Dhaka,Nayeef Trading Corporation,5
2025-10-31,2025,Oct,North,Kurigram,Nayeem Traders (Kurigram),0
2025-10-31,2025,Oct,South,Barishal,Nayem Enterprise,0
2025-10-31,2025,Oct,South,Jashore,Nayon and Chayon,0
2025-10-31,2025,Oct,South,Jhenaidah,Nazmul Traders- Jhenaidah,52
2025-10-31,2025,Oct,North,Rangpur,Need Construction,0
2025-10-31,2025,Oct,South,Khulna,New Bengal Store,0
2025-10-31,2025,Oct,South,Dhaka,New Era Manufacturing Ltd.,0
2025-10-31,2025,Oct,South,Barishal,New Hasina Enterprise,0
2025-10-31,2025,Oct,Dhaka,Dhaka,New Sharmin Enterprise,7
2025-10-31,2025,Oct,Dhaka,Dhaka,Niloy Enterprise,5
2025-10-31,2025,Oct,South,Jhenaidah,Nishi Enterprise- Jhinaidah,0
2025-10-31,2025,Oct,South,Khulna,Nondi Trading Corporatin,0
2025-10-31,2025,Oct,North,Gaibandha,Northbengal Traders,0
2025-10-31,2025,Oct,South,Madaripur,Nurjahan Resourse International,0
2025-10-31,2025,Oct,North,Dinajpur,Nur Steel,0
2025-10-31,2025,Oct,South,Meherpur,Padma Enterprise,0
2025-10-31,2025,Oct,South,Gopalganj,Pal and Sons,0
2025-10-31,2025,Oct,South,Chuadanga,Palash Kumer Shaha,0
2025-10-31,2025,Oct,North,Dhaka,Palli Tower,0
2025-10-31,2025,Oct,North East,Moulvibazar,Paul Traders,0
2025-10-31,2025,Oct,Dhaka,Dhaka,Pioneer Location Ltd.,3
2025-10-31,2025,Oct,Dhaka,Dhaka,Popular Enterprise,4
2025-10-31,2025,Oct,North,Rangpur,Prince Enterprise,0
2025-10-31,2025,Oct,North,Bogura,Priti Traders (Bogra),0
2025-10-31,2025,Oct,North,Tangail,Prodhan Traders,0
2025-10-31,2025,Oct,North East,Chandpur,Rabbi Traders,0
2025-10-31,2025,Oct,North,Tangail,Rafik and Brothers - Joypurhat,0
2025-10-31,2025,Oct,North East,Jamalpur,Rahi Trade,0
2025-10-31,2025,Oct,North East,Narsingdi,Rahman Steel House,53
2025-10-31,2025,Oct,South,Shariatpur,Raju Enterprise,0
2025-10-31,2025,Oct,North,Gaibandha,Raju Traders,0
2025-10-31,2025,Oct,South,Jashore,Raju Zakir Enterprise,0
2025-10-31,2025,Oct,North East,Brahmanbaria,R. A Khan Properties,0
2025-10-31,2025,Oct,South,Narail,Rakhi Enterprise,0
2025-10-31,2025,Oct,North,Tangail,Rasel Store,0
2025-10-31,2025,Oct,South,Madaripur,Rashed Enterprise (Madaripur),0
2025-10-31,2025,Oct,South,Jashore,Razzaque Steel House,160
2025-10-31,2025,Oct,South,Patuakhali,Rema Enterprise,40
2025-10-31,2025,Oct,North East,Kishoreganj,Renu Traders,69
2025-10-31,2025,Oct,North,Bogura,Rezaul Bari (Bogra),0
2025-10-31,2025,Oct,North,Panchagarh,Riad Traders-Panchagor,0
2025-10-31,2025,Oct,South,Kushtia,R.I and Co.,0
2025-10-31,2025,Oct,North,Tangail,Riaz Uddin Traders,0
2025-10-31,2025,Oct,North,Tangail,Ridoy Enterprise- Tangail,0
2025-10-31,2025,Oct,Dhaka,Gazipur,Ridwan Traders,26
2025-10-31,2025,Oct,North,Tangail,Rina Construction,0
2025-10-31,2025,Oct,South,Khulna,Riya Trading International,0
2025-10-31,2025,Oct,North,Tangail,R. K Traders,0
2025-10-31,2025,Oct,South,Satkhira,Rofiqul and Brothers,0
2025-10-31,2025,Oct,South,Khulna,Rokeya Traders,0
2025-10-31,2025,Oct,North,Gaibandha,Rosid Traders,0
2025-10-31,2025,Oct,South,Kushtia,R. Rahman Corporation,0
2025-10-31,2025,Oct,Dhaka,Narayanganj,R.S Enterprise,191
2025-10-31,2025,Oct,South,Madaripur,R. S Enterprise-Madaripur,13
2025-10-31,2025,Oct,North East,Sherpur,Rubel Enterprise,0
2025-10-31,2025,Oct,North,Dinajpur,Rumman Traders,0
2025-10-31,2025,Oct,North,Dinajpur,Runa Enterprise,0
2025-10-31,2025,Oct,South,Barishal,Sajid and Brothers,0
2025-10-31,2025,Oct,South,Patuakhali,Sajid Enterprise- Patuakhali,0
2025-10-31,2025,Oct,South,Kushtia,Salam and Sons,182
2025-10-31,2025,Oct,South,Kushtia,Saleha Traders,12
2025-10-31,2025,Oct,South,Satkhira,Samannay Traders,0
2025-10-31,2025,Oct,North,Chapainawabganj,Sanaullah and Sons,0
2025-10-31,2025,Oct,North,Sirajganj,Sarkar Trading (Sirajgonj),14
2025-10-31,2025,Oct,North,Dinajpur,Sarker Brothers,0
2025-10-31,2025,Oct,South,Barishal,Satata Enterprise,0
2025-10-31,2025,Oct,South,Faridpur,Sathi Store,0
2025-10-31,2025,Oct,North,Pabna,S A Traders-Pabna,0
2025-10-31,2025,Oct,North East,Jamalpur,Sattar Traders,0
2025-10-31,2025,Oct,North,Rajshahi,SB Laboratories,0
2025-10-31,2025,Oct,South,Faridpur,S.B Traders - Faridpur,0
2025-10-31,2025,Oct,South,Shariatpur,Seba Trading Corporation,39
2025-10-31,2025,Oct,Dhaka,Dhaka,Selim Malik Traders,0
2025-10-31,2025,Oct,North,Panchagarh,Shaha Traders,0
2025-10-31,2025,Oct,North East,Mymensingh,Shahbuddin and Brothers,0
2025-10-31,2025,Oct,North East,Mymensingh,Shahin Enterprise,0
2025-10-31,2025,Oct,South,Jhenaidah,Shahin Traders,0
2025-10-31,2025,Oct,South,Narail,Shahin Traders - Narail,56
2025-10-31,2025,Oct,North,Rangpur,Shah Md Ashrafudulla,0
2025-10-31,2025,Oct,North East,Chandpur,Shakil Enterprise- Chandpur,0
2025-10-31,2025,Oct,South,Khulna,Shamim and Co,0
2025-10-31,2025,Oct,North East,Chandpur,Shamima Traders,0
2025-10-31,2025,Oct,South,Bhola,Shanaullah Enterprise,0
2025-10-31,2025,Oct,North,Rajshahi,Shanto Hardware,0
2025-10-31,2025,Oct,South,Khulna,Sharif and Co,0
2025-10-31,2025,Oct,South,Magura,Sharif Steel  Corner,52
2025-10-31,2025,Oct,South,Barguna,Sharmi Enterprise- Borguna,0
2025-10-31,2025,Oct,South,Gopalganj,Shawkat Hossain Mollah,0
2025-10-31,2025,Oct,North East,Mymensingh,Shayan Traders,0
2025-10-31,2025,Oct,South,Satkhira,Sheikh Brothers-Satkhira,0
2025-10-31,2025,Oct,North,Gaibandha,Shetu Traders- Gaibandha,0
2025-10-31,2025,Oct,Dhaka,Narayanganj,Shifat Enterprise-N.Ganj,73
2025-10-31,2025,Oct,South,Khulna,Shikder and Brothers,0
2025-10-31,2025,Oct,North East,Kishoreganj,Shimu Traders,0
2025-10-31,2025,Oct,South,Chuadanga,Shohag Enterprise,0
2025-10-31,2025,Oct,North,Natore,Shohug Machineries  and Traders,0
2025-10-31,2025,Oct,South,Bagerhat,Shotota Enterprise,0
2025-10-31,2025,Oct,North East,Brahmanbaria,Shuvo Enterprise (Ashuganj),0
2025-10-31,2025,Oct,South,Narail,Shuvo Enterprise - Norail,0
2025-10-31,2025,Oct,South,Jhenaidah,Siddique Cycle Store and Traders,0
2025-10-31,2025,Oct,North East,Sylhet,Siddiquey Construction,0
2025-10-31,2025,Oct,Dhaka,Dhaka,Sikder Enterprise (Keranigonj),33
2025-10-31,2025,Oct,South,Gopalganj,Sikder Traders-Goplagonj,0
2025-10-31,2025,Oct,North,Pabna,Sikder Traders (Pabna),13
2025-10-31,2025,Oct,North East,Cumilla,Silver Tiles and Sanitary,0
2025-10-31,2025,Oct,Dhaka,Dhaka,Simplex Development Ltd.,11
2025-10-31,2025,Oct,Dhaka,Manikganj,Singair Alfi Trade Link.,0
2025-10-31,2025,Oct,North,Dhaka,Sirajgonj Iron and Steel House,0
2025-10-31,2025,Oct,South,Dhaka,S.M Kamruzzaman,0
2025-10-31,2025,Oct,South,Narayanganj,Sonali Enterprise,0
2025-10-31,2025,Oct,North,Gaibandha,Sorif Traders,64
2025-10-31,2025,Oct,North,Nilphamari,Sourov Traders,26
2025-10-31,2025,Oct,North East,Jamalpur,S.R.S Construction,0
2025-10-31,2025,Oct,North,Thakurgaon,S. R. Traders,0
2025-10-31,2025,Oct,South,Bagerhat,S.R Traders -Bagerhat,0
2025-10-31,2025,Oct,South,Khulna,S. S. Syndicate,0
2025-10-31,2025,Oct,South,Satkhira,S S Traders,0
2025-10-31,2025,Oct,Dhaka,Gazipur,S T Enterprise,112
2025-10-31,2025,Oct,South,Jhenaidah,Suborna Traders,0
2025-10-31,2025,Oct,Dhaka,Gazipur,Suma Enterprise - Sofipur,0
2025-10-31,2025,Oct,South,Shariatpur,Sumon Enterprise,0
2025-10-31,2025,Oct,South,Khulna,Sumon Traders,0
2025-10-31,2025,Oct,South,Manikganj,Sundorban Hardware,0
2025-10-31,2025,Oct,North,Pabna,Swapan Traders,26
2025-10-31,2025,Oct,South,Jashore,Tahmina Enterprise,0
2025-10-31,2025,Oct,North,Thakurgaon,Tamanna Enterprise-Thakurgaon,0
2025-10-31,2025,Oct,South,Gopalganj,Tamim Enterprise,0
2025-10-31,2025,Oct,North,Rajshahi,Tariq  Enterprise,78
2025-10-31,2025,Oct,South,Narail,Tazmin Enterprise,13
2025-10-31,2025,Oct,Dhaka,Dhaka,The Barik Brothers,495
2025-10-31,2025,Oct,Dhaka,Dhaka,Three Star Co-Operative Multipurpose Ltd.,4
2025-10-31,2025,Oct,South,Patuakhali,Three Star Enterprise,0
2025-10-31,2025,Oct,Dhaka,Dhaka,"Tipu and Co.( Rayerbag, Jatrabari)",64
2025-10-31,2025,Oct,South,Meherpur,Tohmina Engineering Workshop,0
2025-10-31,2025,Oct,Dhaka,Dhaka,Trendy Textiles Ltd.,0
2025-10-31,2025,Oct,North East,Mymensingh,Tripti Steel Bitan,0
2025-10-31,2025,Oct,North,Rangpur,T.S.Enterprise(Rangpur),65
2025-10-31,2025,Oct,Dhaka,Gazipur,Turag Tower,5
2025-10-31,2025,Oct,North,Sirajganj,Ullapara Variety Store,26
2025-10-31,2025,Oct,Dhaka,Dhaka,Unified Holdings Limited,22
2025-10-31,2025,Oct,South,Jhenaidah,Unique Construction,0
2025-10-31,2025,Oct,South,Khulna,Unique International,0
2025-10-31,2025,Oct,North East,Netrokona,Vodra Traders,0
2025-10-31,2025,Oct,Dhaka,Manikganj,Wazuddin Traders,8
2025-10-31,2025,Oct,North East,Sylhet,Windsor Hotel & Resorts Ltd.,0
2025-10-31,2025,Oct,North East,Noakhali,Yeasin Traders,6
2025-10-31,2025,Oct,Dhaka,Narayanganj,York  Composite Ltd,0
2025-10-31,2025,Oct,Dhaka,Narayanganj,York Fashion Ltd.,0
2025-10-31,2025,Oct,Dhaka,Dhaka,Younus Traders,18
2025-10-31,2025,Oct,South,Bhola,Zabbar Biswas Traders,42
2025-10-31,2025,Oct,Dhaka,Dhaka,Zaman Traders ( Savar),46
2025-11-30,2025,Nov,North East,Narsingdi,3D Comet Design & Consultant,0
2025-11-30,2025,Nov,North,Lalmonirhat,Abdul Hakim,0
2025-11-30,2025,Nov,North,Tangail,Abdul Malek - Rangpur,0
2025-11-30,2025,Nov,North,Dinajpur,Abdur Rauf-Dinajpur,0
2025-11-30,2025,Nov,South,Khulna,Abdur Razzak Aziz- Khulna,122
2025-11-30,2025,Nov,South,Shariatpur,Abdus Salam Farazi,0
2025-11-30,2025,Nov,North East,Sylhet,Abdus Shohid Construction,10
2025-11-30,2025,Nov,Dhaka,Dhaka,Abir Enterprise,38
2025-11-30,2025,Nov,North,Bogura,ABK Krishi Beez Himagar,13
2025-11-30,2025,Nov,South,Pirojpur,A.B.L.Builders,15
2025-11-30,2025,Nov,North,Pabna,Abul Hossain Traders,0
2025-11-30,2025,Nov,South,Barguna,Agrani Traders,40
2025-11-30,2025,Nov,South,Khulna,Ahad Enterprise,0
2025-11-30,2025,Nov,North East,Narsingdi,Ahasan Store,0
2025-11-30,2025,Nov,North,Chapainawabganj,Ahmed Store- C. Gonj,0
2025-11-30,2025,Nov,North,Bogura,Ahmed Traders-Bogra,0
2025-11-30,2025,Nov,North,Pabna,Ahsan Trading,0
2025-11-30,2025,Nov,North East,Dhaka,AK Developers Ltd.,7
2025-11-30,2025,Nov,North East,Sylhet,A.K Enterprise (Sylhet),0
2025-11-30,2025,Nov,Dhaka,Dhaka,Akhter Traders,38
2025-11-30,2025,Nov,North,Bogura,Akkash Ali Traders,0
2025-11-30,2025,Nov,North,Bogura,Alam and Brothers,0
2025-11-30,2025,Nov,South,Patuakhali,Al-Amin Traders-Patuakhali,0
2025-11-30,2025,Nov,North,Tangail,Alam Motors,0
2025-11-30,2025,Nov,South,Faridpur,Al-Bagdad Iron Steel- Faridpur,0
2025-11-30,2025,Nov,Dhaka,Dhaka,Al Baraka Steel Corporation- Mirpur,7
2025-11-30,2025,Nov,North East,Brahmanbaria,Al Ekram Traders,0
2025-11-30,2025,Nov,North,Rangpur,Alhaj Atiar Rahman,0
2025-11-30,2025,Nov,North,Dinajpur,Al Haj Traders,0
2025-11-30,2025,Nov,North East,Feni,Al Haj Zakir Enterprise,0
2025-11-30,2025,Nov,South,Bagerhat,Allahardan Enterprise-Bagerhat,0
2025-11-30,2025,Nov,South,Satkhira,Allahardan  Hardware,0
2025-11-30,2025,Nov,South,Satkhira,Allahar Dan Iron Store,0
2025-11-30,2025,Nov,North,Rajshahi,Al Manar Steel,226
2025-11-30,2025,Nov,Dhaka,Dhaka,Aman  Steel Corporation,29
2025-11-30,2025,Nov,North East,Jamalpur,Amena Enterprise-Jamalpur,0
2025-11-30,2025,Nov,Dhaka,Dhaka,Amin and Brother,5
2025-11-30,2025,Nov,South,Bagerhat,Amin Enterprise,0
2025-11-30,2025,Nov,South,Shariatpur,Amin Store,26
2025-11-30,2025,Nov,North East,Jamalpur,Amin Traders,0
2025-11-30,2025,Nov,South,Dhaka,Aminul Islam- Kustia,0
2025-11-30,2025,Nov,North,Tangail,Anny Construction,0
2025-11-30,2025,Nov,South,Satkhira,Anowar Trading,0
2025-11-30,2025,Nov,South,Rajbari,Anupam Nirmata,0
2025-11-30,2025,Nov,South,Rajbari,Anwar Traders,20
2025-11-30,2025,Nov,Dhaka,Dhaka,Arafah Development and Builders Ltd.,8
2025-11-30,2025,Nov,Dhaka,Dhaka,Arafat Trading,70
2025-11-30,2025,Nov,South,Khulna,Arafat Trading - Khulna,0
2025-11-30,2025,Nov,Dhaka,Narayanganj,AR Building Design and Construction,24
2025-11-30,2025,Nov,Dhaka,Dhaka,ARCH Real Estate Ltd.,33
2025-11-30,2025,Nov,Dhaka,Dhaka,A.R Corporation,27
2025-11-30,2025,Nov,North East,Dhaka,ARF Trading International,0
2025-11-30,2025,Nov,Dhaka,Gazipur,Arifa Enterprise,55
2025-11-30,2025,Nov,South,Meherpur,Arif Enterprise,0
2025-11-30,2025,Nov,North,Sirajganj,Ariful Islam Traders,0
2025-11-30,2025,Nov,Dhaka,Dhaka,Arowa Traders,877
2025-11-30,2025,Nov,North,Dhaka,A.R. Trading (Rangpur),0
2025-11-30,2025,Nov,Dhaka,Gazipur,Ashik Traders,174
2025-11-30,2025,Nov,South,Barguna,Ashraful Enterprise,0
2025-11-30,2025,Nov,North,Dinajpur,Asma Traders,0
2025-11-30,2025,Nov,North East,Cumilla,A.Wohab and Sons,0
2025-11-30,2025,Nov,North East,Feni,Ayesha Enterprise,0
2025-11-30,2025,Nov,South,Shariatpur,Azad Traders - Soriotpur,0
2025-11-30,2025,Nov,North East,Chandpur,Aziz Brothers,0
2025-11-30,2025,Nov,South,Jhenaidah,Azizul Haque,0
2025-11-30,2025,Nov,Dhaka,Dhaka,Badsha Faisal Institute Madrasha,0
2025-11-30,2025,Nov,South,Barishal,Barishal Iron House,0
2025-11-30,2025,Nov,North,Tangail,Basail Trading House,0
2025-11-30,2025,Nov,North East,Jamalpur,Bashonti Traders,0
2025-11-30,2025,Nov,North,Rangpur,Bengal and Company,39
2025-11-30,2025,Nov,South,Jashore,Bhai Bhai Enterprise,0
2025-11-30,2025,Nov,South,Madaripur,Bhai Bhai Traders - Madaripur,0
2025-11-30,2025,Nov,North,Kurigram,Bhai Bhai Trading,30
2025-11-30,2025,Nov,Dhaka,Gazipur,Bhai Bhon Enterprise,30
2025-11-30,2025,Nov,North,Tangail,Bhuiyan Traders- Mirzapur,0
2025-11-30,2025,Nov,South,Bagerhat,Bismillah Enterprise-Bagerhat,0
2025-11-30,2025,Nov,South,Magura,Bismillah Steel Corner,0
2025-11-30,2025,Nov,South,Khulna,Bismillah Steel House,0
2025-11-30,2025,Nov,Dhaka,Dhaka,Bismillah Traders-Dhaka,300
2025-11-30,2025,Nov,North East,Narsingdi,Bismillah Traders -Narsingdi,0
2025-11-30,2025,Nov,South,Satkhira,Bismillah Traders-Satkhira,0
2025-11-30,2025,Nov,North,Sirajganj,Borsha Enterprise,0
2025-11-30,2025,Nov,South,Dhaka,BRB Cable Industries Ltd. (Dr.),0
2025-11-30,2025,Nov,South,Kushtia,Bristy Traders,0
2025-11-30,2025,Nov,South,Chuadanga,Brothers Traders,39
2025-11-30,2025,Nov,Dhaka,Dhaka,Capital Builders,76
2025-11-30,2025,Nov,South,Patuakhali,Choudhory Enterprise,0
2025-11-30,2025,Nov,South,Patuakhali,Chowa Traders,0
2025-11-30,2025,Nov,North East,Sylhet,Chowdhury Trading,0
2025-11-30,2025,Nov,North,Tangail,Chunailal Traders,0
2025-11-30,2025,Nov,North East,Mymensingh,Community Health Foundation Bangladesh,55
2025-11-30,2025,Nov,North,Tangail,Das Traders,0
2025-11-30,2025,Nov,South,Gopalganj,Delwar and Brothers - Gopalgonj,0
2025-11-30,2025,Nov,North East,Feni,Desh Agency,0
2025-11-30,2025,Nov,South,Kushtia,Dhaka Steel,104
2025-11-30,2025,Nov,North,Pabna,Dhaka Steel King,13
2025-11-30,2025,Nov,Dhaka,Gazipur,Dhaka Trade Centre,27
2025-11-30,2025,Nov,North,Naogaon,Dipak Kumar Deb,0
2025-11-30,2025,Nov,Dhaka,Dhaka,Dipti Traders,26
2025-11-30,2025,Nov,North,Pabna,D.K Traders,0
2025-11-30,2025,Nov,North East,Chandpur,Doha Traders,0
2025-11-30,2025,Nov,North,Nilphamari,DOSHMILE TRADERS,0
2025-11-30,2025,Nov,North East,Mymensingh,Dulal Traders,0
2025-11-30,2025,Nov,North,Chapainawabganj,Emdadul Haque,0
2025-11-30,2025,Nov,South,Jhenaidah,Emon Enterprise,0
2025-11-30,2025,Nov,North,Dinajpur,Eng.Md.Mohsin Ali,0
2025-11-30,2025,Nov,North East,Cumilla,Engr. Shafiqul Islam Build and Consultancy,0
2025-11-30,2025,Nov,North East,Brahmanbaria,Eng. Suman Datta,0
2025-11-30,2025,Nov,Dhaka,Gazipur,Evan Enterprise,0
2025-11-30,2025,Nov,Dhaka,Dhaka,Fakir Chan Bepari and Sons,0
2025-11-30,2025,Nov,North,Kurigram,Farhad and Brothers,13
2025-11-30,2025,Nov,Dhaka,Dhaka,Farid Enterprise,3
2025-11-30,2025,Nov,Dhaka,Manikganj,Faruk and Brothers,51
2025-11-30,2025,Nov,South,Meherpur,Faruk Enterprise - Meherpur,0
2025-11-30,2025,Nov,Dhaka,Dhaka,Feni Traders,0
2025-11-30,2025,Nov,South,Meherpur,F.K Trade,0
2025-11-30,2025,Nov,North,Dhaka,F M Trading International,0
2025-11-30,2025,Nov,North East,Noakhali,Foyez Store,0
2025-11-30,2025,Nov,North East,Chattogram,Friends International,25
2025-11-30,2025,Nov,North East,Mymensingh,F.S Enterprise,151
2025-11-30,2025,Nov,North,Thakurgaon,Gallery Traders,0
2025-11-30,2025,Nov,South,Barishal,Gangashari Traders,0
2025-11-30,2025,Nov,North,Dinajpur,Gausheyz Ventores,24
2025-11-30,2025,Nov,Dhaka,Dhaka,Gawsia Enterprise,261
2025-11-30,2025,Nov,Dhaka,Gazipur,Giash Steel,100
2025-11-30,2025,Nov,South,Barguna,GM Ikfa Enterprise,0
2025-11-30,2025,Nov,North East,Cumilla,Grameen Traders,0
2025-11-30,2025,Nov,North East,Mymensingh,Greenland Developers (Pvt.)Ltd.,0
2025-11-30,2025,Nov,South,Faridpur,Habib Enterprise (Faridpur),40
2025-11-30,2025,Nov,Dhaka,Gazipur,Haji Enterprise - Gazipur,118
2025-11-30,2025,Nov,North,Dinajpur,Hamana Traders,0
2025-11-30,2025,Nov,North,Rangpur,Hamid and Sons,0
2025-11-30,2025,Nov,South,Jashore,Hamid Traders,0
2025-11-30,2025,Nov,South,Madaripur,Hamim International,0
2025-11-30,2025,Nov,North,Chapainawabganj,Hammad and Sons,0
2025-11-30,2025,Nov,South,Chuadanga,Hannan and Brothers-Chuadanga,0
2025-11-30,2025,Nov,North,Bogura,Hannan Traders,65
2025-11-30,2025,Nov,North East,Mymensingh,Haque and Brothers,0
2025-11-30,2025,Nov,South,Bhola,Haque and Sons-Bhola,0
2025-11-30,2025,Nov,South,Jhenaidah,Haque and Sons-Jhenaidah,0
2025-11-30,2025,Nov,North,Sirajganj,Haque Iron,0
2025-11-30,2025,Nov,North,Tangail,Harun Enterprise,125
2025-11-30,2025,Nov,South,Barishal,Hawlader Iron Store,0
2025-11-30,2025,Nov,North East,Brahmanbaria,Hazi Mobarak Traders,0
2025-11-30,2025,Nov,North,Dinajpur,Hera Traders,0
2025-11-30,2025,Nov,Dhaka,Dhaka,Hobigonj Traders,20
2025-11-30,2025,Nov,North,Dhaka,Hossain Construction ( Pvt ) Ltd,0
2025-11-30,2025,Nov,North East,Kishoreganj,Hossen Bhuiyan Steel House,0
2025-11-30,2025,Nov,South,Khulna,Howlader and Company,0
2025-11-30,2025,Nov,Dhaka,Dhaka,Howlader Enterprise,106
2025-11-30,2025,Nov,South,Jhalokati,Howlader Traders-Jhalokathi,0
2025-11-30,2025,Nov,Dhaka,Dhaka,H.S Corporation,0
2025-11-30,2025,Nov,North,Gaibandha,Humayan Kabir Traders-Gaibandha,0
2025-11-30,2025,Nov,South,Kushtia,Hymo International,0
2025-11-30,2025,Nov,North,Rangpur,Imarat Trading,26
2025-11-30,2025,Nov,South,Satkhira,Imarot Trading-Satkhira,0
2025-11-30,2025,Nov,South,Faridpur,Iron and Steel House,0
2025-11-30,2025,Nov,North East,Cumilla,Islam and Sons,0
2025-11-30,2025,Nov,North,Bogura,Islam Brothers-Bogura,0
2025-11-30,2025,Nov,South,Jashore,Islam Traders-Jessore,0
2025-11-30,2025,Nov,North,Rangpur,Itusa Builders,0
2025-11-30,2025,Nov,North,Tangail,I.V Methi Traders,0
2025-11-30,2025,Nov,South,Faridpur,Jahangir Store - Faridpur,0
2025-11-30,2025,Nov,South,Satkhira,Jaman Traders,0
2025-11-30,2025,Nov,North,Dhaka,Janata Enterprise- Sirajgonj,0
2025-11-30,2025,Nov,North,Dhaka,Janata Steel and Iron House,0
2025-11-30,2025,Nov,North,Bogura,J and Ma Enterprise,0
2025-11-30,2025,Nov,South,Faridpur,Jaseka Traders,67
2025-11-30,2025,Nov,North East,Noakhali,Jashim Steel House,13
2025-11-30,2025,Nov,North,Lalmonirhat,Jerin Enterprise,0
2025-11-30,2025,Nov,North East,Kishoreganj,Jesan Traders,0
2025-11-30,2025,Nov,South,Jashore,JesminSanitary and Iron Store,13
2025-11-30,2025,Nov,South,Narail,Jhorna Enterprise,0
2025-11-30,2025,Nov,South,Khulna,Joint Enterprise,0
2025-11-30,2025,Nov,North,Tangail,Joy Joya Enterprise,140
2025-11-30,2025,Nov,South,Shariatpur,Julhas and Brothers,0
2025-11-30,2025,Nov,North,Bogura,Kabir Traders-Bogra,0
2025-11-30,2025,Nov,North East,Cumilla,Kajol Enterprise,0
2025-11-30,2025,Nov,North East,Cumilla,Kalam and Sons,0
2025-11-30,2025,Nov,South,Faridpur,Kamarjani Traders,0
2025-11-30,2025,Nov,Dhaka,Gazipur,Kamrul Trading Corporation,50
2025-11-30,2025,Nov,South,Faridpur,Kamruzzaman Enterprise,0
2025-11-30,2025,Nov,South,Kushtia,Kanak Traders-Kustia,0
2025-11-30,2025,Nov,Dhaka,Gazipur,Kashem and Sons,42
2025-11-30,2025,Nov,North East,Noakhali,Kashem Traders (Noakhali),0
2025-11-30,2025,Nov,North,Kurigram,Khairul Enterprise,0
2025-11-30,2025,Nov,Dhaka,Dhaka,Khalid Trading Corporation,0
2025-11-30,2025,Nov,South,Jhalokati,Khan Builders,0
2025-11-30,2025,Nov,Dhaka,Dhaka,Khan Enterprise,356
2025-11-30,2025,Nov,North East,Lakshmipur,Khan Machineries Store,0
2025-11-30,2025,Nov,South,Khulna,Khan Traders -Khulna,20
2025-11-30,2025,Nov,South,Madaripur,Khan Traders- Madaripur,13
2025-11-30,2025,Nov,South,Madaripur,Khan Traders- Shibchor,0
2025-11-30,2025,Nov,North East,Chandpur,Khaza Variety Store,0
2025-11-30,2025,Nov,Dhaka,Gazipur,Khurshida Builders,103
2025-11-30,2025,Nov,South,Narail,King Builders,0
2025-11-30,2025,Nov,North,Rajshahi,Kismot Trading Corporation,0
2025-11-30,2025,Nov,South,Barishal,K K Enterprise,0
2025-11-30,2025,Nov,North,Dinajpur,Kobir Traders,0
2025-11-30,2025,Nov,North East,Mymensingh,K.S. Trading,0
2025-11-30,2025,Nov,North,Dinajpur,Kumor Uddin and Sons,0
2025-11-30,2025,Nov,North,Dinajpur,Kundu Brothers,0
2025-11-30,2025,Nov,South,Faridpur,Kustia Enterprise,0
2025-11-30,2025,Nov,South,Barishal,Layla Builders,0
2025-11-30,2025,Nov,South,Patuakhali,Lila Enterprise,0
2025-11-30,2025,Nov,North,Tangail,Liton Enterprise,0
2025-11-30,2025,Nov,North,Nilphamari,L.N Trading Co.,52
2025-11-30,2025,Nov,North East,Mymensingh,Lubaba  Enterprise,0
2025-11-30,2025,Nov,North East,Sylhet,Ludhi Steel Marchant,100
2025-11-30,2025,Nov,North East,Feni,Madani Traders,0
2025-11-30,2025,Nov,South,Shariatpur,Madbor Enterprise,13
2025-11-30,2025,Nov,Dhaka,Narayanganj,Madina Corporation,0
2025-11-30,2025,Nov,North East,Netrokona,Mahabub Traders,0
2025-11-30,2025,Nov,Dhaka,Dhaka,Mahadi Design and Construction,14
2025-11-30,2025,Nov,North,Rajshahi,Mahamud Enterprise,0
2025-11-30,2025,Nov,North,Thakurgaon,Mahbub Enterprise,0
2025-11-30,2025,Nov,South,Jhenaidah,Mahir Trading,0
2025-11-30,2025,Nov,North East,Mymensingh,Mahi Traders,0
2025-11-30,2025,Nov,North,Dinajpur,Mahi Traders-Dinajpur,0
2025-11-30,2025,Nov,South,Jashore,Mahiya Kabir Corporation,13
2025-11-30,2025,Nov,North,Bogura,Mahmud Mahbub Traders,0
2025-11-30,2025,Nov,Dhaka,Dhaka,Makkah Traders,156
2025-11-30,2025,Nov,Dhaka,Gazipur,Mamun Enterprise-Gazipur,20
2025-11-30,2025,Nov,North East,Sylhet,Mamun Enterprise- Shylet,0
2025-11-30,2025,Nov,North,Pabna,Mamun Traders-Pabna,40
2025-11-30,2025,Nov,South,Kushtia,Mannan Hardware and Iron Store,0
2025-11-30,2025,Nov,Dhaka,Narayanganj,Mashin Corporation,0
2025-11-30,2025,Nov,North,Bogura,Master Traders (Shantahar),26
2025-11-30,2025,Nov,South,Barishal,Masud Enterprise,0
2025-11-30,2025,Nov,South,Madaripur,Mayer Doa Enterprise,26
2025-11-30,2025,Nov,North East,Netrokona,Mayer Doa Traders,0
2025-11-30,2025,Nov,North East,Chandpur,Md.Nasir Uddin -Chandpur,0
2025-11-30,2025,Nov,South,Bagerhat,Media Enterprise,0
2025-11-30,2025,Nov,South,Shariatpur,M H Traders,0
2025-11-30,2025,Nov,North East,Cumilla,Mili Enterprise,10
2025-11-30,2025,Nov,Dhaka,Gazipur,Mim Enterprise,91
2025-11-30,2025,Nov,Dhaka,Dhaka,Misti Enterprise,28
2025-11-30,2025,Nov,North East,Jamalpur,Mizan and Son's,39
2025-11-30,2025,Nov,South,Jhalokati,M Khan Ltd.,0
2025-11-30,2025,Nov,North East,Mymensingh,M K Traders,0
2025-11-30,2025,Nov,Dhaka,Dhaka,Modina Steel Corporation,132
2025-11-30,2025,Nov,North East,Sherpur,Mofazzal Enterprise,54
2025-11-30,2025,Nov,South,Kushtia,Mokka Enterprise- Kustia,0
2025-11-30,2025,Nov,South,Magura,Molla Banijjo Vander,26
2025-11-30,2025,Nov,North East,Cumilla,Molla Traders- Comilla,0
2025-11-30,2025,Nov,South,Jashore,Mollik Enterprise-Khulna,0
2025-11-30,2025,Nov,North,Dinajpur,Mondol Traders - Dinajpur,0
2025-11-30,2025,Nov,North,Kurigram,Mondol Traders- Kurigram,0
2025-11-30,2025,Nov,North,Sirajganj,Mondol Traders- Sirajgonj,0
2025-11-30,2025,Nov,Dhaka,Dhaka,Monir Enterprise,26
2025-11-30,2025,Nov,North,Dinajpur,Monoj Kumar Mallick,0
2025-11-30,2025,Nov,North East,Jamalpur,Morzina Steel House,0
2025-11-30,2025,Nov,South,Barishal,Moshiur Rahman Minto,0
2025-11-30,2025,Nov,North,Tangail,Mostafa Enterprise-Tangail,0
2025-11-30,2025,Nov,Dhaka,Gazipur,Mowchak Steel Corporation,13
2025-11-30,2025,Nov,North,Rangpur,M.R Traders,0
2025-11-30,2025,Nov,North East,Chandpur,M/S: Tafhim Enterprise,0
2025-11-30,2025,Nov,South,Narail,M/S Abdul Hadi Traders,0
2025-11-30,2025,Nov,North,Naogaon,M/S Abdullah Traders,0
2025-11-30,2025,Nov,North,Sirajganj,M/S Abdus Samad Khan,28
2025-11-30,2025,Nov,North East,Cumilla,M/S Abedin Enterprise,0
2025-11-30,2025,Nov,South,Patuakhali,M/S. Abul Kalam Azad,0
2025-11-30,2025,Nov,North East,Narsingdi,M/S Adiat Traders,15
2025-11-30,2025,Nov,Dhaka,Dhaka,M/S Adil Enterprise,3
2025-11-30,2025,Nov,North,Pabna,M/S Adi Saha Trading,0
2025-11-30,2025,Nov,South,Satkhira,M/S. Afroz Enterprise,0
2025-11-30,2025,Nov,North,Nilphamari,M/S. Al Amin Traders-Nilphamary,0
2025-11-30,2025,Nov,North East,Netrokona,M/S Alam Traders,0
2025-11-30,2025,Nov,North,Dinajpur,M/S. Alhaj Traders-Dinajpur,0
2025-11-30,2025,Nov,South,Shariatpur,M/S Aliuzzaman Mir Malot,0
2025-11-30,2025,Nov,Dhaka,Gazipur,M/S Al-Madina Enterprise,0
2025-11-30,2025,Nov,South,Kushtia,M/S. Al-Nobi Hardware & Sanitary,0
2025-11-30,2025,Nov,North East,Noakhali,M/S Anisha Enterprise,0
2025-11-30,2025,Nov,North,Sirajganj,M/S Anowar Enterprise,0
2025-11-30,2025,Nov,South,Barguna,M/S. Anower Brick,0
2025-11-30,2025,Nov,Dhaka,Gazipur,M/S Arif Traders,10
2025-11-30,2025,Nov,North East,Cumilla,M/S -Ariyan Enterprise,0
2025-11-30,2025,Nov,South,Faridpur,M/S Asraf  and Sons,0
2025-11-30,2025,Nov,South,Jhenaidah,M/S. Astha Builders,0
2025-11-30,2025,Nov,South,Barguna,M/S Ayaan Traders,26
2025-11-30,2025,Nov,South,Jashore,M/S Ayesha Steel Corporation,0
2025-11-30,2025,Nov,South,Patuakhali,M/S. Azad Enterprise,0
2025-11-30,2025,Nov,South,Jashore,M/S Azim Shah Traders,53
2025-11-30,2025,Nov,North,Natore,M/S Azmir Enterprise,0
2025-11-30,2025,Nov,South,Jashore,M/S Babu Traders,0
2025-11-30,2025,Nov,South,Magura,M/S Bali Construction,0
2025-11-30,2025,Nov,South,Chuadanga,M/S. Bani Traders,0
2025-11-30,2025,Nov,Dhaka,Dhaka,M/S Bepari Traders,0
2025-11-30,2025,Nov,South,Rajbari,M/S Bepari Traders - Rajbari,11
2025-11-30,2025,Nov,Dhaka,Dhaka,M/S Bhai Bhai Traders and Engineering Works,5
2025-11-30,2025,Nov,North,Dinajpur,M/S. Bhai Bhai Traders (Dinajpur),0
2025-11-30,2025,Nov,North East,Cumilla,M/S Bhuiyan Traders-Cumilla,0
2025-11-30,2025,Nov,North East,Noakhali,M/S Bhuiyan Traders-Noakhali,0
2025-11-30,2025,Nov,North,Rangpur,M/S. Billah Traders,0
2025-11-30,2025,Nov,North East,Chandpur,MS.Billal Traders-Chandpur,0
2025-11-30,2025,Nov,North East,Mymensingh,M/S Bismillah Hardware and Glass House,0
2025-11-30,2025,Nov,North East,Kishoreganj,M/S Bismillah Traders- Bhairob,0
2025-11-30,2025,Nov,North East,Kishoreganj,M/S Bismillah Traders-Mymensing,0
2025-11-30,2025,Nov,North,Naogaon,M/S. Bismillha Traders-Naoga,0
2025-11-30,2025,Nov,South,Jhenaidah,M/S Bondhu Enterprise,26
2025-11-30,2025,Nov,North,Sherpur,M/S. Bondhu Enterprise-Bogra,0
2025-11-30,2025,Nov,South,Bhola,M/S Bushra Construction,0
2025-11-30,2025,Nov,North,Bogura,M/S. Bushra Traders,198
2025-11-30,2025,Nov,South,Jashore,M/S Chitra Trading,0
2025-11-30,2025,Nov,North,Lalmonirhat,M/s Dhorla Trading,0
2025-11-30,2025,Nov,South,Jashore,M/S. Dipro Enterprise,0
2025-11-30,2025,Nov,South,Faridpur,M/S. Durgapur Hi Tech,0
2025-11-30,2025,Nov,North East,Narsingdi,M/S Easy Builders,0
2025-11-30,2025,Nov,South,Khulna,M/S. Elina Enterprise,0
2025-11-30,2025,Nov,South,Pirojpur,M/S Emon Enterprise,0
2025-11-30,2025,Nov,North East,Dhaka,M/S. Engineer Builders,60
2025-11-30,2025,Nov,North East,Cumilla,M/S. Faisal Enterprise,0
2025-11-30,2025,Nov,South,Gopalganj,M/S Fakir and Sons,0
2025-11-30,2025,Nov,South,Satkhira,M/S Faruk Traders-Sathkhira,0
2025-11-30,2025,Nov,South,Meherpur,M/S. Fojilatun Nesha &Sons,0
2025-11-30,2025,Nov,South,Barishal,M/S Forkan Traders,0
2025-11-30,2025,Nov,South,Gopalganj,M/S Friends Enterprise,0
2025-11-30,2025,Nov,North East,Cumilla,M/S Gaji Hardware,0
2025-11-30,2025,Nov,North,Kurigram,M/S. G.M Enterprise,0
2025-11-30,2025,Nov,Dhaka,Dhaka,M/S. Hailmi Enterprise,0
2025-11-30,2025,Nov,North East,Cumilla,M/S Hanif Enterprise,0
2025-11-30,2025,Nov,Dhaka,Dhaka,M/S Haque and Hasan Traders,22
2025-11-30,2025,Nov,North East,Feni,M/S Haque Enterprise,0
2025-11-30,2025,Nov,North East,Brahmanbaria,M/S. Hasan Enterprise,0
2025-11-30,2025,Nov,South,Satkhira,M/S. Hasan Traders-Satkhira,0
2025-11-30,2025,Nov,South,Shariatpur,M/S. Hawlader Enterprise-Sariatpur,0
2025-11-30,2025,Nov,North East,Dhaka,M/S Hazi Abdul Khalique  & Son's,0
2025-11-30,2025,Nov,Dhaka,Dhaka,M/S Hazi Sarif Munshi Traders,15
2025-11-30,2025,Nov,South,Madaripur,M/S. Hazi Traders- Madaripur,0
2025-11-30,2025,Nov,North East,Jamalpur,M/S HEMENDRA CHANDRA SINGH,0
2025-11-30,2025,Nov,North East,Noakhali,M/S Hoque and Brothers (Noakhali),0
2025-11-30,2025,Nov,South,Bhola,M/S H Rahman and Sons,30
2025-11-30,2025,Nov,Dhaka,Narayanganj,M/S Ichapuri Cement House,0
2025-11-30,2025,Nov,South,Patuakhali,M/S.Islamia Traders,0
2025-11-30,2025,Nov,South,Jashore,M/S Islam Traders- Keshabpur,0
2025-11-30,2025,Nov,North,Tangail,M/S. Islam Traders- Sirajgonj,0
2025-11-30,2025,Nov,North,Naogaon,M/S. IT Construction,0
2025-11-30,2025,Nov,North East,Lakshmipur,M/S Jahir Enterprise,0
2025-11-30,2025,Nov,South,Patuakhali,M/S.Jamal Traders,0
2025-11-30,2025,Nov,North,Tangail,M/S.Jannath Enterprise,0
2025-11-30,2025,Nov,North East,Jamalpur,M/S Jibon Enterprise,0
2025-11-30,2025,Nov,North East,Jamalpur,M/S. Jibon Traders,0
2025-11-30,2025,Nov,South,Jashore,M/S Johir Enterprise,0
2025-11-30,2025,Nov,South,Meherpur,M/S Jony Enterprise -Meherpur,0
2025-11-30,2025,Nov,South,Jhenaidah,M/S Kafi Traders,0
2025-11-30,2025,Nov,South,Barguna,M/S. Kamal Enterprise,14
2025-11-30,2025,Nov,North,Panchagarh,M/S Kamlesh Traders,0
2025-11-30,2025,Nov,South,Barguna,M/S. Karim Builders,13
2025-11-30,2025,Nov,North,Tangail,M/S. Khalekujjaman Traders,0
2025-11-30,2025,Nov,South,Faridpur,M/S Khan Enterprise-Faridpur,0
2025-11-30,2025,Nov,Dhaka,Gazipur,M/S Khan Enterprise-Kaligonj,142
2025-11-30,2025,Nov,North,Dinajpur,M/S. Khan Enterprises- Dinajpur,0
2025-11-30,2025,Nov,North,Tangail,M/S Khan Traders-Tangail,0
2025-11-30,2025,Nov,South,Faridpur,M/S Khaza Traders,53
2025-11-30,2025,Nov,North East,Cumilla,M/S. Khokon Enterprise,0
2025-11-30,2025,Nov,North,Thakurgaon,M/S. Kibriya Enterprise,0
2025-11-30,2025,Nov,North East,Cumilla,M/S-Laksam Trading Corporation,94
2025-11-30,2025,Nov,Dhaka,Manikganj,M/S Latif Traders,11
2025-11-30,2025,Nov,South,Gopalganj,M/S Linkon Enterprise,0
2025-11-30,2025,Nov,North,Natore,M/s Liton Enterprise,0
2025-11-30,2025,Nov,North East,Narsingdi,M/S. Liza Traders,0
2025-11-30,2025,Nov,Dhaka,Dhaka,M/S. Maa Enterprise,53
2025-11-30,2025,Nov,South,Barishal,M/S. Mahabub Traders,0
2025-11-30,2025,Nov,Dhaka,Gazipur,M/S. Mainul Traders,71
2025-11-30,2025,Nov,North East,Brahmanbaria,M/S. Malek and Sons,0
2025-11-30,2025,Nov,North,Dhaka,M/S. Manobendro Das,0
2025-11-30,2025,Nov,Dhaka,Dhaka,M/S. Marks Trading,0
2025-11-30,2025,Nov,South,Jhalokati,M/S Mary Suppliers and Mary Bricks,0
2025-11-30,2025,Nov,South,Bhola,M/S. Masaallah Traders,0
2025-11-30,2025,Nov,North East,Cumilla,M/S.Masfalah Construction,0
2025-11-30,2025,Nov,Dhaka,Dhaka,M/S Master Enterprise (Savar),5
2025-11-30,2025,Nov,South,Khulna,M/S. M. A Traders (Dr.),0
2025-11-30,2025,Nov,Dhaka,Gazipur,M/S Mawna Builders,0
2025-11-30,2025,Nov,North,Tangail,M/S Maya Traders,0
2025-11-30,2025,Nov,South,Satkhira,M/S. Mayer Doa Sanitary and Anwar Sheet Enterprise,0
2025-11-30,2025,Nov,North,Bogura,M/S. Mayer Doya Variety Store,0
2025-11-30,2025,Nov,Dhaka,Gazipur,M/s Midul Enterprise,32
2025-11-30,2025,Nov,South,Kushtia,M/S Mim Traders-Kustia,0
2025-11-30,2025,Nov,South,Chuadanga,M/S Mizan Traders,0
2025-11-30,2025,Nov,South,Faridpur,M/S Modina Traders,0
2025-11-30,2025,Nov,North East,Noakhali,M/S. Mokka Enterprise- Noakhali,0
2025-11-30,2025,Nov,North East,Narsingdi,M/S Mollah Enterprise-Narsingdi,0
2025-11-30,2025,Nov,North,Rajshahi,M/S. Mollah Enterprise-Rajshahi,0
2025-11-30,2025,Nov,North East,Cumilla,M/S Molla Traders-Chouddogram,0
2025-11-30,2025,Nov,South,Gopalganj,M/S Molla Traders-Gopalgonj,0
2025-11-30,2025,Nov,North,Bogura,M/S. Mondol Traders-Shibgonj,0
2025-11-30,2025,Nov,North,Tangail,M/S. Monira Enterprise,0
2025-11-30,2025,Nov,North,Dhaka,M/S Moon Traders- Sirajgonj,0
2025-11-30,2025,Nov,South,Barguna,M/S. Mridha Traders,0
2025-11-30,2025,Nov,North East,Netrokona,M/S-M.S Traders,0
2025-11-30,2025,Nov,North,Bogura,M/S. Mukta Traders,12
2025-11-30,2025,Nov,North East,Noakhali,M/S.Muldhara Trading,53
2025-11-30,2025,Nov,South,Pirojpur,M/S Nahar Enterprise- Pirojpur,0
2025-11-30,2025,Nov,South,Shariatpur,M/S Nayeem Enterprise,0
2025-11-30,2025,Nov,North,Tangail,M/S. Nazmul Enterprise,0
2025-11-30,2025,Nov,North East,Cumilla,M/S. Nazrul Traders,0
2025-11-30,2025,Nov,South,Pirojpur,M/S New Hope Traders,20
2025-11-30,2025,Nov,South,Gopalganj,M/S. New Sikder Traders,0
2025-11-30,2025,Nov,South,Satkhira,M/s Nirala Trader's,0
2025-11-30,2025,Nov,South,Madaripur,M/s Nirman,0
2025-11-30,2025,Nov,South,Barguna,M/s. Nur-E-Madina Trading,0
2025-11-30,2025,Nov,South,Faridpur,M/S Nur Mahidi Nerman Vander,0
2025-11-30,2025,Nov,South,Pirojpur,M/S Oishani Enterprise,0
2025-11-30,2025,Nov,Dhaka,Dhaka,M/S Osman Steel Corporation,0
2025-11-30,2025,Nov,North East,Lakshmipur,M/S Parvez Enterprise,100
2025-11-30,2025,Nov,North,Naogaon,M/S Parvez Trading-Naogaon,56
2025-11-30,2025,Nov,North,Dinajpur,M/S Popular Steel,0
2025-11-30,2025,Nov,South,Gopalganj,M/s Porosh Enterprise,0
2025-11-30,2025,Nov,North East,Cumilla,MS.Probashi G.I. Enterpries.,0
2025-11-30,2025,Nov,North,Dhaka,M/S. Purabi Traders,0
2025-11-30,2025,Nov,North,Pabna,M/S Rafiq Enterprise,0
2025-11-30,2025,Nov,South,Narail,M/S Rahit Ruchi Enterprise,0
2025-11-30,2025,Nov,Dhaka,Narayanganj,M/S Rahmania Enterprise,77
2025-11-30,2025,Nov,South,Chuadanga,M/S Rahman Traders,0
2025-11-30,2025,Nov,North East,Narsingdi,M/S Rahman Traders-Norsingdi,13
2025-11-30,2025,Nov,South,Jashore,M/S Raisa Enterprise,0
2025-11-30,2025,Nov,North,Thakurgaon,M/S. Raju Ceramic & Sanitary,0
2025-11-30,2025,Nov,Dhaka,Gazipur,M/S Rana Enterprise,14
2025-11-30,2025,Nov,North,Panchagarh,M/S. Rashad Traders,0
2025-11-30,2025,Nov,Dhaka,Dhaka,M/S. Rayhan Enterprise,75
2025-11-30,2025,Nov,Dhaka,Gazipur,M/S R.B Steel and Co.,157
2025-11-30,2025,Nov,North,Natore,M/S. Reza Enterprise,0
2025-11-30,2025,Nov,North,Pabna,M/S.Reza Enterprise-Pabna,13
2025-11-30,2025,Nov,North,Dinajpur,M/S Ripon Traders,0
2025-11-30,2025,Nov,South,Jashore,M/S R M Traders,0
2025-11-30,2025,Nov,North,Rangpur,M/S Rohima Traders,0
2025-11-30,2025,Nov,North,Panchagarh,M/S Rostom and Sons,0
2025-11-30,2025,Nov,North East,Cumilla,M/S. RS Hardware,0
2025-11-30,2025,Nov,North East,Noakhali,M/S Ruhul Amin Traders,5
2025-11-30,2025,Nov,Dhaka,Gazipur,M/S Sadar Builders,26
2025-11-30,2025,Nov,North,Tangail,M/S Sadia and Samia Traders,0
2025-11-30,2025,Nov,North,Panchagarh,M/S. Sadik Enterprise,0
2025-11-30,2025,Nov,South,Khulna,M/S. Safwan Corporation,0
2025-11-30,2025,Nov,North,Thakurgaon,M/S. Sahi-Imran Traders,0
2025-11-30,2025,Nov,Dhaka,Narayanganj,M/S Saif Traders,24
2025-11-30,2025,Nov,South,Madaripur,M/S Saifullah Enterprise,0
2025-11-30,2025,Nov,North,Pabna,M/S Samir Traders,0
2025-11-30,2025,Nov,South,Barishal,M/S Sazib Trading,0
2025-11-30,2025,Nov,North,Bogura,M/S Sazid Traders,0
2025-11-30,2025,Nov,South,Patuakhali,M/S.Serajul Haque,0
2025-11-30,2025,Nov,North,Rangpur,M/S. Shafi Trading,0
2025-11-30,2025,Nov,South,Faridpur,M/S Shah Farid Nirman Vander,0
2025-11-30,2025,Nov,North,Kurigram,M/S. Shaju Hardware,0
2025-11-30,2025,Nov,South,Jhenaidah,M/S Shamim Steel Corner,52
2025-11-30,2025,Nov,South,Shariatpur,M/S Shamim Traders-Sariatpur,0
2025-11-30,2025,Nov,South,Jhalokati,M/S Shampa Construction,0
2025-11-30,2025,Nov,North,Nilphamari,M/S. Sharif Construction Center,0
2025-11-30,2025,Nov,South,Gopalganj,M/S. Sharif Enterprise,6
2025-11-30,2025,Nov,South,Pirojpur,M/S. Shikder Enterprise-Pirojpur,0
2025-11-30,2025,Nov,South,Magura,M/S Shohag Enterprise-Satkhira,0
2025-11-30,2025,Nov,North,Sirajganj,M/s Shohan Iron and Steel House.,195
2025-11-30,2025,Nov,North,Thakurgaon,M/S. Shovon Traders,0
2025-11-30,2025,Nov,South,Khulna,M/S Showrov Enterprise,0
2025-11-30,2025,Nov,South,Narail,M/S. Sikdar Enterprise- Norail,0
2025-11-30,2025,Nov,North,Dinajpur,M/S. Sohidul Traders,0
2025-11-30,2025,Nov,South,Faridpur,M/S Sony Vander,39
2025-11-30,2025,Nov,North,Thakurgaon,M/S. Sulov Lauho Bitan,0
2025-11-30,2025,Nov,North,Chapainawabganj,M/S Sweet Enterprise,0
2025-11-30,2025,Nov,Dhaka,Gazipur,M/S Takhiya Enterprise,0
2025-11-30,2025,Nov,South,Gopalganj,M/S Tasnim Enterprise,0
2025-11-30,2025,Nov,North,Thakurgaon,M/S. Tin Vai Enterprise,0
2025-11-30,2025,Nov,North,Sirajganj,M/S Tisha Enterprise,0
2025-11-30,2025,Nov,South,Bagerhat,M/S Tonmoy Traders,0
2025-11-30,2025,Nov,Dhaka,Gazipur,M/S. Tosher Enterprise,7
2025-11-30,2025,Nov,North,Panchagarh,M/S Vai Vai Traders-Panchagor,0
2025-11-30,2025,Nov,South,Bhola,M/S. Yakub Traders,0
2025-11-30,2025,Nov,South,Chuadanga,M/S - Younus Hardware,13
2025-11-30,2025,Nov,South,Barishal,M/S Zakir Store,0
2025-11-30,2025,Nov,North,Rangpur,M/S. Zaman Traders-Rangpur,224
2025-11-30,2025,Nov,Dhaka,Dhaka,M/S Zam Zam Trading (Dhaka),23
2025-11-30,2025,Nov,North,Rangpur,M/S Zast Traders,0
2025-11-30,2025,Nov,South,Satkhira,M/S Zia Traders,0
2025-11-30,2025,Nov,Dhaka,Dhaka,Munshigonj Steel House,65
2025-11-30,2025,Nov,South,Jashore,M. Zaman Enterprise,0
2025-11-30,2025,Nov,South,Madaripur,Nabila Traders (Madaripur),0
2025-11-30,2025,Nov,North,Pabna,"Nabi Traders (Ishawrdi,  Pabna)",26
2025-11-30,2025,Nov,Dhaka,Dhaka,Nahar Steel,173
2025-11-30,2025,Nov,Dhaka,Dhaka,Nal Gulf Construction and Properties,0
2025-11-30,2025,Nov,North,Lalmonirhat,Narsingdi Enterprise,0
2025-11-30,2025,Nov,Dhaka,Dhaka,Nasrin Enterprise,0
2025-11-30,2025,Nov,Dhaka,Dhaka,Nation Tech Communications Limited,0
2025-11-30,2025,Nov,Dhaka,Dhaka,Nayeef Trading Corporation,0
2025-11-30,2025,Nov,North,Kurigram,Nayeem Traders (Kurigram),0
2025-11-30,2025,Nov,South,Barishal,Nayem Enterprise,0
2025-11-30,2025,Nov,South,Jashore,Nayon and Chayon,0
2025-11-30,2025,Nov,South,Jhenaidah,Nazmul Traders- Jhenaidah,0
2025-11-30,2025,Nov,North,Rangpur,Need Construction,0
2025-11-30,2025,Nov,South,Khulna,New Bengal Store,0
2025-11-30,2025,Nov,South,Dhaka,New Era Manufacturing Ltd.,0
2025-11-30,2025,Nov,South,Barishal,New Hasina Enterprise,0
2025-11-30,2025,Nov,Dhaka,Dhaka,New Sharmin Enterprise,30
2025-11-30,2025,Nov,Dhaka,Dhaka,Niloy Enterprise,0
2025-11-30,2025,Nov,South,Jhenaidah,Nishi Enterprise- Jhinaidah,0
2025-11-30,2025,Nov,South,Khulna,Nondi Trading Corporatin,0
2025-11-30,2025,Nov,North,Gaibandha,Northbengal Traders,0
2025-11-30,2025,Nov,South,Madaripur,Nurjahan Resourse International,0
2025-11-30,2025,Nov,North,Dinajpur,Nur Steel,0
2025-11-30,2025,Nov,South,Meherpur,Padma Enterprise,0
2025-11-30,2025,Nov,South,Gopalganj,Pal and Sons,0
2025-11-30,2025,Nov,South,Chuadanga,Palash Kumer Shaha,0
2025-11-30,2025,Nov,North,Dhaka,Palli Tower,0
2025-11-30,2025,Nov,North East,Moulvibazar,Paul Traders,0
2025-11-30,2025,Nov,Dhaka,Dhaka,Pioneer Location Ltd.,3
2025-11-30,2025,Nov,Dhaka,Dhaka,Popular Enterprise,21
2025-11-30,2025,Nov,North,Rangpur,Prince Enterprise,0
2025-11-30,2025,Nov,North,Bogura,Priti Traders (Bogra),0
2025-11-30,2025,Nov,North,Tangail,Prodhan Traders,0
2025-11-30,2025,Nov,North East,Chandpur,Rabbi Traders,0
2025-11-30,2025,Nov,North,Tangail,Rafik and Brothers - Joypurhat,0
2025-11-30,2025,Nov,North East,Jamalpur,Rahi Trade,0
2025-11-30,2025,Nov,North East,Narsingdi,Rahman Steel House,50
2025-11-30,2025,Nov,South,Shariatpur,Raju Enterprise,0
2025-11-30,2025,Nov,North,Gaibandha,Raju Traders,0
2025-11-30,2025,Nov,South,Jashore,Raju Zakir Enterprise,0
2025-11-30,2025,Nov,North East,Brahmanbaria,R. A Khan Properties,0
2025-11-30,2025,Nov,South,Narail,Rakhi Enterprise,0
2025-11-30,2025,Nov,North,Tangail,Rasel Store,0
2025-11-30,2025,Nov,South,Madaripur,Rashed Enterprise (Madaripur),0
2025-11-30,2025,Nov,South,Jashore,Razzaque Steel House,133
2025-11-30,2025,Nov,South,Patuakhali,Rema Enterprise,27
2025-11-30,2025,Nov,North East,Kishoreganj,Renu Traders,67
2025-11-30,2025,Nov,North,Bogura,Rezaul Bari (Bogra),0
2025-11-30,2025,Nov,North,Panchagarh,Riad Traders-Panchagor,0
2025-11-30,2025,Nov,South,Kushtia,R.I and Co.,0
2025-11-30,2025,Nov,North,Tangail,Riaz Uddin Traders,0
2025-11-30,2025,Nov,North,Tangail,Ridoy Enterprise- Tangail,0
2025-11-30,2025,Nov,Dhaka,Gazipur,Ridwan Traders,26
2025-11-30,2025,Nov,North,Tangail,Rina Construction,0
2025-11-30,2025,Nov,South,Khulna,Riya Trading International,0
2025-11-30,2025,Nov,North,Tangail,R. K Traders,0
2025-11-30,2025,Nov,South,Satkhira,Rofiqul and Brothers,0
2025-11-30,2025,Nov,South,Khulna,Rokeya Traders,0
2025-11-30,2025,Nov,North,Gaibandha,Rosid Traders,0
2025-11-30,2025,Nov,South,Kushtia,R. Rahman Corporation,209
2025-11-30,2025,Nov,Dhaka,Narayanganj,R.S Enterprise,228
2025-11-30,2025,Nov,South,Madaripur,R. S Enterprise-Madaripur,13
2025-11-30,2025,Nov,North East,Sherpur,Rubel Enterprise,0
2025-11-30,2025,Nov,North,Dinajpur,Rumman Traders,0
2025-11-30,2025,Nov,North,Dinajpur,Runa Enterprise,0
2025-11-30,2025,Nov,South,Barishal,Sajid and Brothers,0
2025-11-30,2025,Nov,South,Patuakhali,Sajid Enterprise- Patuakhali,0
2025-11-30,2025,Nov,South,Kushtia,Salam and Sons,65
2025-11-30,2025,Nov,South,Kushtia,Saleha Traders,169
2025-11-30,2025,Nov,South,Satkhira,Samannay Traders,0
2025-11-30,2025,Nov,North,Chapainawabganj,Sanaullah and Sons,0
2025-11-30,2025,Nov,North,Sirajganj,Sarkar Trading (Sirajgonj),14
2025-11-30,2025,Nov,North,Dinajpur,Sarker Brothers,0
2025-11-30,2025,Nov,South,Barishal,Satata Enterprise,0
2025-11-30,2025,Nov,South,Faridpur,Sathi Store,0
2025-11-30,2025,Nov,North,Pabna,S A Traders-Pabna,0
2025-11-30,2025,Nov,North East,Jamalpur,Sattar Traders,0
2025-11-30,2025,Nov,North,Rajshahi,SB Laboratories,0
2025-11-30,2025,Nov,South,Faridpur,S.B Traders - Faridpur,0
2025-11-30,2025,Nov,South,Shariatpur,Seba Trading Corporation,0
2025-11-30,2025,Nov,Dhaka,Dhaka,Selim Malik Traders,0
2025-11-30,2025,Nov,North,Panchagarh,Shaha Traders,0
2025-11-30,2025,Nov,North East,Mymensingh,Shahbuddin and Brothers,0
2025-11-30,2025,Nov,North East,Mymensingh,Shahin Enterprise,0
2025-11-30,2025,Nov,South,Jhenaidah,Shahin Traders,0
2025-11-30,2025,Nov,South,Narail,Shahin Traders - Narail,30
2025-11-30,2025,Nov,North,Rangpur,Shah Md Ashrafudulla,0
2025-11-30,2025,Nov,North East,Chandpur,Shakil Enterprise- Chandpur,0
2025-11-30,2025,Nov,South,Khulna,Shamim and Co,0
2025-11-30,2025,Nov,North East,Chandpur,Shamima Traders,0
2025-11-30,2025,Nov,South,Bhola,Shanaullah Enterprise,22
2025-11-30,2025,Nov,North,Rajshahi,Shanto Hardware,0
2025-11-30,2025,Nov,South,Khulna,Sharif and Co,0
2025-11-30,2025,Nov,South,Magura,Sharif Steel  Corner,0
2025-11-30,2025,Nov,South,Barguna,Sharmi Enterprise- Borguna,0
2025-11-30,2025,Nov,South,Gopalganj,Shawkat Hossain Mollah,0
2025-11-30,2025,Nov,North East,Mymensingh,Shayan Traders,0
2025-11-30,2025,Nov,South,Satkhira,Sheikh Brothers-Satkhira,0
2025-11-30,2025,Nov,North,Gaibandha,Shetu Traders- Gaibandha,0
2025-11-30,2025,Nov,Dhaka,Narayanganj,Shifat Enterprise-N.Ganj,80
2025-11-30,2025,Nov,South,Khulna,Shikder and Brothers,0
2025-11-30,2025,Nov,North East,Kishoreganj,Shimu Traders,0
2025-11-30,2025,Nov,South,Chuadanga,Shohag Enterprise,0
2025-11-30,2025,Nov,North,Natore,Shohug Machineries  and Traders,0
2025-11-30,2025,Nov,South,Bagerhat,Shotota Enterprise,0
2025-11-30,2025,Nov,North East,Brahmanbaria,Shuvo Enterprise (Ashuganj),0
2025-11-30,2025,Nov,South,Narail,Shuvo Enterprise - Norail,0
2025-11-30,2025,Nov,South,Jhenaidah,Siddique Cycle Store and Traders,0
2025-11-30,2025,Nov,North East,Sylhet,Siddiquey Construction,40
2025-11-30,2025,Nov,Dhaka,Dhaka,Sikder Enterprise (Keranigonj),20
2025-11-30,2025,Nov,South,Gopalganj,Sikder Traders-Goplagonj,54
2025-11-30,2025,Nov,North,Pabna,Sikder Traders (Pabna),26
2025-11-30,2025,Nov,North East,Cumilla,Silver Tiles and Sanitary,0
2025-11-30,2025,Nov,Dhaka,Dhaka,Simplex Development Ltd.,10
2025-11-30,2025,Nov,Dhaka,Manikganj,Singair Alfi Trade Link.,0
2025-11-30,2025,Nov,North,Dhaka,Sirajgonj Iron and Steel House,0
2025-11-30,2025,Nov,South,Dhaka,S.M Kamruzzaman,0
2025-11-30,2025,Nov,South,Narayanganj,Sonali Enterprise,0
2025-11-30,2025,Nov,North,Gaibandha,Sorif Traders,67
2025-11-30,2025,Nov,North,Nilphamari,Sourov Traders,0
2025-11-30,2025,Nov,North East,Jamalpur,S.R.S Construction,0
2025-11-30,2025,Nov,North,Thakurgaon,S. R. Traders,13
2025-11-30,2025,Nov,South,Bagerhat,S.R Traders -Bagerhat,0
2025-11-30,2025,Nov,South,Khulna,S. S. Syndicate,0
2025-11-30,2025,Nov,South,Satkhira,S S Traders,0
2025-11-30,2025,Nov,Dhaka,Gazipur,S T Enterprise,177
2025-11-30,2025,Nov,South,Jhenaidah,Suborna Traders,0
2025-11-30,2025,Nov,Dhaka,Gazipur,Suma Enterprise - Sofipur,0
2025-11-30,2025,Nov,South,Shariatpur,Sumon Enterprise,0
2025-11-30,2025,Nov,South,Khulna,Sumon Traders,0
2025-11-30,2025,Nov,South,Manikganj,Sundorban Hardware,0
2025-11-30,2025,Nov,North,Pabna,Swapan Traders,13
2025-11-30,2025,Nov,South,Jashore,Tahmina Enterprise,0
2025-11-30,2025,Nov,North,Thakurgaon,Tamanna Enterprise-Thakurgaon,0
2025-11-30,2025,Nov,South,Gopalganj,Tamim Enterprise,0
2025-11-30,2025,Nov,North,Rajshahi,Tariq  Enterprise,40
2025-11-30,2025,Nov,South,Narail,Tazmin Enterprise,0
2025-11-30,2025,Nov,Dhaka,Dhaka,The Barik Brothers,581
2025-11-30,2025,Nov,Dhaka,Dhaka,Three Star Co-Operative Multipurpose Ltd.,8
2025-11-30,2025,Nov,South,Patuakhali,Three Star Enterprise,0
2025-11-30,2025,Nov,Dhaka,Dhaka,"Tipu and Co.( Rayerbag, Jatrabari)",39
2025-11-30,2025,Nov,South,Meherpur,Tohmina Engineering Workshop,0
2025-11-30,2025,Nov,Dhaka,Dhaka,Trendy Textiles Ltd.,58
2025-11-30,2025,Nov,North East,Mymensingh,Tripti Steel Bitan,0
2025-11-30,2025,Nov,North,Rangpur,T.S.Enterprise(Rangpur),13
2025-11-30,2025,Nov,North,Sirajganj,Ullapara Variety Store,13
2025-11-30,2025,Nov,Dhaka,Dhaka,Unified Holdings Limited,0
2025-11-30,2025,Nov,South,Jhenaidah,Unique Construction,0
2025-11-30,2025,Nov,South,Khulna,Unique International,0
2025-11-30,2025,Nov,North East,Netrokona,Vodra Traders,0
2025-11-30,2025,Nov,Dhaka,Manikganj,Wazuddin Traders,50
2025-11-30,2025,Nov,North East,Sylhet,Windsor Hotel & Resorts Ltd.,0
2025-11-30,2025,Nov,North East,Noakhali,Yeasin Traders,0
2025-11-30,2025,Nov,Dhaka,Narayanganj,York  Composite Ltd,17
2025-11-30,2025,Nov,Dhaka,Narayanganj,York Fashion Ltd.,0
2025-11-30,2025,Nov,Dhaka,Dhaka,Younus Traders,14
2025-11-30,2025,Nov,South,Bhola,Zabbar Biswas Traders,78
2025-11-30,2025,Nov,Dhaka,Dhaka,Zaman Traders ( Savar),63
2025-12-31,2025,Dec,North East,Narsingdi,3D Comet Design & Consultant,0
2025-12-31,2025,Dec,North,Lalmonirhat,Abdul Hakim,0
2025-12-31,2025,Dec,North,Tangail,Abdul Malek - Rangpur,0
2025-12-31,2025,Dec,North,Dinajpur,Abdur Rauf-Dinajpur,0
2025-12-31,2025,Dec,South,Khulna,Abdur Razzak Aziz- Khulna,153
2025-12-31,2025,Dec,South,Shariatpur,Abdus Salam Farazi,0
2025-12-31,2025,Dec,North East,Sylhet,Abdus Shohid Construction,0
2025-12-31,2025,Dec,Dhaka,Dhaka,ABIR Enterprise,34
2025-12-31,2025,Dec,North,Bogura,ABK Krishi Beez Himagar,0
2025-12-31,2025,Dec,North,Pabna,Abul Hossain Traders,0
2025-12-31,2025,Dec,South,Barguna,Agrani Traders,20
2025-12-31,2025,Dec,South,Khulna,Ahad Enterprise,0
2025-12-31,2025,Dec,North East,Narsingdi,Ahasan Store,0
2025-12-31,2025,Dec,North,Chapainawabganj,Ahmed Store- C. Gonj,0
2025-12-31,2025,Dec,North,Bogura,Ahmed Traders-Bogra,0
2025-12-31,2025,Dec,North,Pabna,Ahsan Trading,0
2025-12-31,2025,Dec,North East,Dhaka,AK Developers Ltd.,6
2025-12-31,2025,Dec,North East,Sylhet,A.K Enterprise (Sylhet),0
2025-12-31,2025,Dec,Dhaka,Dhaka,Akhter Traders,13
2025-12-31,2025,Dec,North,Bogura,Akkash Ali Traders,0
2025-12-31,2025,Dec,North,Bogura,Alam and Brothers,0
2025-12-31,2025,Dec,South,Patuakhali,Al-Amin Traders-Patuakhali,0
2025-12-31,2025,Dec,North,Tangail,Alam Motors,0
2025-12-31,2025,Dec,South,Faridpur,Al-Bagdad Iron Steel- Faridpur,0
2025-12-31,2025,Dec,Dhaka,Dhaka,Al Baraka Steel Corporation- Mirpur,7
2025-12-31,2025,Dec,North East,Brahmanbaria,Al Ekram Traders,0
2025-12-31,2025,Dec,North,Rangpur,Alhaj Atiar Rahman,0
2025-12-31,2025,Dec,North,Dinajpur,Al Haj Traders,0
2025-12-31,2025,Dec,North East,Feni,Al Haj Zakir Enterprise,0
2025-12-31,2025,Dec,South,Bagerhat,Allahardan Enterprise-Bagerhat,0
2025-12-31,2025,Dec,South,Satkhira,Allahardan  Hardware,0
2025-12-31,2025,Dec,South,Satkhira,Allahar Dan Iron Store,0
2025-12-31,2025,Dec,North,Rajshahi,Al Manar Steel,260
2025-12-31,2025,Dec,Dhaka,Dhaka,Aman  Steel Corporation,18
2025-12-31,2025,Dec,North East,Jamalpur,Amena Enterprise-Jamalpur,0
2025-12-31,2025,Dec,Dhaka,Dhaka,Amin and Brother,11
2025-12-31,2025,Dec,South,Bagerhat,Amin Enterprise,0
2025-12-31,2025,Dec,South,Shariatpur,Amin Store,0
2025-12-31,2025,Dec,North East,Jamalpur,Amin Traders,0
2025-12-31,2025,Dec,South,Dhaka,Aminul Islam- Kustia,0
2025-12-31,2025,Dec,North,Tangail,Anny Construction,0
2025-12-31,2025,Dec,South,Satkhira,Anowar Trading,0
2025-12-31,2025,Dec,South,Rajbari,Anupam Nirmata,20
2025-12-31,2025,Dec,South,Rajbari,Anwar Traders,13
2025-12-31,2025,Dec,Dhaka,Dhaka,Arafah Development and Builders Ltd.,0
2025-12-31,2025,Dec,Dhaka,Dhaka,Arafat Trading,29
2025-12-31,2025,Dec,South,Khulna,Arafat Trading - Khulna,0
2025-12-31,2025,Dec,Dhaka,Narayanganj,AR Building Design and Construction,22
2025-12-31,2025,Dec,Dhaka,Dhaka,A.R Corporation,74
2025-12-31,2025,Dec,North East,Dhaka,ARF Trading International,0
2025-12-31,2025,Dec,Dhaka,Gazipur,Arifa Enterprise,75
2025-12-31,2025,Dec,South,Meherpur,Arif Enterprise,0
2025-12-31,2025,Dec,North,Sirajganj,Ariful Islam Traders,0
2025-12-31,2025,Dec,Dhaka,Dhaka,Arowa Traders,825
2025-12-31,2025,Dec,North,Dhaka,A.R. Trading (Rangpur),0
2025-12-31,2025,Dec,Dhaka,Gazipur,Ashik Traders,248
2025-12-31,2025,Dec,South,Barguna,Ashraful Enterprise,0
2025-12-31,2025,Dec,North,Dinajpur,Asma Traders,0
2025-12-31,2025,Dec,North East,Cumilla,A.Wohab and Sons,0
2025-12-31,2025,Dec,North East,Feni,Ayesha Enterprise,0
2025-12-31,2025,Dec,South,Shariatpur,Azad Traders - Soriotpur,0
2025-12-31,2025,Dec,North East,Chandpur,Aziz Brothers,0
2025-12-31,2025,Dec,South,Jhenaidah,Azizul Haque,0
2025-12-31,2025,Dec,South,Barishal,Barishal Iron House,26
2025-12-31,2025,Dec,North,Tangail,Basail Trading House,0
2025-12-31,2025,Dec,North East,Jamalpur,Bashonti Traders,0
2025-12-31,2025,Dec,Dhaka,Gazipur,Beam Fashion Ltd.,15
2025-12-31,2025,Dec,North,Rangpur,Bengal and Company,0
2025-12-31,2025,Dec,South,Jashore,Bhai Bhai Enterprise,0
2025-12-31,2025,Dec,South,Madaripur,Bhai Bhai Traders - Madaripur,0
2025-12-31,2025,Dec,North,Kurigram,Bhai Bhai Trading,59
2025-12-31,2025,Dec,North,Tangail,Bhuiyan Traders- Mirzapur,0
2025-12-31,2025,Dec,South,Bagerhat,Bismillah Enterprise-Bagerhat,0
2025-12-31,2025,Dec,South,Magura,Bismillah Steel Corner,0
2025-12-31,2025,Dec,South,Khulna,Bismillah Steel House,0
2025-12-31,2025,Dec,Dhaka,Dhaka,Bismillah Traders-Dhaka,116
2025-12-31,2025,Dec,North East,Narsingdi,Bismillah Traders -Narsingdi,0
2025-12-31,2025,Dec,South,Satkhira,Bismillah Traders-Satkhira,0
2025-12-31,2025,Dec,North,Sirajganj,Borsha Enterprise,0
2025-12-31,2025,Dec,South,Kushtia,Bristy Traders,0
2025-12-31,2025,Dec,South,Chuadanga,Brothers Traders,65
2025-12-31,2025,Dec,Dhaka,Dhaka,Capital Builders,75
2025-12-31,2025,Dec,South,Patuakhali,Choudhory Enterprise,0
2025-12-31,2025,Dec,South,Patuakhali,Chowa Traders,0
2025-12-31,2025,Dec,North East,Sylhet,Chowdhury Trading,0
2025-12-31,2025,Dec,North,Tangail,Chunailal Traders,0
2025-12-31,2025,Dec,North East,Mymensingh,Community Health Foundation Bangladesh,60
2025-12-31,2025,Dec,North,Tangail,Das Traders,0
2025-12-31,2025,Dec,South,Gopalganj,Delwar and Brothers - Gopalgonj,0
2025-12-31,2025,Dec,North East,Feni,Desh Agency,0
2025-12-31,2025,Dec,South,Kushtia,Dhaka Steel,156
2025-12-31,2025,Dec,North,Pabna,Dhaka Steel King,42
2025-12-31,2025,Dec,Dhaka,Gazipur,Dhaka Trade Centre,14
2025-12-31,2025,Dec,North,Naogaon,Dipak Kumar Deb,0
2025-12-31,2025,Dec,Dhaka,Dhaka,Dipti Traders,14
2025-12-31,2025,Dec,North,Pabna,D.K Traders,0
2025-12-31,2025,Dec,North East,Chandpur,Doha Traders,0
2025-12-31,2025,Dec,North,Nilphamari,DOSHMILE TRADERS,0
2025-12-31,2025,Dec,North East,Mymensingh,Dulal Traders,0
2025-12-31,2025,Dec,North,Chapainawabganj,Emdadul Haque,0
2025-12-31,2025,Dec,South,Jhenaidah,Emon Enterprise,26
2025-12-31,2025,Dec,North,Dinajpur,Eng.Md.Mohsin Ali,0
2025-12-31,2025,Dec,North East,Cumilla,Engr. Shafiqul Islam Build and Consultancy,0
2025-12-31,2025,Dec,North East,Brahmanbaria,Eng. Suman Datta,0
2025-12-31,2025,Dec,Dhaka,Gazipur,Evan Enterprise,0
2025-12-31,2025,Dec,Dhaka,Dhaka,Fakir Chan Bepari and Sons,0
2025-12-31,2025,Dec,North,Kurigram,Farhad and Brothers,0
2025-12-31,2025,Dec,Dhaka,Dhaka,Farid Enterprise,35
2025-12-31,2025,Dec,Dhaka,Manikganj,Faruk and Brothers,80
2025-12-31,2025,Dec,South,Meherpur,Faruk Enterprise - Meherpur,0
2025-12-31,2025,Dec,Dhaka,Dhaka,Feni Traders,0
2025-12-31,2025,Dec,South,Meherpur,F.K Trade,0
2025-12-31,2025,Dec,North,Dhaka,F M Trading International,0
2025-12-31,2025,Dec,North East,Noakhali,Foyez Store,0
2025-12-31,2025,Dec,North East,Mymensingh,F.S Enterprise,239
2025-12-31,2025,Dec,North,Thakurgaon,Gallery Traders,0
2025-12-31,2025,Dec,South,Barishal,Gangashari Traders,0
2025-12-31,2025,Dec,North,Dinajpur,Gausheyz Ventores,0
2025-12-31,2025,Dec,Dhaka,Dhaka,Gawsia Enterprise,243
2025-12-31,2025,Dec,Dhaka,Gazipur,Giash Steel,113
2025-12-31,2025,Dec,South,Barguna,GM Ikfa Enterprise,0
2025-12-31,2025,Dec,North East,Cumilla,Grameen Traders,0
2025-12-31,2025,Dec,North East,Mymensingh,Greenland Developers (Pvt.)Ltd.,0
2025-12-31,2025,Dec,South,Faridpur,Habib Enterprise (Faridpur),100
2025-12-31,2025,Dec,Dhaka,Gazipur,Haji Enterprise - Gazipur,13
2025-12-31,2025,Dec,North,Dinajpur,Hamana Traders,0
2025-12-31,2025,Dec,North,Rangpur,Hamid and Sons,0
2025-12-31,2025,Dec,South,Jashore,Hamid Traders,0
2025-12-31,2025,Dec,South,Madaripur,Hamim International,0
2025-12-31,2025,Dec,North,Chapainawabganj,Hammad and Sons,0
2025-12-31,2025,Dec,South,Chuadanga,Hannan and Brothers-Chuadanga,0
2025-12-31,2025,Dec,North,Bogura,Hannan Traders,52
2025-12-31,2025,Dec,North East,Mymensingh,Haque and Brothers,0
2025-12-31,2025,Dec,South,Bhola,Haque and Sons-Bhola,0
2025-12-31,2025,Dec,South,Jhenaidah,Haque and Sons-Jhenaidah,0
2025-12-31,2025,Dec,North,Sirajganj,Haque Iron,0
2025-12-31,2025,Dec,North,Tangail,Harun Enterprise,205
2025-12-31,2025,Dec,South,Barishal,Hawlader Iron Store,0
2025-12-31,2025,Dec,North East,Brahmanbaria,Hazi Mobarak Traders,0
2025-12-31,2025,Dec,North,Dinajpur,Hera Traders,0
2025-12-31,2025,Dec,Dhaka,Dhaka,Hobigonj Traders,45
2025-12-31,2025,Dec,North,Dhaka,Hossain Construction ( Pvt ) Ltd,0
2025-12-31,2025,Dec,North East,Kishoreganj,Hossen Bhuiyan Steel House,0
2025-12-31,2025,Dec,South,Khulna,Howlader and Company,0
2025-12-31,2025,Dec,Dhaka,Dhaka,Howlader Enterprise,131
2025-12-31,2025,Dec,South,Jhalokati,Howlader Traders-Jhalokathi,0
2025-12-31,2025,Dec,Dhaka,Dhaka,H.S Corporation,0
2025-12-31,2025,Dec,North,Gaibandha,Humayan Kabir Traders-Gaibandha,0
2025-12-31,2025,Dec,South,Kushtia,Hymo International,0
2025-12-31,2025,Dec,North,Rangpur,Imarat Trading,13
2025-12-31,2025,Dec,South,Satkhira,Imarot Trading-Satkhira,0
2025-12-31,2025,Dec,South,Faridpur,Iron and Steel House,0
2025-12-31,2025,Dec,North East,Cumilla,Islam and Sons,0
2025-12-31,2025,Dec,North,Bogura,Islam Brothers-Bogura,0
2025-12-31,2025,Dec,South,Jashore,Islam Traders-Jessore,0
2025-12-31,2025,Dec,North,Tangail,I.V Methi Traders,0
2025-12-31,2025,Dec,South,Faridpur,Jahangir Store - Faridpur,0
2025-12-31,2025,Dec,South,Satkhira,Jaman Traders,0
2025-12-31,2025,Dec,North,Dhaka,Janata Enterprise- Sirajgonj,0
2025-12-31,2025,Dec,North,Dhaka,Janata Steel and Iron House,0
2025-12-31,2025,Dec,North,Bogura,J and Ma Enterprise,0
2025-12-31,2025,Dec,South,Faridpur,Jaseka Traders,79
2025-12-31,2025,Dec,North East,Noakhali,Jashim Steel House,32
2025-12-31,2025,Dec,North,Lalmonirhat,Jerin Enterprise,0
2025-12-31,2025,Dec,North East,Kishoreganj,Jesan Traders,0
2025-12-31,2025,Dec,South,Jashore,JesminSanitary and Iron Store,0
2025-12-31,2025,Dec,South,Narail,Jhorna Enterprise,0
2025-12-31,2025,Dec,South,Khulna,Joint Enterprise,0
2025-12-31,2025,Dec,North,Tangail,Joy Joya Enterprise,155
2025-12-31,2025,Dec,South,Shariatpur,Julhas and Brothers,0
2025-12-31,2025,Dec,North,Bogura,Kabir Traders-Bogra,0
2025-12-31,2025,Dec,North East,Cumilla,Kajol Enterprise,0
2025-12-31,2025,Dec,North East,Cumilla,Kalam and Sons,0
2025-12-31,2025,Dec,South,Faridpur,Kamarjani Traders,0
2025-12-31,2025,Dec,Dhaka,Gazipur,Kamrul Trading Corporation,55
2025-12-31,2025,Dec,South,Faridpur,Kamruzzaman Enterprise,0
2025-12-31,2025,Dec,South,Kushtia,Kanak Traders-Kustia,0
2025-12-31,2025,Dec,Dhaka,Gazipur,Kashem and Sons,74
2025-12-31,2025,Dec,North East,Noakhali,Kashem Traders (Noakhali),0
2025-12-31,2025,Dec,North,Kurigram,Khairul Enterprise,0
2025-12-31,2025,Dec,Dhaka,Dhaka,Khalid Trading Corporation,0
2025-12-31,2025,Dec,South,Jhalokati,Khan Builders,0
2025-12-31,2025,Dec,Dhaka,Dhaka,Khan Enterprise,362
2025-12-31,2025,Dec,North East,Lakshmipur,Khan Machineries Store,0
2025-12-31,2025,Dec,South,Khulna,Khan Traders -Khulna,20
2025-12-31,2025,Dec,South,Madaripur,Khan Traders- Madaripur,0
2025-12-31,2025,Dec,South,Madaripur,Khan Traders- Shibchor,0
2025-12-31,2025,Dec,North East,Chandpur,Khaza Variety Store,0
2025-12-31,2025,Dec,Dhaka,Gazipur,Khurshida Builders,208
2025-12-31,2025,Dec,South,Narail,King Builders,0
2025-12-31,2025,Dec,North,Rajshahi,Kismot Trading Corporation,0
2025-12-31,2025,Dec,South,Barishal,K K Enterprise,0
2025-12-31,2025,Dec,North,Dinajpur,Kobir Traders,0
2025-12-31,2025,Dec,North East,Mymensingh,K.S. Trading,0
2025-12-31,2025,Dec,North,Dinajpur,Kumor Uddin and Sons,0
2025-12-31,2025,Dec,North,Dinajpur,Kundu Brothers,0
2025-12-31,2025,Dec,South,Faridpur,Kustia Enterprise,0
2025-12-31,2025,Dec,South,Barishal,Layla Builders,0
2025-12-31,2025,Dec,South,Patuakhali,Lila Enterprise,0
2025-12-31,2025,Dec,North,Tangail,Liton Enterprise,0
2025-12-31,2025,Dec,North,Nilphamari,L.N Trading Co.,0
2025-12-31,2025,Dec,North East,Mymensingh,Lubaba  Enterprise,0
2025-12-31,2025,Dec,North East,Sylhet,Ludhi Steel Marchant,180
2025-12-31,2025,Dec,North East,Feni,Madani Traders,39
2025-12-31,2025,Dec,South,Shariatpur,Madbor Enterprise,30
2025-12-31,2025,Dec,North East,Netrokona,Mahabub Traders,0
2025-12-31,2025,Dec,Dhaka,Dhaka,Mahadi Design and Construction,26
2025-12-31,2025,Dec,North,Rajshahi,Mahamud Enterprise,0
2025-12-31,2025,Dec,North,Thakurgaon,Mahbub Enterprise,0
2025-12-31,2025,Dec,South,Jhenaidah,Mahir Trading,0
2025-12-31,2025,Dec,North East,Mymensingh,Mahi Traders,0
2025-12-31,2025,Dec,North,Dinajpur,Mahi Traders-Dinajpur,0
2025-12-31,2025,Dec,South,Jashore,Mahiya Kabir Corporation,47
2025-12-31,2025,Dec,North,Bogura,Mahmud Mahbub Traders,0
2025-12-31,2025,Dec,Dhaka,Dhaka,Makkah Traders,155
2025-12-31,2025,Dec,Dhaka,Gazipur,Mamun Enterprise-Gazipur,11
2025-12-31,2025,Dec,North East,Sylhet,Mamun Enterprise- Shylet,0
2025-12-31,2025,Dec,North,Pabna,Mamun Traders-Pabna,94
2025-12-31,2025,Dec,South,Kushtia,Mannan Hardware and Iron Store,0
2025-12-31,2025,Dec,Dhaka,Narayanganj,Mashin Corporation,0
2025-12-31,2025,Dec,North,Bogura,Master Traders (Shantahar),13
2025-12-31,2025,Dec,South,Barishal,Masud Enterprise,0
2025-12-31,2025,Dec,South,Madaripur,Mayer Doa Enterprise,0
2025-12-31,2025,Dec,North East,Netrokona,Mayer Doa Traders,0
2025-12-31,2025,Dec,South,Bagerhat,Media Enterprise,0
2025-12-31,2025,Dec,North East,Cumilla,Mili Enterprise,11
2025-12-31,2025,Dec,Dhaka,Gazipur,Mim Enterprise,59
2025-12-31,2025,Dec,Dhaka,Dhaka,Misti Enterprise,10
2025-12-31,2025,Dec,North East,Jamalpur,Mizan and Son's,13
2025-12-31,2025,Dec,South,Jhalokati,M Khan Ltd.,0
2025-12-31,2025,Dec,Dhaka,Dhaka,Modina Steel Corporation,125
2025-12-31,2025,Dec,North East,Sherpur,Mofazzal Enterprise,67
2025-12-31,2025,Dec,South,Kushtia,Mokka Enterprise- Kustia,0
2025-12-31,2025,Dec,South,Magura,Molla Banijjo Vander,13
2025-12-31,2025,Dec,North East,Cumilla,Molla Traders- Comilla,7
2025-12-31,2025,Dec,South,Jashore,Mollik Enterprise-Khulna,0
2025-12-31,2025,Dec,North,Dinajpur,Mondol Traders - Dinajpur,0
2025-12-31,2025,Dec,North,Kurigram,Mondol Traders- Kurigram,0
2025-12-31,2025,Dec,North,Sirajganj,Mondol Traders- Sirajgonj,0
2025-12-31,2025,Dec,Dhaka,Dhaka,Monir Enterprise,17
2025-12-31,2025,Dec,North,Dinajpur,Monoj Kumar Mallick,0
2025-12-31,2025,Dec,North East,Jamalpur,Morzina Steel House,0
2025-12-31,2025,Dec,South,Barishal,Moshiur Rahman Minto,0
2025-12-31,2025,Dec,North,Tangail,Mostafa Enterprise-Tangail,0
2025-12-31,2025,Dec,North,Rangpur,M.R Traders,0
2025-12-31,2025,Dec,South,Narail,M/S Abdul Hadi Traders,0
2025-12-31,2025,Dec,North,Naogaon,M/S Abdullah Traders,0
2025-12-31,2025,Dec,North,Sirajganj,M/S Abdus Samad Khan,14
2025-12-31,2025,Dec,North East,Cumilla,M/S Abedin Enterprise,0
2025-12-31,2025,Dec,South,Patuakhali,M/S. Abul Kalam Azad,0
2025-12-31,2025,Dec,North East,Narsingdi,M/S Adiat Traders,15
2025-12-31,2025,Dec,Dhaka,Dhaka,M/S Adil Enterprise,6
2025-12-31,2025,Dec,North,Pabna,M/S Adi Saha Trading,14
2025-12-31,2025,Dec,South,Satkhira,M/S. Afroz Enterprise,0
2025-12-31,2025,Dec,South,Rajbari,M/S Al-Amin Traders,13
2025-12-31,2025,Dec,North,Nilphamari,M/S. Al Amin Traders-Nilphamary,0
2025-12-31,2025,Dec,North East,Netrokona,M/S Alam Traders,0
2025-12-31,2025,Dec,North,Dinajpur,M/S. Alhaj Traders-Dinajpur,0
2025-12-31,2025,Dec,South,Shariatpur,M/S Aliuzzaman Mir Malot,0
2025-12-31,2025,Dec,Dhaka,Gazipur,M/S Al-Madina Enterprise,0
2025-12-31,2025,Dec,South,Kushtia,M/S. Al-Nobi Hardware & Sanitary,0
2025-12-31,2025,Dec,North East,Noakhali,M/S Anisha Enterprise,8
2025-12-31,2025,Dec,North,Sirajganj,M/S Anowar Enterprise,0
2025-12-31,2025,Dec,South,Barguna,M/S. Anower Brick,0
2025-12-31,2025,Dec,Dhaka,Gazipur,M/S Arif Traders,20
2025-12-31,2025,Dec,South,Faridpur,M/S Asraf  and Sons,13
2025-12-31,2025,Dec,South,Jhenaidah,M/S. Astha Builders,0
2025-12-31,2025,Dec,South,Barguna,M/S Ayaan Traders,54
2025-12-31,2025,Dec,South,Jashore,M/S Ayesha Steel Corporation,0
2025-12-31,2025,Dec,South,Patuakhali,M/S. Azad Enterprise,0
2025-12-31,2025,Dec,South,Jashore,M/S Azim Shah Traders,26
2025-12-31,2025,Dec,South,Jashore,M/S Babu Traders,0
2025-12-31,2025,Dec,South,Magura,M/S Bali Construction,0
2025-12-31,2025,Dec,South,Chuadanga,M/S. Bani Traders,0
2025-12-31,2025,Dec,Dhaka,Dhaka,M/S Bepari Traders,0
2025-12-31,2025,Dec,South,Rajbari,M/S Bepari Traders - Rajbari,0
2025-12-31,2025,Dec,Dhaka,Dhaka,M/S Bhai Bhai Traders and Engineering Works,0
2025-12-31,2025,Dec,North,Dinajpur,M/S. Bhai Bhai Traders (Dinajpur),0
2025-12-31,2025,Dec,North East,Cumilla,M/S Bhuiyan Traders-Cumilla,0
2025-12-31,2025,Dec,North East,Noakhali,M/S Bhuiyan Traders-Noakhali,0
2025-12-31,2025,Dec,North East,Chandpur,MS.Billal Traders-Chandpur,0
2025-12-31,2025,Dec,Dhaka,Dhaka,M/S Bismillah Enterprise (Sobujbagh),36
2025-12-31,2025,Dec,North East,Mymensingh,M/S Bismillah Hardware and Glass House,0
2025-12-31,2025,Dec,North East,Kishoreganj,M/S Bismillah Traders- Bhairob,13
2025-12-31,2025,Dec,North East,Kishoreganj,M/S Bismillah Traders-Mymensing,0
2025-12-31,2025,Dec,North,Naogaon,M/S. Bismillha Traders-Naoga,0
2025-12-31,2025,Dec,South,Jhenaidah,M/S Bondhu Enterprise,217
2025-12-31,2025,Dec,North,Sherpur,M/S. Bondhu Enterprise-Bogra,0
2025-12-31,2025,Dec,South,Bhola,M/S Bushra Construction,0
2025-12-31,2025,Dec,North,Bogura,M/S. Bushra Traders,120
2025-12-31,2025,Dec,South,Jashore,M/S Chitra Trading,41
2025-12-31,2025,Dec,North,Lalmonirhat,M/s Dhorla Trading,0
2025-12-31,2025,Dec,South,Jashore,M/S. Dipro Enterprise,20
2025-12-31,2025,Dec,South,Faridpur,M/S. Durgapur Hi Tech,0
2025-12-31,2025,Dec,North East,Narsingdi,M/S Easy Builders,0
2025-12-31,2025,Dec,South,Khulna,M/S. Elina Enterprise,0
2025-12-31,2025,Dec,South,Pirojpur,M/S Emon Enterprise,0
2025-12-31,2025,Dec,North East,Dhaka,M/S. Engineer Builders,30
2025-12-31,2025,Dec,North East,Cumilla,M/S. Faisal Enterprise,0
2025-12-31,2025,Dec,South,Gopalganj,M/S Fakir and Sons,0
2025-12-31,2025,Dec,South,Satkhira,M/S Faruk Traders-Sathkhira,0
2025-12-31,2025,Dec,South,Meherpur,M/S. Fojilatun Nesha &Sons,0
2025-12-31,2025,Dec,South,Barishal,M/S Forkan Traders,0
2025-12-31,2025,Dec,South,Gopalganj,M/S Friends Enterprise,0
2025-12-31,2025,Dec,North East,Cumilla,M/S Gaji Hardware,0
2025-12-31,2025,Dec,North,Kurigram,M/S. G.M Enterprise,0
2025-12-31,2025,Dec,Dhaka,Dhaka,M/S. Hailmi Enterprise,12
2025-12-31,2025,Dec,North East,Cumilla,M/S Hanif Enterprise,0
2025-12-31,2025,Dec,Dhaka,Dhaka,M/S Haque and Hasan Traders,6
2025-12-31,2025,Dec,North East,Feni,M/S Haque Enterprise,0
2025-12-31,2025,Dec,North East,Brahmanbaria,M/S. Hasan Enterprise,45
2025-12-31,2025,Dec,South,Satkhira,M/S. Hasan Traders-Satkhira,0
2025-12-31,2025,Dec,South,Shariatpur,M/S. Hawlader Enterprise-Sariatpur,0
2025-12-31,2025,Dec,North East,Dhaka,M/S Hazi Abdul Khalique  & Son's,0
2025-12-31,2025,Dec,Dhaka,Dhaka,M/S Hazi Sarif Munshi Traders,19
2025-12-31,2025,Dec,South,Madaripur,M/S. Hazi Traders- Madaripur,0
2025-12-31,2025,Dec,North East,Jamalpur,M/S HEMENDRA CHANDRA SINGH,0
2025-12-31,2025,Dec,North East,Noakhali,M/S Hoque and Brothers (Noakhali),0
2025-12-31,2025,Dec,South,Bhola,M/S H Rahman and Sons,26
2025-12-31,2025,Dec,Dhaka,Narayanganj,M/S Ichapuri Cement House,0
2025-12-31,2025,Dec,North East,Cumilla,M/S Islamia Enterprise and Dorja Gallery,18
2025-12-31,2025,Dec,South,Patuakhali,M/S.Islamia Traders,14
2025-12-31,2025,Dec,South,Jashore,M/S Islam Traders- Keshabpur,0
2025-12-31,2025,Dec,North,Tangail,M/S. Islam Traders- Sirajgonj,0
2025-12-31,2025,Dec,North,Naogaon,M/S. IT Construction,0
2025-12-31,2025,Dec,North East,Lakshmipur,M/S Jahir Enterprise,0
2025-12-31,2025,Dec,South,Patuakhali,M/S.Jamal Traders,0
2025-12-31,2025,Dec,North East,Jamalpur,M/S. Jibon Traders,0
2025-12-31,2025,Dec,South,Jashore,M/S Johir Enterprise,0
2025-12-31,2025,Dec,South,Meherpur,M/S Jony Enterprise -Meherpur,13
2025-12-31,2025,Dec,South,Jhenaidah,M/S Kafi Traders,0
2025-12-31,2025,Dec,South,Barguna,M/S. Kamal Enterprise,0
2025-12-31,2025,Dec,North,Panchagarh,M/S Kamlesh Traders,0
2025-12-31,2025,Dec,South,Barguna,M/S. Karim Builders,33
2025-12-31,2025,Dec,North,Tangail,M/S. Khalekujjaman Traders,0
2025-12-31,2025,Dec,South,Faridpur,M/S Khan Enterprise-Faridpur,0
2025-12-31,2025,Dec,Dhaka,Gazipur,M/S Khan Enterprise-Kaligonj,155
2025-12-31,2025,Dec,North,Dinajpur,M/S. Khan Enterprises- Dinajpur,0
2025-12-31,2025,Dec,North,Tangail,M/S Khan Traders-Tangail,13
2025-12-31,2025,Dec,South,Faridpur,M/S Khaza Traders,53
2025-12-31,2025,Dec,North East,Cumilla,M/S. Khokon Enterprise,0
2025-12-31,2025,Dec,North,Thakurgaon,M/S. Kibriya Enterprise,0
2025-12-31,2025,Dec,North East,Cumilla,M/S-Laksam Trading Corporation,146
2025-12-31,2025,Dec,Dhaka,Manikganj,M/S Latif Traders,5
2025-12-31,2025,Dec,South,Gopalganj,M/S Linkon Enterprise,0
2025-12-31,2025,Dec,North,Natore,M/s Liton Enterprise,0
2025-12-31,2025,Dec,North East,Narsingdi,M/S. Liza Traders,0
2025-12-31,2025,Dec,Dhaka,Dhaka,M/S. Maa Enterprise,56
2025-12-31,2025,Dec,South,Barishal,M/S. Mahabub Traders,0
2025-12-31,2025,Dec,Dhaka,Gazipur,M/S. Mainul Traders,90
2025-12-31,2025,Dec,North East,Brahmanbaria,M/S. Malek and Sons,0
2025-12-31,2025,Dec,North East,Lakshmipur,M/S Ma Metal,26
2025-12-31,2025,Dec,North,Dhaka,M/S. Manobendro Das,0
2025-12-31,2025,Dec,Dhaka,Dhaka,M/S. Marks Trading,50
2025-12-31,2025,Dec,South,Jhalokati,M/S Mary Suppliers and Mary Bricks,20
2025-12-31,2025,Dec,South,Bhola,M/S. Masaallah Traders,0
2025-12-31,2025,Dec,South,Khulna,M/S. M. A Traders (Dr.),0
2025-12-31,2025,Dec,Dhaka,Gazipur,M/S Mawna Builders,111
2025-12-31,2025,Dec,North,Tangail,M/S Maya Traders,0
2025-12-31,2025,Dec,South,Satkhira,M/S. Mayer Doa Sanitary and Anwar Sheet Enterprise,0
2025-12-31,2025,Dec,North,Bogura,M/S. Mayer Doya Variety Store,0
2025-12-31,2025,Dec,Dhaka,Gazipur,M/s Midul Enterprise,52
2025-12-31,2025,Dec,South,Kushtia,M/S Mim Traders-Kustia,0
2025-12-31,2025,Dec,South,Chuadanga,M/S Mizan Traders,0
2025-12-31,2025,Dec,South,Faridpur,M/S Modina Traders,0
2025-12-31,2025,Dec,North East,Noakhali,M/S. Mokka Enterprise- Noakhali,0
2025-12-31,2025,Dec,North East,Narsingdi,M/S Mollah Enterprise-Narsingdi,0
2025-12-31,2025,Dec,North,Rajshahi,M/S. Mollah Enterprise-Rajshahi,0
2025-12-31,2025,Dec,North East,Cumilla,M/S Molla Traders-Chouddogram,5
2025-12-31,2025,Dec,South,Gopalganj,M/S Molla Traders-Gopalgonj,0
2025-12-31,2025,Dec,North,Bogura,M/S. Mondol Traders-Shibgonj,0
2025-12-31,2025,Dec,North,Tangail,M/S. Monira Enterprise,0
2025-12-31,2025,Dec,North,Dhaka,M/S Moon Traders- Sirajgonj,0
2025-12-31,2025,Dec,South,Barguna,M/S. Mridha Traders,0
2025-12-31,2025,Dec,North East,Netrokona,M/S-M.S Traders,0
2025-12-31,2025,Dec,North,Bogura,M/S. Mukta Traders,0
2025-12-31,2025,Dec,North East,Noakhali,M/S.Muldhara Trading,24
2025-12-31,2025,Dec,South,Pirojpur,M/S Nahar Enterprise- Pirojpur,0
2025-12-31,2025,Dec,South,Shariatpur,M/S Nayeem Enterprise,0
2025-12-31,2025,Dec,North,Tangail,M/S. Nazmul Enterprise,0
2025-12-31,2025,Dec,North East,Cumilla,M/S. Nazrul Traders,0
2025-12-31,2025,Dec,South,Pirojpur,M/S New Hope Traders,13
2025-12-31,2025,Dec,South,Gopalganj,M/S. New Sikder Traders,0
2025-12-31,2025,Dec,South,Satkhira,M/s Nirala Trader's,0
2025-12-31,2025,Dec,South,Madaripur,M/s Nirman,0
2025-12-31,2025,Dec,South,Barguna,M/s. Nur-E-Madina Trading,0
2025-12-31,2025,Dec,South,Faridpur,M/S Nur Mahidi Nerman Vander,65
2025-12-31,2025,Dec,South,Pirojpur,M/S Oishani Enterprise,0
2025-12-31,2025,Dec,Dhaka,Dhaka,M/S Osman Steel Corporation,13
2025-12-31,2025,Dec,North East,Lakshmipur,M/S Parvez Enterprise,0
2025-12-31,2025,Dec,North,Naogaon,M/S Parvez Trading-Naogaon,98
2025-12-31,2025,Dec,North,Dinajpur,M/S Popular Steel,0
2025-12-31,2025,Dec,South,Gopalganj,M/s Porosh Enterprise,0
2025-12-31,2025,Dec,North East,Cumilla,MS.Probashi G.I. Enterpries.,0
2025-12-31,2025,Dec,North,Dhaka,M/S. Purabi Traders,0
2025-12-31,2025,Dec,North,Pabna,M/S Rafiq Enterprise,0
2025-12-31,2025,Dec,South,Narail,M/S Rahit Ruchi Enterprise,0
2025-12-31,2025,Dec,Dhaka,Narayanganj,M/S Rahmania Enterprise,88
2025-12-31,2025,Dec,South,Chuadanga,M/S Rahman Traders,0
2025-12-31,2025,Dec,North East,Narsingdi,M/S Rahman Traders-Norsingdi,0
2025-12-31,2025,Dec,South,Jashore,M/S Raisa Enterprise,0
2025-12-31,2025,Dec,North,Thakurgaon,M/S. Raju Ceramic & Sanitary,0
2025-12-31,2025,Dec,Dhaka,Gazipur,M/S Rana Enterprise,17
2025-12-31,2025,Dec,North,Panchagarh,M/S. Rashad Traders,0
2025-12-31,2025,Dec,Dhaka,Dhaka,M/S. Rayhan Enterprise,121
2025-12-31,2025,Dec,Dhaka,Gazipur,M/S R.B Steel and Co.,30
2025-12-31,2025,Dec,North,Natore,M/S. Reza Enterprise,0
2025-12-31,2025,Dec,North,Pabna,M/S.Reza Enterprise-Pabna,26
2025-12-31,2025,Dec,North,Dinajpur,M/S Ripon Traders,0
2025-12-31,2025,Dec,South,Jashore,M/S R M Traders,0
2025-12-31,2025,Dec,North,Rangpur,M/S Rohima Traders,0
2025-12-31,2025,Dec,North,Panchagarh,M/S Rostom and Sons,0
2025-12-31,2025,Dec,North East,Cumilla,M/S. RS Hardware,0
2025-12-31,2025,Dec,Dhaka,Gazipur,M/S Sadar Builders,0
2025-12-31,2025,Dec,North,Tangail,M/S Sadia and Samia Traders,0
2025-12-31,2025,Dec,North,Panchagarh,M/S. Sadik Enterprise,0
2025-12-31,2025,Dec,South,Khulna,M/S. Safwan Corporation,0
2025-12-31,2025,Dec,North,Thakurgaon,M/S. Sahi-Imran Traders,0
2025-12-31,2025,Dec,Dhaka,Narayanganj,M/S Saif Traders,21
2025-12-31,2025,Dec,South,Madaripur,M/S Saifullah Enterprise,0
2025-12-31,2025,Dec,North,Pabna,M/S Samir Traders,39
2025-12-31,2025,Dec,South,Barishal,M/S Saown Traders,14
2025-12-31,2025,Dec,South,Barishal,M/S Sazib Trading,0
2025-12-31,2025,Dec,North,Bogura,M/S Sazid Traders,0
2025-12-31,2025,Dec,South,Patuakhali,M/S.Serajul Haque,0
2025-12-31,2025,Dec,North,Rangpur,M/S. Shafi Trading,0
2025-12-31,2025,Dec,South,Faridpur,M/S Shah Farid Nirman Vander,0
2025-12-31,2025,Dec,North,Kurigram,M/S. Shaju Hardware,0
2025-12-31,2025,Dec,South,Jhenaidah,M/S Shamim Steel Corner,52
2025-12-31,2025,Dec,South,Shariatpur,M/S Shamim Traders-Sariatpur,0
2025-12-31,2025,Dec,South,Jhalokati,M/S Shampa Construction,0
2025-12-31,2025,Dec,North,Nilphamari,M/S. Sharif Construction Center,0
2025-12-31,2025,Dec,South,Gopalganj,M/S. Sharif Enterprise,0
2025-12-31,2025,Dec,South,Pirojpur,M/S. Shikder Enterprise-Pirojpur,0
2025-12-31,2025,Dec,South,Magura,M/S Shohag Enterprise-Satkhira,0
2025-12-31,2025,Dec,North,Sirajganj,M/s Shohan Iron and Steel House.,0
2025-12-31,2025,Dec,North,Thakurgaon,M/S. Shovon Traders,0
2025-12-31,2025,Dec,South,Khulna,M/S Showrov Enterprise,0
2025-12-31,2025,Dec,South,Narail,M/S. Sikdar Enterprise- Norail,27
2025-12-31,2025,Dec,North,Dinajpur,M/S. Sohidul Traders,0
2025-12-31,2025,Dec,South,Faridpur,M/S Sony Vander,13
2025-12-31,2025,Dec,North,Thakurgaon,M/S. Sulov Lauho Bitan,0
2025-12-31,2025,Dec,North,Chapainawabganj,M/S Sweet Enterprise,0
2025-12-31,2025,Dec,Dhaka,Gazipur,M/S Takhiya Enterprise,0
2025-12-31,2025,Dec,South,Gopalganj,M/S Tasnim Enterprise,0
2025-12-31,2025,Dec,North,Thakurgaon,M/S. Tin Vai Enterprise,0
2025-12-31,2025,Dec,North,Sirajganj,M/S Tisha Enterprise,0
2025-12-31,2025,Dec,South,Bagerhat,M/S Tonmoy Traders,0
2025-12-31,2025,Dec,Dhaka,Gazipur,M/S. Tosher Enterprise,16
2025-12-31,2025,Dec,North,Panchagarh,M/S Vai Vai Traders-Panchagor,0
2025-12-31,2025,Dec,South,Bhola,M/S. Yakub Traders,0
2025-12-31,2025,Dec,South,Chuadanga,M/S - Younus Hardware,13
2025-12-31,2025,Dec,North,Rangpur,M/S. Zaman Traders-Rangpur,215
2025-12-31,2025,Dec,Dhaka,Dhaka,M/S Zam Zam Trading (Dhaka),26
2025-12-31,2025,Dec,North,Rangpur,M/S Zast Traders,0
2025-12-31,2025,Dec,South,Satkhira,M/S Zia Traders,0
2025-12-31,2025,Dec,Dhaka,Dhaka,Munshigonj Steel House,52
2025-12-31,2025,Dec,South,Jashore,M. Zaman Enterprise,0
2025-12-31,2025,Dec,South,Madaripur,Nabila Traders (Madaripur),0
2025-12-31,2025,Dec,North,Pabna,"Nabi Traders (Ishawrdi,  Pabna)",13
2025-12-31,2025,Dec,Dhaka,Dhaka,Nahar Steel,110
2025-12-31,2025,Dec,Dhaka,Dhaka,Nal Gulf Construction and Properties,0
2025-12-31,2025,Dec,North,Lalmonirhat,Narsingdi Enterprise,0
2025-12-31,2025,Dec,Dhaka,Dhaka,Nasrin Enterprise,10
2025-12-31,2025,Dec,Dhaka,Dhaka,Nation Tech Communications Limited,0
2025-12-31,2025,Dec,Dhaka,Dhaka,Nayeef Trading Corporation,0
2025-12-31,2025,Dec,North,Kurigram,Nayeem Traders (Kurigram),0
2025-12-31,2025,Dec,South,Barishal,Nayem Enterprise,0
2025-12-31,2025,Dec,South,Jashore,Nayon and Chayon,0
2025-12-31,2025,Dec,South,Jhenaidah,Nazmul Traders- Jhenaidah,52
2025-12-31,2025,Dec,North,Rangpur,Need Construction,0
2025-12-31,2025,Dec,South,Khulna,New Bengal Store,0
2025-12-31,2025,Dec,South,Dhaka,New Era Manufacturing Ltd.,0
2025-12-31,2025,Dec,South,Barishal,New Hasina Enterprise,0
2025-12-31,2025,Dec,Dhaka,Dhaka,New Sharmin Enterprise,31
2025-12-31,2025,Dec,Dhaka,Dhaka,Niloy Enterprise,0
2025-12-31,2025,Dec,Dhaka,Munshiganj,Nimtola Traders,4
2025-12-31,2025,Dec,South,Jhenaidah,Nishi Enterprise- Jhinaidah,0
2025-12-31,2025,Dec,South,Khulna,Nondi Trading Corporatin,0
2025-12-31,2025,Dec,North,Gaibandha,Northbengal Traders,0
2025-12-31,2025,Dec,South,Madaripur,Nurjahan Resourse International,0
2025-12-31,2025,Dec,North,Dinajpur,Nur Steel,0
2025-12-31,2025,Dec,South,Meherpur,Padma Enterprise,0
2025-12-31,2025,Dec,South,Gopalganj,Pal and Sons,0
2025-12-31,2025,Dec,South,Chuadanga,Palash Kumer Shaha,0
2025-12-31,2025,Dec,North,Dhaka,Palli Tower,0
2025-12-31,2025,Dec,North East,Moulvibazar,Paul Traders,0
2025-12-31,2025,Dec,Dhaka,Dhaka,Pioneer Location Ltd.,7
2025-12-31,2025,Dec,Dhaka,Dhaka,Popular Enterprise,26
2025-12-31,2025,Dec,North,Rangpur,Prince Enterprise,0
2025-12-31,2025,Dec,North,Tangail,Prince Steel,0
2025-12-31,2025,Dec,North,Bogura,Priti Traders (Bogra),0
2025-12-31,2025,Dec,North,Tangail,Prodhan Traders,0
2025-12-31,2025,Dec,North East,Chandpur,Rabbi Traders,13
2025-12-31,2025,Dec,North,Tangail,Rafik and Brothers - Joypurhat,0
2025-12-31,2025,Dec,North East,Jamalpur,Rahi Trade,0
2025-12-31,2025,Dec,North East,Narsingdi,Rahman Steel House,65
2025-12-31,2025,Dec,South,Shariatpur,Raju Enterprise,0
2025-12-31,2025,Dec,North,Gaibandha,Raju Traders,0
2025-12-31,2025,Dec,South,Jashore,Raju Zakir Enterprise,0
2025-12-31,2025,Dec,North East,Brahmanbaria,R. A Khan Properties,0
2025-12-31,2025,Dec,South,Narail,Rakhi Enterprise,0
2025-12-31,2025,Dec,North,Tangail,Rasel Store,0
2025-12-31,2025,Dec,South,Madaripur,Rashed Enterprise (Madaripur),0
2025-12-31,2025,Dec,South,Jashore,Razzaque Steel House,131
2025-12-31,2025,Dec,South,Patuakhali,Rema Enterprise,27
2025-12-31,2025,Dec,North East,Kishoreganj,Renu Traders,95
2025-12-31,2025,Dec,North,Panchagarh,Riad Traders-Panchagor,0
2025-12-31,2025,Dec,South,Kushtia,R.I and Co.,0
2025-12-31,2025,Dec,North,Tangail,Riaz Uddin Traders,0
2025-12-31,2025,Dec,North,Tangail,Ridoy Enterprise- Tangail,0
2025-12-31,2025,Dec,Dhaka,Gazipur,Ridwan Traders,6
2025-12-31,2025,Dec,North,Tangail,Rina Construction,0
2025-12-31,2025,Dec,South,Khulna,Riya Trading International,0
2025-12-31,2025,Dec,North,Tangail,R. K Traders,0
2025-12-31,2025,Dec,South,Satkhira,Rofiqul and Brothers,0
2025-12-31,2025,Dec,South,Khulna,Rokeya Traders,0
2025-12-31,2025,Dec,North,Gaibandha,Rosid Traders,0
2025-12-31,2025,Dec,South,Kushtia,R. Rahman Corporation,221
2025-12-31,2025,Dec,Dhaka,Narayanganj,R.S Enterprise,219
2025-12-31,2025,Dec,South,Madaripur,R. S Enterprise-Madaripur,13
2025-12-31,2025,Dec,North East,Sherpur,Rubel Enterprise,0
2025-12-31,2025,Dec,North,Dinajpur,Rumman Traders,0
2025-12-31,2025,Dec,North,Dinajpur,Runa Enterprise,0
2025-12-31,2025,Dec,South,Barishal,Sajid and Brothers,0
2025-12-31,2025,Dec,South,Patuakhali,Sajid Enterprise- Patuakhali,0
2025-12-31,2025,Dec,South,Kushtia,Salam and Sons,208
2025-12-31,2025,Dec,North East,Noakhali,Saleha Construction and Supplier,6
2025-12-31,2025,Dec,South,Kushtia,Saleha Traders,0
2025-12-31,2025,Dec,South,Satkhira,Samannay Traders,0
2025-12-31,2025,Dec,North,Chapainawabganj,Sanaullah and Sons,0
2025-12-31,2025,Dec,North,Sirajganj,Sarkar Trading (Sirajgonj),26
2025-12-31,2025,Dec,North,Dinajpur,Sarker Brothers,0
2025-12-31,2025,Dec,South,Barishal,Satata Enterprise,0
2025-12-31,2025,Dec,South,Faridpur,Sathi Store,0
2025-12-31,2025,Dec,North,Pabna,S A Traders-Pabna,0
2025-12-31,2025,Dec,North East,Jamalpur,Sattar Traders,0
2025-12-31,2025,Dec,North,Rajshahi,SB Laboratories,0
2025-12-31,2025,Dec,South,Faridpur,S.B Traders - Faridpur,0
2025-12-31,2025,Dec,South,Shariatpur,Seba Trading Corporation,0
2025-12-31,2025,Dec,Dhaka,Dhaka,Selim Malik Traders,0
2025-12-31,2025,Dec,North,Panchagarh,Shaha Traders,0
2025-12-31,2025,Dec,North East,Mymensingh,Shahbuddin and Brothers,0
2025-12-31,2025,Dec,North East,Mymensingh,Shahin Enterprise,0
2025-12-31,2025,Dec,South,Jhenaidah,Shahin Traders,0
2025-12-31,2025,Dec,South,Narail,Shahin Traders - Narail,70
2025-12-31,2025,Dec,North,Rangpur,Shah Md Ashrafudulla,0
2025-12-31,2025,Dec,North East,Chandpur,Shakil Enterprise- Chandpur,0
2025-12-31,2025,Dec,South,Khulna,Shamim and Co,0
2025-12-31,2025,Dec,North East,Chandpur,Shamima Traders,0
2025-12-31,2025,Dec,South,Bhola,Shanaullah Enterprise,16
2025-12-31,2025,Dec,North,Rajshahi,Shanto Hardware,0
2025-12-31,2025,Dec,South,Khulna,Sharif and Co,0
2025-12-31,2025,Dec,South,Magura,Sharif Steel  Corner,80
2025-12-31,2025,Dec,South,Barguna,Sharmi Enterprise- Borguna,0
2025-12-31,2025,Dec,South,Gopalganj,Shawkat Hossain Mollah,0
2025-12-31,2025,Dec,North East,Mymensingh,Shayan Traders,0
2025-12-31,2025,Dec,South,Satkhira,Sheikh Brothers-Satkhira,0
2025-12-31,2025,Dec,North,Gaibandha,Shetu Traders- Gaibandha,0
2025-12-31,2025,Dec,Dhaka,Narayanganj,Shifat Enterprise-N.Ganj,80
2025-12-31,2025,Dec,South,Khulna,Shikder and Brothers,0
2025-12-31,2025,Dec,North East,Kishoreganj,Shimu Traders,0
2025-12-31,2025,Dec,South,Chuadanga,Shohag Enterprise,0
2025-12-31,2025,Dec,North,Natore,Shohug Machineries  and Traders,0
2025-12-31,2025,Dec,South,Bagerhat,Shotota Enterprise,0
2025-12-31,2025,Dec,North East,Brahmanbaria,Shuvo Enterprise (Ashuganj),0
2025-12-31,2025,Dec,South,Narail,Shuvo Enterprise - Norail,0
2025-12-31,2025,Dec,South,Jhenaidah,Siddique Cycle Store and Traders,0
2025-12-31,2025,Dec,North East,Sylhet,Siddiquey Construction,68
2025-12-31,2025,Dec,Dhaka,Dhaka,Sikder Enterprise (Keranigonj),8
2025-12-31,2025,Dec,South,Gopalganj,Sikder Traders-Goplagonj,52
2025-12-31,2025,Dec,North,Pabna,Sikder Traders (Pabna),26
2025-12-31,2025,Dec,North East,Cumilla,Silver Tiles and Sanitary,0
2025-12-31,2025,Dec,Dhaka,Manikganj,Singair Alfi Trade Link.,0
2025-12-31,2025,Dec,North,Dhaka,Sirajgonj Iron and Steel House,0
2025-12-31,2025,Dec,South,Dhaka,S.M Kamruzzaman,0
2025-12-31,2025,Dec,South,Narayanganj,Sonali Enterprise,0
2025-12-31,2025,Dec,North,Gaibandha,Sorif Traders,27
2025-12-31,2025,Dec,North,Nilphamari,Sourov Traders,40
2025-12-31,2025,Dec,North East,Jamalpur,S.R.S Construction,0
2025-12-31,2025,Dec,North,Thakurgaon,S. R. Traders,13
2025-12-31,2025,Dec,South,Bagerhat,S.R Traders -Bagerhat,0
2025-12-31,2025,Dec,South,Khulna,S. S. Syndicate,0
2025-12-31,2025,Dec,South,Satkhira,S S Traders,0
2025-12-31,2025,Dec,Dhaka,Gazipur,S T Enterprise,267
2025-12-31,2025,Dec,South,Jhenaidah,Suborna Traders,0
2025-12-31,2025,Dec,Dhaka,Gazipur,Suma Enterprise - Sofipur,0
2025-12-31,2025,Dec,South,Shariatpur,Sumon Enterprise,0
2025-12-31,2025,Dec,South,Khulna,Sumon Traders,0
2025-12-31,2025,Dec,South,Manikganj,Sundorban Hardware,0
2025-12-31,2025,Dec,North,Pabna,Swapan Traders,0
2025-12-31,2025,Dec,South,Jashore,Tahmina Enterprise,0
2025-12-31,2025,Dec,North,Thakurgaon,Tamanna Enterprise-Thakurgaon,0
2025-12-31,2025,Dec,South,Gopalganj,Tamim Enterprise,0
2025-12-31,2025,Dec,North,Rajshahi,Tariq  Enterprise,156
2025-12-31,2025,Dec,South,Narail,Tazmin Enterprise,13
2025-12-31,2025,Dec,Dhaka,Dhaka,The Barik Brothers,666
2025-12-31,2025,Dec,Dhaka,Dhaka,Three Star Co-Operative Multipurpose Ltd.,6
2025-12-31,2025,Dec,South,Patuakhali,Three Star Enterprise,0
2025-12-31,2025,Dec,Dhaka,Dhaka,"Tipu and Co.( Rayerbag, Jatrabari)",41
2025-12-31,2025,Dec,South,Meherpur,Tohmina Engineering Workshop,0
2025-12-31,2025,Dec,Dhaka,Dhaka,Trendy Textiles Ltd.,0
2025-12-31,2025,Dec,North East,Mymensingh,Tripti Steel Bitan,0
2025-12-31,2025,Dec,North,Rangpur,T.S.Enterprise(Rangpur),40
2025-12-31,2025,Dec,North,Sirajganj,Ullapara Variety Store,26
2025-12-31,2025,Dec,South,Jhenaidah,Unique Construction,0
2025-12-31,2025,Dec,South,Khulna,Unique International,0
2025-12-31,2025,Dec,North East,Netrokona,Vodra Traders,0
2025-12-31,2025,Dec,Dhaka,Manikganj,Wazuddin Traders,70
2025-12-31,2025,Dec,North East,Sylhet,Windsor Hotel & Resorts Ltd.,0
2025-12-31,2025,Dec,North East,Noakhali,Yeasin Traders,0
2025-12-31,2025,Dec,Dhaka,Narayanganj,York  Composite Ltd,16
2025-12-31,2025,Dec,Dhaka,Dhaka,Younus Traders,42
2025-12-31,2025,Dec,South,Bhola,Zabbar Biswas Traders,52
2025-12-31,2025,Dec,Dhaka,Dhaka,Zaman Traders ( Savar),79
2026-01-31,2026,Jan,North,Lalmonirhat,Abdul Hakim,0
2026-01-31,2026,Jan,North,Tangail,Abdul Malek - Rangpur,0
2026-01-31,2026,Jan,North,Dinajpur,Abdur Rauf-Dinajpur,0
2026-01-31,2026,Jan,South,Khulna,Abdur Razzak Aziz- Khulna,176
2026-01-31,2026,Jan,South,Shariatpur,Abdus Salam Farazi,0
2026-01-31,2026,Jan,Dhaka,Dhaka,Abir Enterprise,120
2026-01-31,2026,Jan,South,Pirojpur,A.B.L.Builders,0
2026-01-31,2026,Jan,North,Pabna,Abul Hossain Traders,0
2026-01-31,2026,Jan,South,Barguna,Agrani Traders,0
2026-01-31,2026,Jan,South,Khulna,Ahad Enterprise,0
2026-01-31,2026,Jan,North East,Narsingdi,Ahasan Store,0
2026-01-31,2026,Jan,North,Chapainawabganj,Ahmed Store- C. Gonj,0
2026-01-31,2026,Jan,North,Bogura,Ahmed Traders-Bogra,0
2026-01-31,2026,Jan,North,Pabna,Ahsan Trading,0
2026-01-31,2026,Jan,North East,Dhaka,AK Developers Ltd.,20
2026-01-31,2026,Jan,North East,Sylhet,A.K Enterprise (Sylhet),0
2026-01-31,2026,Jan,Dhaka,Dhaka,Akhter Traders,38
2026-01-31,2026,Jan,North,Bogura,Akkash Ali Traders,0
2026-01-31,2026,Jan,North,Bogura,Alam and Brothers,0
2026-01-31,2026,Jan,South,Patuakhali,Al-Amin Traders-Patuakhali,0
2026-01-31,2026,Jan,North,Tangail,Alam Motors,0
2026-01-31,2026,Jan,South,Faridpur,Al-Bagdad Iron Steel- Faridpur,0
2026-01-31,2026,Jan,Dhaka,Dhaka,Al Baraka Steel Corporation- Mirpur,0
2026-01-31,2026,Jan,North East,Brahmanbaria,Al Ekram Traders,0
2026-01-31,2026,Jan,North,Rangpur,Alhaj Atiar Rahman,0
2026-01-31,2026,Jan,North,Dinajpur,Al Haj Traders,98
2026-01-31,2026,Jan,North East,Feni,Al Haj Zakir Enterprise,0
2026-01-31,2026,Jan,South,Bagerhat,Allahardan Enterprise-Bagerhat,0
2026-01-31,2026,Jan,South,Satkhira,Allahardan  Hardware,0
2026-01-31,2026,Jan,South,Satkhira,Allahar Dan Iron Store,0
2026-01-31,2026,Jan,North,Rajshahi,Al Manar Steel,260
2026-01-31,2026,Jan,Dhaka,Dhaka,Aman  Steel Corporation,12
2026-01-31,2026,Jan,North East,Jamalpur,Amena Enterprise-Jamalpur,0
2026-01-31,2026,Jan,Dhaka,Dhaka,Amin and Brother,0
2026-01-31,2026,Jan,South,Bagerhat,Amin Enterprise,0
2026-01-31,2026,Jan,South,Shariatpur,Amin Store,14
2026-01-31,2026,Jan,North East,Jamalpur,Amin Traders,0
2026-01-31,2026,Jan,South,Dhaka,Aminul Islam- Kustia,0
2026-01-31,2026,Jan,North,Tangail,Anny Construction,0
2026-01-31,2026,Jan,South,Satkhira,Anowar Trading,0
2026-01-31,2026,Jan,South,Rajbari,Anupam Nirmata,0
2026-01-31,2026,Jan,South,Rajbari,Anwar Traders,40
2026-01-31,2026,Jan,Dhaka,Dhaka,Arafah Development and Builders Ltd.,8
2026-01-31,2026,Jan,Dhaka,Dhaka,Arafat Trading,111
2026-01-31,2026,Jan,South,Khulna,Arafat Trading - Khulna,0
2026-01-31,2026,Jan,Dhaka,Narayanganj,AR Building Design and Construction,23
2026-01-31,2026,Jan,Dhaka,Dhaka,A.R Corporation,18
2026-01-31,2026,Jan,North East,Dhaka,ARF Trading International,0
2026-01-31,2026,Jan,Dhaka,Gazipur,Arifa Enterprise,90
2026-01-31,2026,Jan,South,Meherpur,Arif Enterprise,0
2026-01-31,2026,Jan,North,Sirajganj,Ariful Islam Traders,0
2026-01-31,2026,Jan,Dhaka,Dhaka,Arowa Traders,1035.00
2026-01-31,2026,Jan,North,Dhaka,A.R. Trading (Rangpur),0
2026-01-31,2026,Jan,Dhaka,Gazipur,Ashik Traders,0
2026-01-31,2026,Jan,South,Barguna,Ashraful Enterprise,0
2026-01-31,2026,Jan,North,Dinajpur,Asma Traders,0
2026-01-31,2026,Jan,North East,Cumilla,A.Wohab and Sons,0
2026-01-31,2026,Jan,North East,Feni,Ayesha Enterprise,0
2026-01-31,2026,Jan,South,Shariatpur,Azad Traders - Soriotpur,0
2026-01-31,2026,Jan,North East,Chandpur,Aziz Brothers,0
2026-01-31,2026,Jan,South,Jhenaidah,Azizul Haque,0
2026-01-31,2026,Jan,Dhaka,Dhaka,Badsha Faisal Institute Madrasha,0
2026-01-31,2026,Jan,South,Barishal,Barishal Iron House,14
2026-01-31,2026,Jan,North,Tangail,Basail Trading House,0
2026-01-31,2026,Jan,North East,Jamalpur,Bashonti Traders,0
2026-01-31,2026,Jan,North,Rangpur,Bengal and Company,0
2026-01-31,2026,Jan,South,Jashore,Bhai Bhai Enterprise,0
2026-01-31,2026,Jan,South,Madaripur,Bhai Bhai Traders - Madaripur,0
2026-01-31,2026,Jan,North,Kurigram,Bhai Bhai Trading,90
2026-01-31,2026,Jan,Dhaka,Gazipur,Bhai Bhon Enterprise,41
2026-01-31,2026,Jan,North,Tangail,Bhuiyan Traders- Mirzapur,0
2026-01-31,2026,Jan,South,Bagerhat,Bismillah Enterprise-Bagerhat,0
2026-01-31,2026,Jan,South,Magura,Bismillah Steel Corner,0
2026-01-31,2026,Jan,South,Khulna,Bismillah Steel House,0
2026-01-31,2026,Jan,Dhaka,Dhaka,Bismillah Traders-Dhaka,223
2026-01-31,2026,Jan,North East,Narsingdi,Bismillah Traders -Narsingdi,0
2026-01-31,2026,Jan,South,Satkhira,Bismillah Traders-Satkhira,0
2026-01-31,2026,Jan,North,Sirajganj,Borsha Enterprise,0
2026-01-31,2026,Jan,South,Dhaka,BRB Cable Industries Ltd. (Dr.),45
2026-01-31,2026,Jan,South,Kushtia,Bristy Traders,0
2026-01-31,2026,Jan,South,Chuadanga,Brothers Traders,117
2026-01-31,2026,Jan,Dhaka,Dhaka,Capital Builders,109
2026-01-31,2026,Jan,South,Patuakhali,Choudhory Enterprise,0
2026-01-31,2026,Jan,South,Patuakhali,Chowa Traders,0
2026-01-31,2026,Jan,North East,Sylhet,Chowdhury Trading,0
2026-01-31,2026,Jan,North,Tangail,Chunailal Traders,0
2026-01-31,2026,Jan,North East,Mymensingh,Community Health Foundation Bangladesh,90
2026-01-31,2026,Jan,North,Tangail,Das Traders,0
2026-01-31,2026,Jan,South,Gopalganj,Delwar and Brothers - Gopalgonj,0
2026-01-31,2026,Jan,North East,Feni,Desh Agency,0
2026-01-31,2026,Jan,South,Kushtia,Dhaka Steel,260
2026-01-31,2026,Jan,North,Pabna,Dhaka Steel King,79
2026-01-31,2026,Jan,Dhaka,Gazipur,Dhaka Trade Centre,0
2026-01-31,2026,Jan,North,Naogaon,Dipak Kumar Deb,0
2026-01-31,2026,Jan,Dhaka,Dhaka,Dipti Traders,48
2026-01-31,2026,Jan,North,Pabna,D.K Traders,0
2026-01-31,2026,Jan,North East,Chandpur,Doha Traders,0
2026-01-31,2026,Jan,North,Nilphamari,DOSHMILE TRADERS,0
2026-01-31,2026,Jan,North East,Mymensingh,Dulal Traders,0
2026-01-31,2026,Jan,North,Chapainawabganj,Emdadul Haque,0
2026-01-31,2026,Jan,South,Jhenaidah,Emon Enterprise,166
2026-01-31,2026,Jan,North,Dinajpur,Eng.Md.Mohsin Ali,0
2026-01-31,2026,Jan,North East,Cumilla,Engr. Shafiqul Islam Build and Consultancy,0
2026-01-31,2026,Jan,North East,Brahmanbaria,Eng. Suman Datta,0
2026-01-31,2026,Jan,Dhaka,Gazipur,Evan Enterprise,0
2026-01-31,2026,Jan,Dhaka,Dhaka,Fakir Chan Bepari and Sons,5
2026-01-31,2026,Jan,North,Kurigram,Farhad and Brothers,13
2026-01-31,2026,Jan,Dhaka,Dhaka,Farid Enterprise,26
2026-01-31,2026,Jan,Dhaka,Manikganj,Faruk and Brothers,123
2026-01-31,2026,Jan,South,Meherpur,Faruk Enterprise - Meherpur,0
2026-01-31,2026,Jan,Dhaka,Dhaka,Feni Traders,0
2026-01-31,2026,Jan,South,Meherpur,F.K Trade,0
2026-01-31,2026,Jan,North,Dhaka,F M Trading International,0
2026-01-31,2026,Jan,North East,Noakhali,Foyez Store,0
2026-01-31,2026,Jan,North East,Mymensingh,F.S Enterprise,234
2026-01-31,2026,Jan,North,Thakurgaon,Gallery Traders,0
2026-01-31,2026,Jan,South,Barishal,Gangashari Traders,0
2026-01-31,2026,Jan,North,Dinajpur,Gausheyz Ventores,0
2026-01-31,2026,Jan,Dhaka,Dhaka,Gawsia Enterprise,351
2026-01-31,2026,Jan,Dhaka,Gazipur,Giash Steel,249
2026-01-31,2026,Jan,South,Barguna,GM Ikfa Enterprise,0
2026-01-31,2026,Jan,North East,Cumilla,Grameen Traders,0
2026-01-31,2026,Jan,North East,Mymensingh,Greenland Developers (Pvt.)Ltd.,0
2026-01-31,2026,Jan,South,Faridpur,Habib Enterprise-Faridpur,113
2026-01-31,2026,Jan,Dhaka,Gazipur,Haji Enterprise - Gazipur,282
2026-01-31,2026,Jan,North,Dinajpur,Hamana Traders,0
2026-01-31,2026,Jan,North,Rangpur,Hamid and Sons,0
2026-01-31,2026,Jan,South,Jashore,Hamid Traders,0
2026-01-31,2026,Jan,South,Madaripur,Hamim International,0
2026-01-31,2026,Jan,North,Chapainawabganj,Hammad and Sons,0
2026-01-31,2026,Jan,South,Chuadanga,Hannan and Brothers-Chuadanga,0
2026-01-31,2026,Jan,North,Bogura,Hannan Traders,52
2026-01-31,2026,Jan,North East,Mymensingh,Haque and Brothers,0
2026-01-31,2026,Jan,South,Bhola,Haque and Sons-Bhola,0
2026-01-31,2026,Jan,South,Jhenaidah,Haque and Sons-Jhenaidah,0
2026-01-31,2026,Jan,North,Sirajganj,Haque Iron,0
2026-01-31,2026,Jan,North,Tangail,Harun Enterprise,0
2026-01-31,2026,Jan,South,Barishal,Hawlader Iron Store,0
2026-01-31,2026,Jan,North East,Brahmanbaria,Hazi Mobarak Traders,0
2026-01-31,2026,Jan,North,Dinajpur,Hera Traders,0
2026-01-31,2026,Jan,Dhaka,Dhaka,Hobigonj Traders,20
2026-01-31,2026,Jan,North,Dhaka,Hossain Construction ( Pvt ) Ltd,0
2026-01-31,2026,Jan,North East,Kishoreganj,Hossen Bhuiyan Steel House,0
2026-01-31,2026,Jan,South,Khulna,Howlader and Company,0
2026-01-31,2026,Jan,Dhaka,Dhaka,Howlader Enterprise,175
2026-01-31,2026,Jan,South,Jhalokati,Howlader Traders-Jhalokathi,0
2026-01-31,2026,Jan,Dhaka,Dhaka,H.S Corporation,0
2026-01-31,2026,Jan,North,Gaibandha,Humayan Kabir Traders-Gaibandha,0
2026-01-31,2026,Jan,South,Kushtia,Hymo International,0
2026-01-31,2026,Jan,North,Rangpur,Imarat Trading,28
2026-01-31,2026,Jan,South,Satkhira,Imarot Trading-Satkhira,0
2026-01-31,2026,Jan,North,Rangpur,Imperial Sanitary House,42
2026-01-31,2026,Jan,South,Faridpur,Iron and Steel House,0
2026-01-31,2026,Jan,North East,Cumilla,Islam and Sons,0
2026-01-31,2026,Jan,North,Bogura,Islam Brothers-Bogura,0
2026-01-31,2026,Jan,South,Jashore,Islam Traders-Jessore,0
2026-01-31,2026,Jan,North,Tangail,I.V Methi Traders,0
2026-01-31,2026,Jan,South,Faridpur,Jahangir Store - Faridpur,0
2026-01-31,2026,Jan,South,Satkhira,Jaman Traders,0
2026-01-31,2026,Jan,North,Dhaka,Janata Enterprise- Sirajgonj,0
2026-01-31,2026,Jan,North,Dhaka,Janata Steel and Iron House,0
2026-01-31,2026,Jan,North,Bogura,J and Ma Enterprise,0
2026-01-31,2026,Jan,South,Faridpur,Jaseka Traders,78
2026-01-31,2026,Jan,North East,Noakhali,Jashim Steel House,33
2026-01-31,2026,Jan,North,Lalmonirhat,Jerin Enterprise,0
2026-01-31,2026,Jan,North East,Kishoreganj,Jesan Traders,0
2026-01-31,2026,Jan,South,Jashore,JesminSanitary and Iron Store,0
2026-01-31,2026,Jan,South,Narail,Jhorna Enterprise,0
2026-01-31,2026,Jan,South,Khulna,Joint Enterprise,0
2026-01-31,2026,Jan,North,Tangail,Joy Joya Enterprise,106
2026-01-31,2026,Jan,South,Shariatpur,Julhas and Brothers,0
2026-01-31,2026,Jan,North,Bogura,Kabir Traders-Bogra,0
2026-01-31,2026,Jan,North East,Cumilla,Kajol Enterprise,0
2026-01-31,2026,Jan,North East,Cumilla,Kalam and Sons,0
2026-01-31,2026,Jan,South,Faridpur,Kamarjani Traders,0
2026-01-31,2026,Jan,Dhaka,Gazipur,Kamrul Trading Corporation,66
2026-01-31,2026,Jan,South,Faridpur,Kamruzzaman Enterprise,0
2026-01-31,2026,Jan,South,Kushtia,Kanak Traders-Kustia,0
2026-01-31,2026,Jan,Dhaka,Gazipur,Kashem and Sons,63
2026-01-31,2026,Jan,North East,Noakhali,Kashem Traders (Noakhali),0
2026-01-31,2026,Jan,North,Kurigram,Khairul Enterprise,0
2026-01-31,2026,Jan,Dhaka,Dhaka,Khalid Trading Corporation,38
2026-01-31,2026,Jan,South,Jhalokati,Khan Builders,0
2026-01-31,2026,Jan,Dhaka,Dhaka,Khan Enterprise,365
2026-01-31,2026,Jan,North East,Lakshmipur,Khan Machineries Store,0
2026-01-31,2026,Jan,South,Khulna,Khan Traders -Khulna,20
2026-01-31,2026,Jan,South,Madaripur,Khan Traders- Madaripur,0
2026-01-31,2026,Jan,South,Madaripur,Khan Traders- Shibchor,0
2026-01-31,2026,Jan,North East,Chandpur,Khaza Variety Store,0
2026-01-31,2026,Jan,Dhaka,Gazipur,Khurshida Builders,336
2026-01-31,2026,Jan,South,Narail,King Builders,0
2026-01-31,2026,Jan,North,Rajshahi,Kismot Trading Corporation,0
2026-01-31,2026,Jan,South,Barishal,K K Enterprise,0
2026-01-31,2026,Jan,North,Dinajpur,Kobir Traders,0
2026-01-31,2026,Jan,North East,Mymensingh,K.S. Trading,0
2026-01-31,2026,Jan,North,Dinajpur,Kumor Uddin and Sons,0
2026-01-31,2026,Jan,North,Dinajpur,Kundu Brothers,0
2026-01-31,2026,Jan,South,Faridpur,Kustia Enterprise,0
2026-01-31,2026,Jan,South,Barishal,Layla Builders,0
2026-01-31,2026,Jan,South,Patuakhali,Lila Enterprise,0
2026-01-31,2026,Jan,North,Tangail,Liton Enterprise,0
2026-01-31,2026,Jan,North,Nilphamari,L.N Trading Co.,117
2026-01-31,2026,Jan,North East,Mymensingh,Lubaba  Enterprise,0
2026-01-31,2026,Jan,North East,Sylhet,Ludhi Steel Marchant,340
2026-01-31,2026,Jan,North East,Feni,Madani Traders,52
2026-01-31,2026,Jan,South,Shariatpur,Madbor Enterprise,44
2026-01-31,2026,Jan,North East,Netrokona,Mahabub Traders,0
2026-01-31,2026,Jan,Dhaka,Dhaka,Mahadi Design and Construction,15
2026-01-31,2026,Jan,North,Rajshahi,Mahamud Enterprise,0
2026-01-31,2026,Jan,North,Thakurgaon,Mahbub Enterprise,0
2026-01-31,2026,Jan,South,Jhenaidah,Mahir Trading,0
2026-01-31,2026,Jan,North East,Mymensingh,Mahi Traders,0
2026-01-31,2026,Jan,North,Dinajpur,Mahi Traders-Dinajpur,0
2026-01-31,2026,Jan,South,Jashore,Mahiya Kabir Corporation,42
2026-01-31,2026,Jan,North,Bogura,Mahmud Mahbub Traders,0
2026-01-31,2026,Jan,Dhaka,Dhaka,Makkah Traders,163
2026-01-31,2026,Jan,Dhaka,Gazipur,Mamun Enterprise-Gazipur,262
2026-01-31,2026,Jan,North East,Sylhet,Mamun Enterprise- Shylet,0
2026-01-31,2026,Jan,North,Pabna,Mamun Traders-Pabna,13
2026-01-31,2026,Jan,South,Kushtia,Mannan Hardware and Iron Store,0
2026-01-31,2026,Jan,Dhaka,Narayanganj,Mashin Corporation,0
2026-01-31,2026,Jan,North,Bogura,Master Traders (Shantahar),26
2026-01-31,2026,Jan,South,Barishal,Masud Enterprise,14
2026-01-31,2026,Jan,South,Madaripur,Mayer Doa Enterprise,27
2026-01-31,2026,Jan,North East,Netrokona,Mayer Doa Traders,0
2026-01-31,2026,Jan,South,Bagerhat,Media Enterprise,0
2026-01-31,2026,Jan,South,Shariatpur,M H Traders,0
2026-01-31,2026,Jan,North East,Cumilla,Mili Enterprise,10
2026-01-31,2026,Jan,Dhaka,Gazipur,Mim Enterprise,110
2026-01-31,2026,Jan,Dhaka,Dhaka,Misti Enterprise,16
2026-01-31,2026,Jan,North East,Jamalpur,Mizan and Son's,0
2026-01-31,2026,Jan,South,Jhalokati,M Khan Ltd.,0
2026-01-31,2026,Jan,North East,Mymensingh,M K Traders,0
2026-01-31,2026,Jan,Dhaka,Dhaka,Modina Steel Corporation,205
2026-01-31,2026,Jan,North East,Sherpur,Mofazzal Enterprise,64
2026-01-31,2026,Jan,South,Kushtia,Mokka Enterprise- Kustia,0
2026-01-31,2026,Jan,South,Magura,Molla Banijjo Vander,13
2026-01-31,2026,Jan,North East,Cumilla,Molla Traders- Comilla,24
2026-01-31,2026,Jan,South,Jashore,Mollik Enterprise-Khulna,0
2026-01-31,2026,Jan,North,Dinajpur,Mondol Traders - Dinajpur,0
2026-01-31,2026,Jan,North,Kurigram,Mondol Traders- Kurigram,0
2026-01-31,2026,Jan,North,Sirajganj,Mondol Traders- Sirajgonj,0
2026-01-31,2026,Jan,Dhaka,Dhaka,Monir Enterprise,0
2026-01-31,2026,Jan,North,Dinajpur,Monoj Kumar Mallick,0
2026-01-31,2026,Jan,North East,Jamalpur,Morzina Steel House,0
2026-01-31,2026,Jan,South,Barishal,Moshiur Rahman Minto,0
2026-01-31,2026,Jan,North,Tangail,Mostafa Enterprise-Tangail,0
2026-01-31,2026,Jan,North,Rangpur,M.R Traders,0
2026-01-31,2026,Jan,South,Narail,M/S Abdul Hadi Traders,0
2026-01-31,2026,Jan,North,Naogaon,M/S Abdullah Traders,0
2026-01-31,2026,Jan,North,Sirajganj,M/S Abdus Samad Khan,0
2026-01-31,2026,Jan,North East,Cumilla,M/S Abedin Enterprise,0
2026-01-31,2026,Jan,South,Patuakhali,M/S. Abul Kalam Azad,0
2026-01-31,2026,Jan,North East,Narsingdi,M/S Adiat Traders,13
2026-01-31,2026,Jan,Dhaka,Dhaka,M/S Adil Enterprise,30
2026-01-31,2026,Jan,North,Pabna,M/S Adi Saha Trading,0
2026-01-31,2026,Jan,South,Satkhira,M/S. Afroz Enterprise,0
2026-01-31,2026,Jan,South,Rajbari,M/S Al-Amin Traders,0
2026-01-31,2026,Jan,North,Nilphamari,M/S. Al Amin Traders-Nilphamary,0
2026-01-31,2026,Jan,North East,Netrokona,M/S Alam Traders,0
2026-01-31,2026,Jan,North,Dinajpur,M/S. Alhaj Traders-Dinajpur,0
2026-01-31,2026,Jan,South,Shariatpur,M/S Aliuzzaman Mir Malot,0
2026-01-31,2026,Jan,Dhaka,Gazipur,M/S Al-Madina Enterprise,0
2026-01-31,2026,Jan,South,Kushtia,M/S. Al-Nobi Hardware & Sanitary,0
2026-01-31,2026,Jan,North East,Noakhali,M/S Anisha Enterprise,0
2026-01-31,2026,Jan,North,Sirajganj,M/S Anowar Enterprise,0
2026-01-31,2026,Jan,South,Barguna,M/S. Anower Brick,0
2026-01-31,2026,Jan,Dhaka,Gazipur,M/S Arif Traders,15
2026-01-31,2026,Jan,South,Faridpur,M/S Asraf  and Sons,26
2026-01-31,2026,Jan,South,Jhenaidah,M/S. Astha Builders,0
2026-01-31,2026,Jan,South,Barguna,M/S Ayaan Traders,39
2026-01-31,2026,Jan,South,Jashore,M/S Ayesha Steel Corporation,0
2026-01-31,2026,Jan,South,Patuakhali,M/S. Azad Enterprise,0
2026-01-31,2026,Jan,South,Jashore,M/S Azim Shah Traders,30
2026-01-31,2026,Jan,South,Jashore,M/S Babu Traders,14
2026-01-31,2026,Jan,South,Magura,M/S Bali Construction,0
2026-01-31,2026,Jan,South,Chuadanga,M/S. Bani Traders,0
2026-01-31,2026,Jan,Dhaka,Dhaka,M/S Bepari Traders,0
2026-01-31,2026,Jan,South,Rajbari,M/S Bepari Traders - Rajbari,14
2026-01-31,2026,Jan,Dhaka,Dhaka,M/S Bhai Bhai Traders and Engineering Works,8
2026-01-31,2026,Jan,North,Dinajpur,M/S. Bhai Bhai Traders (Dinajpur),0
2026-01-31,2026,Jan,North East,Cumilla,M/S Bhuiyan Traders-Cumilla,0
2026-01-31,2026,Jan,North East,Noakhali,M/S Bhuiyan Traders-Noakhali,0
2026-01-31,2026,Jan,North East,Chandpur,MS.Billal Traders-Chandpur,0
2026-01-31,2026,Jan,Dhaka,Dhaka,M/S Bismillah Enterprise (Sobujbagh),131
2026-01-31,2026,Jan,North East,Mymensingh,M/S Bismillah Hardware and Glass House,0
2026-01-31,2026,Jan,North East,Kishoreganj,M/S Bismillah Traders- Bhairob,13
2026-01-31,2026,Jan,North East,Kishoreganj,M/S Bismillah Traders-Mymensing,0
2026-01-31,2026,Jan,North,Naogaon,M/S. Bismillha Traders-Naoga,0
2026-01-31,2026,Jan,South,Jhenaidah,M/S Bondhu Enterprise,13
2026-01-31,2026,Jan,North,Sherpur,M/S. Bondhu Enterprise-Bogra,0
2026-01-31,2026,Jan,South,Bhola,M/S Bushra Construction,0
2026-01-31,2026,Jan,North,Bogura,M/S. Bushra Traders,184
2026-01-31,2026,Jan,South,Jashore,M/S Chitra Trading,36
2026-01-31,2026,Jan,South,Madaripur,M/S City Build Trade,27
2026-01-31,2026,Jan,North,Lalmonirhat,M/s Dhorla Trading,0
2026-01-31,2026,Jan,South,Jashore,M/S. Dipro Enterprise,0
2026-01-31,2026,Jan,South,Faridpur,M/S. Durgapur Hi Tech,0
2026-01-31,2026,Jan,North East,Narsingdi,M/S Easy Builders,0
2026-01-31,2026,Jan,South,Khulna,M/S. Elina Enterprise,0
2026-01-31,2026,Jan,South,Pirojpur,M/S Emon Enterprise,0
2026-01-31,2026,Jan,North East,Dhaka,M/S. Engineer Builders,60
2026-01-31,2026,Jan,North East,Cumilla,M/S. Faisal Enterprise,0
2026-01-31,2026,Jan,South,Gopalganj,M/S Fakir and Sons,0
2026-01-31,2026,Jan,South,Satkhira,M/S Faruk Traders-Sathkhira,0
2026-01-31,2026,Jan,South,Meherpur,M/S. Fojilatun Nesha &Sons,0
2026-01-31,2026,Jan,South,Barishal,M/S Forkan Traders,0
2026-01-31,2026,Jan,South,Gopalganj,M/S Friends Enterprise,0
2026-01-31,2026,Jan,North East,Cumilla,M/S Gaji Hardware,0
2026-01-31,2026,Jan,North,Naogaon,M/S Gitanjoli Traders,40
2026-01-31,2026,Jan,North,Kurigram,M/S. G.M Enterprise,0
2026-01-31,2026,Jan,Dhaka,Dhaka,M/S. Hailmi Enterprise,3
2026-01-31,2026,Jan,South,Bhola,M/S Haji Traders,0
2026-01-31,2026,Jan,North East,Cumilla,M/S Hanif Enterprise,0
2026-01-31,2026,Jan,Dhaka,Dhaka,M/S Haque and Hasan Traders,0
2026-01-31,2026,Jan,North East,Feni,M/S Haque Enterprise,0
2026-01-31,2026,Jan,North East,Brahmanbaria,M/S. Hasan Enterprise,0
2026-01-31,2026,Jan,South,Satkhira,M/S. Hasan Traders-Satkhira,0
2026-01-31,2026,Jan,North,Dinajpur,M/S Hashem Traders,28
2026-01-31,2026,Jan,South,Shariatpur,M/S. Hawlader Enterprise-Sariatpur,0
2026-01-31,2026,Jan,North East,Dhaka,M/S Hazi Abdul Khalique  & Son's,0
2026-01-31,2026,Jan,Dhaka,Dhaka,M/S Hazi Sarif Munshi Traders,27
2026-01-31,2026,Jan,South,Madaripur,M/S. Hazi Traders- Madaripur,0
2026-01-31,2026,Jan,North East,Jamalpur,M/S HEMENDRA CHANDRA SINGH,0
2026-01-31,2026,Jan,North East,Noakhali,M/S Hoque and Brothers (Noakhali),0
2026-01-31,2026,Jan,South,Bhola,M/S H Rahman and Sons,0
2026-01-31,2026,Jan,Dhaka,Narayanganj,M/S Ichapuri Cement House,0
2026-01-31,2026,Jan,North East,Cumilla,M/S Islamia Enterprise and Dorja Gallery,0
2026-01-31,2026,Jan,South,Jashore,M/S Islam Traders- Keshabpur,0
2026-01-31,2026,Jan,North,Tangail,M/S. Islam Traders- Sirajgonj,0
2026-01-31,2026,Jan,North,Naogaon,M/S. IT Construction,0
2026-01-31,2026,Jan,North East,Lakshmipur,M/S Jahir Enterprise,0
2026-01-31,2026,Jan,South,Patuakhali,M/S.Jamal Traders,0
2026-01-31,2026,Jan,North,Tangail,M/S.Jannath Enterprise,0
2026-01-31,2026,Jan,North East,Jamalpur,M/S. Jibon Traders,0
2026-01-31,2026,Jan,South,Jashore,M/S Johir Enterprise,0
2026-01-31,2026,Jan,South,Meherpur,M/S Jony Enterprise -Meherpur,13
2026-01-31,2026,Jan,South,Jhenaidah,M/S Kafi Traders,0
2026-01-31,2026,Jan,South,Barguna,M/S. Kamal Enterprise,26
2026-01-31,2026,Jan,North,Panchagarh,M/S Kamlesh Traders,0
2026-01-31,2026,Jan,South,Barguna,M/S. Karim Builders,0
2026-01-31,2026,Jan,North,Tangail,M/S. Khalekujjaman Traders,0
2026-01-31,2026,Jan,South,Faridpur,M/S Khan Enterprise-Faridpur,0
2026-01-31,2026,Jan,Dhaka,Gazipur,M/S Khan Enterprise-Kaligonj,58
2026-01-31,2026,Jan,North,Dinajpur,M/S. Khan Enterprises- Dinajpur,0
2026-01-31,2026,Jan,North,Tangail,M/S Khan Traders-Tangail,0
2026-01-31,2026,Jan,South,Faridpur,M/S Khaza Traders,66
2026-01-31,2026,Jan,North East,Cumilla,M/S. Khokon Enterprise,0
2026-01-31,2026,Jan,North,Thakurgaon,M/S. Kibriya Enterprise,0
2026-01-31,2026,Jan,North East,Cumilla,M/S-Laksam Trading Corporation,159
2026-01-31,2026,Jan,Dhaka,Manikganj,M/S Latif Traders,39
2026-01-31,2026,Jan,South,Gopalganj,M/S Linkon Enterprise,0
2026-01-31,2026,Jan,North,Natore,M/s Liton Enterprise,0
2026-01-31,2026,Jan,North East,Narsingdi,M/S. Liza Traders,0
2026-01-31,2026,Jan,Dhaka,Dhaka,M/S. Maa Enterprise,24
2026-01-31,2026,Jan,South,Barishal,M/S. Mahabub Traders,39
2026-01-31,2026,Jan,Dhaka,Gazipur,M/S. Mainul Traders,164
2026-01-31,2026,Jan,North East,Brahmanbaria,M/S. Malek and Sons,0
2026-01-31,2026,Jan,North East,Lakshmipur,M/S Ma Metal,0
2026-01-31,2026,Jan,North,Dhaka,M/S. Manobendro Das,0
2026-01-31,2026,Jan,Dhaka,Dhaka,M/S. Marks Trading,13
2026-01-31,2026,Jan,South,Jhalokati,M/S Mary Suppliers and Mary Bricks,0
2026-01-31,2026,Jan,South,Bhola,M/S. Masaallah Traders,0
2026-01-31,2026,Jan,South,Khulna,M/S. M. A Traders (Dr.),0
2026-01-31,2026,Jan,Dhaka,Gazipur,M/S Mawna Builders,169
2026-01-31,2026,Jan,North,Tangail,M/S Maya Traders,0
2026-01-31,2026,Jan,South,Satkhira,M/S. Mayer Doa Sanitary and Anwar Sheet Enterprise,13
2026-01-31,2026,Jan,North,Bogura,M/S. Mayer Doya Variety Store,0
2026-01-31,2026,Jan,Dhaka,Gazipur,M/s Midul Enterprise,54
2026-01-31,2026,Jan,South,Kushtia,M/S Mim Traders-Kustia,0
2026-01-31,2026,Jan,South,Chuadanga,M/S Mizan Traders,0
2026-01-31,2026,Jan,South,Faridpur,M/S Modina Traders,0
2026-01-31,2026,Jan,North East,Noakhali,M/S. Mokka Enterprise- Noakhali,0
2026-01-31,2026,Jan,North East,Narsingdi,M/S Mollah Enterprise-Narsingdi,0
2026-01-31,2026,Jan,North,Rajshahi,M/S. Mollah Enterprise-Rajshahi,0
2026-01-31,2026,Jan,North East,Cumilla,M/S Molla Traders-Chouddogram,0
2026-01-31,2026,Jan,South,Gopalganj,M/S Molla Traders-Gopalgonj,0
2026-01-31,2026,Jan,North,Bogura,M/S. Mondol Traders-Shibgonj,0
2026-01-31,2026,Jan,North,Tangail,M/S. Monira Enterprise,0
2026-01-31,2026,Jan,North,Dhaka,M/S Moon Traders- Sirajgonj,0
2026-01-31,2026,Jan,South,Barguna,M/S. Mridha Traders,0
2026-01-31,2026,Jan,North East,Netrokona,M/S-M.S Traders,0
2026-01-31,2026,Jan,North,Bogura,M/S. Mukta Traders,0
2026-01-31,2026,Jan,North East,Noakhali,M/S.Muldhara Trading,95
2026-01-31,2026,Jan,South,Pirojpur,M/S Nahar Enterprise- Pirojpur,0
2026-01-31,2026,Jan,South,Shariatpur,M/S Nayeem Enterprise,0
2026-01-31,2026,Jan,North,Tangail,M/S. Nazmul Enterprise,0
2026-01-31,2026,Jan,North East,Cumilla,M/S. Nazrul Traders,0
2026-01-31,2026,Jan,South,Pirojpur,M/S New Hope Traders,14
2026-01-31,2026,Jan,South,Gopalganj,M/S. New Sikder Traders,0
2026-01-31,2026,Jan,South,Satkhira,M/s Nirala Trader's,0
2026-01-31,2026,Jan,South,Madaripur,M/s Nirman,0
2026-01-31,2026,Jan,South,Barguna,M/s. Nur-E-Madina Trading,0
2026-01-31,2026,Jan,South,Faridpur,M/S Nur Mahidi Nerman Vander,65
2026-01-31,2026,Jan,South,Pirojpur,M/S Oishani Enterprise,0
2026-01-31,2026,Jan,Dhaka,Dhaka,M/S Osman Steel Corporation,20
2026-01-31,2026,Jan,North East,Lakshmipur,M/S Parvez Enterprise,13
2026-01-31,2026,Jan,North,Naogaon,M/S Parvez Trading-Naogaon,224
2026-01-31,2026,Jan,North,Dinajpur,M/S Popular Steel,0
2026-01-31,2026,Jan,South,Gopalganj,M/s Porosh Enterprise,0
2026-01-31,2026,Jan,North East,Cumilla,MS.Probashi G.I. Enterpries.,0
2026-01-31,2026,Jan,North,Dhaka,M/S. Purabi Traders,0
2026-01-31,2026,Jan,North,Pabna,M/S Rafiq Enterprise,0
2026-01-31,2026,Jan,South,Narail,M/S Rahit Ruchi Enterprise,0
2026-01-31,2026,Jan,Dhaka,Narayanganj,M/S Rahmania Enterprise,163
2026-01-31,2026,Jan,South,Chuadanga,M/S Rahman Traders,0
2026-01-31,2026,Jan,North East,Narsingdi,M/S Rahman Traders-Norsingdi,0
2026-01-31,2026,Jan,South,Jashore,M/S Raisa Enterprise,0
2026-01-31,2026,Jan,North,Thakurgaon,M/S. Raju Ceramic & Sanitary,0
2026-01-31,2026,Jan,Dhaka,Gazipur,M/S Rana Enterprise,0
2026-01-31,2026,Jan,North,Panchagarh,M/S. Rashad Traders,0
2026-01-31,2026,Jan,Dhaka,Dhaka,M/S. Rayhan Enterprise,93
2026-01-31,2026,Jan,Dhaka,Gazipur,M/S R.B Steel and Co.,108
2026-01-31,2026,Jan,North,Natore,M/S. Reza Enterprise,0
2026-01-31,2026,Jan,North,Pabna,M/S.Reza Enterprise-Pabna,13
2026-01-31,2026,Jan,North,Dinajpur,M/S Ripon Traders,0
2026-01-31,2026,Jan,Dhaka,Gazipur,M/S.Riverine Resort,68
2026-01-31,2026,Jan,South,Jashore,M/S R M Traders,0
2026-01-31,2026,Jan,North,Rangpur,M/S Rohima Traders,0
2026-01-31,2026,Jan,North,Panchagarh,M/S Rostom and Sons,0
2026-01-31,2026,Jan,North East,Cumilla,M/S. RS Hardware,0
2026-01-31,2026,Jan,Dhaka,Gazipur,M/S Sadar Builders,0
2026-01-31,2026,Jan,North,Tangail,M/S Sadia and Samia Traders,0
2026-01-31,2026,Jan,North,Panchagarh,M/S. Sadik Enterprise,0
2026-01-31,2026,Jan,South,Khulna,M/S. Safwan Corporation,0
2026-01-31,2026,Jan,North,Thakurgaon,M/S. Sahi-Imran Traders,0
2026-01-31,2026,Jan,Dhaka,Narayanganj,M/S Saif Traders,23
2026-01-31,2026,Jan,North,Pabna,M/S Samir Traders,26
2026-01-31,2026,Jan,South,Barishal,M/S Saown Traders,0
2026-01-31,2026,Jan,South,Barishal,M/S Sazib Trading,0
2026-01-31,2026,Jan,North,Bogura,M/S Sazid Traders,0
2026-01-31,2026,Jan,South,Patuakhali,M/S.Serajul Haque,0
2026-01-31,2026,Jan,North,Rangpur,M/S. Shafi Trading,0
2026-01-31,2026,Jan,South,Faridpur,M/S Shah Farid Nirman Vander,0
2026-01-31,2026,Jan,Dhaka,Gazipur,M/S Shahin Enterprise,42
2026-01-31,2026,Jan,North,Kurigram,M/S. Shaju Hardware,0
2026-01-31,2026,Jan,South,Jhenaidah,M/S Shamim Steel Corner,97
2026-01-31,2026,Jan,South,Shariatpur,M/S Shamim Traders-Sariatpur,0
2026-01-31,2026,Jan,South,Jhalokati,M/S Shampa Construction,0
2026-01-31,2026,Jan,North,Nilphamari,M/S. Sharif Construction Center,0
2026-01-31,2026,Jan,South,Gopalganj,M/S. Sharif Enterprise,41
2026-01-31,2026,Jan,South,Pirojpur,M/S. Shikder Enterprise-Pirojpur,0
2026-01-31,2026,Jan,South,Magura,M/S Shohag Enterprise-Satkhira,0
2026-01-31,2026,Jan,North,Sirajganj,M/s Shohan Iron and Steel House.,208
2026-01-31,2026,Jan,North,Thakurgaon,M/S. Shovon Traders,0
2026-01-31,2026,Jan,South,Khulna,M/S Showrov Enterprise,0
2026-01-31,2026,Jan,South,Narail,M/S. Sikdar Enterprise- Norail,26
2026-01-31,2026,Jan,North,Dinajpur,M/S. Sohidul Traders,0
2026-01-31,2026,Jan,South,Faridpur,M/S Sony Vander,13
2026-01-31,2026,Jan,North,Thakurgaon,M/S. Sulov Lauho Bitan,0
2026-01-31,2026,Jan,North,Chapainawabganj,M/S Sweet Enterprise,0
2026-01-31,2026,Jan,Dhaka,Gazipur,M/S Takhiya Enterprise,0
2026-01-31,2026,Jan,South,Gopalganj,M/S Tasnim Enterprise,0
2026-01-31,2026,Jan,North,Thakurgaon,M/S. Tin Vai Enterprise,0
2026-01-31,2026,Jan,North,Sirajganj,M/S Tisha Enterprise,0
2026-01-31,2026,Jan,South,Bagerhat,M/S Tonmoy Traders,0
2026-01-31,2026,Jan,Dhaka,Gazipur,M/S. Tosher Enterprise,9
2026-01-31,2026,Jan,North,Panchagarh,M/S Vai Vai Traders-Panchagor,0
2026-01-31,2026,Jan,South,Bhola,M/S. Yakub Traders,0
2026-01-31,2026,Jan,South,Chuadanga,M/S - Younus Hardware,13
2026-01-31,2026,Jan,North,Rangpur,M/S. Zaman Traders-Rangpur,212
2026-01-31,2026,Jan,Dhaka,Dhaka,M/S Zam Zam Trading (Dhaka),34
2026-01-31,2026,Jan,North,Rangpur,M/S Zast Traders,0
2026-01-31,2026,Jan,South,Satkhira,M/S Zia Traders,0
2026-01-31,2026,Jan,Dhaka,Dhaka,Munshigonj Steel House,37
2026-01-31,2026,Jan,South,Jashore,M. Zaman Enterprise,0
2026-01-31,2026,Jan,South,Madaripur,Nabila Traders (Madaripur),0
2026-01-31,2026,Jan,North,Pabna,"Nabi Traders (Ishawrdi,  Pabna)",26
2026-01-31,2026,Jan,Dhaka,Dhaka,Nahar Steel,146
2026-01-31,2026,Jan,Dhaka,Dhaka,Nal Gulf Construction and Properties,6
2026-01-31,2026,Jan,North,Lalmonirhat,Narsingdi Enterprise,0
2026-01-31,2026,Jan,Dhaka,Dhaka,Nasrin Enterprise,22
2026-01-31,2026,Jan,Dhaka,Dhaka,Nation Tech Communications Limited,0
2026-01-31,2026,Jan,Dhaka,Dhaka,Nayeef Trading Corporation,15
2026-01-31,2026,Jan,North,Kurigram,Nayeem Traders (Kurigram),0
2026-01-31,2026,Jan,South,Barishal,Nayem Enterprise,0
2026-01-31,2026,Jan,South,Jashore,Nayon and Chayon,0
2026-01-31,2026,Jan,South,Jhenaidah,Nazmul Traders- Jhenaidah,78
2026-01-31,2026,Jan,North,Rangpur,Need Construction,0
2026-01-31,2026,Jan,South,Khulna,New Bengal Store,0
2026-01-31,2026,Jan,South,Dhaka,New Era Manufacturing Ltd.,0
2026-01-31,2026,Jan,South,Barishal,New Hasina Enterprise,0
2026-01-31,2026,Jan,Dhaka,Dhaka,New Sharmin Enterprise,57
2026-01-31,2026,Jan,Dhaka,Dhaka,Niloy Enterprise,19
2026-01-31,2026,Jan,South,Jhenaidah,Nishi Enterprise- Jhinaidah,0
2026-01-31,2026,Jan,South,Khulna,Nondi Trading Corporatin,0
2026-01-31,2026,Jan,North,Gaibandha,Northbengal Traders,0
2026-01-31,2026,Jan,South,Madaripur,Nurjahan Resourse International,0
2026-01-31,2026,Jan,North,Dinajpur,Nur Steel,0
2026-01-31,2026,Jan,North East,Cumilla,Nurul Islam,0
2026-01-31,2026,Jan,South,Meherpur,Padma Enterprise,0
2026-01-31,2026,Jan,South,Gopalganj,Pal and Sons,0
2026-01-31,2026,Jan,South,Chuadanga,Palash Kumer Shaha,0
2026-01-31,2026,Jan,North,Dhaka,Palli Tower,0
2026-01-31,2026,Jan,North East,Moulvibazar,Paul Traders,0
2026-01-31,2026,Jan,Dhaka,Dhaka,Pioneer Location Ltd.,9
2026-01-31,2026,Jan,Dhaka,Dhaka,Popular Enterprise,26
2026-01-31,2026,Jan,North,Rangpur,Prince Enterprise,0
2026-01-31,2026,Jan,North,Tangail,Prince Steel,285
2026-01-31,2026,Jan,North,Bogura,Priti Traders (Bogra),0
2026-01-31,2026,Jan,North,Tangail,Prodhan Traders,0
2026-01-31,2026,Jan,North East,Chandpur,Rabbi Traders,0
2026-01-31,2026,Jan,North,Tangail,Rafik and Brothers - Joypurhat,0
2026-01-31,2026,Jan,North East,Jamalpur,Rahi Trade,0
2026-01-31,2026,Jan,North East,Narsingdi,Rahman Steel House,70
2026-01-31,2026,Jan,South,Shariatpur,Raju Enterprise,0
2026-01-31,2026,Jan,North,Gaibandha,Raju Traders,0
2026-01-31,2026,Jan,South,Jashore,Raju Zakir Enterprise,0
2026-01-31,2026,Jan,North East,Brahmanbaria,R. A Khan Properties,0
2026-01-31,2026,Jan,South,Narail,Rakhi Enterprise,0
2026-01-31,2026,Jan,North,Tangail,Rasel Store,0
2026-01-31,2026,Jan,South,Madaripur,Rashed Enterprise (Madaripur),0
2026-01-31,2026,Jan,South,Jashore,Razzaque Steel House,221
2026-01-31,2026,Jan,South,Patuakhali,Rema Enterprise,40
2026-01-31,2026,Jan,North East,Kishoreganj,Renu Traders,120
2026-01-31,2026,Jan,North,Panchagarh,Riad Traders-Panchagor,0
2026-01-31,2026,Jan,South,Kushtia,R.I and Co.,0
2026-01-31,2026,Jan,North,Tangail,Riaz Uddin Traders,0
2026-01-31,2026,Jan,North,Tangail,Ridoy Enterprise- Tangail,0
2026-01-31,2026,Jan,Dhaka,Gazipur,Ridwan Traders,28
2026-01-31,2026,Jan,North,Tangail,Rina Construction,0
2026-01-31,2026,Jan,South,Khulna,Riya Trading International,0
2026-01-31,2026,Jan,North,Tangail,R. K Traders,0
2026-01-31,2026,Jan,South,Satkhira,Rofiqul and Brothers,0
2026-01-31,2026,Jan,South,Khulna,Rokeya Traders,0
2026-01-31,2026,Jan,Dhaka,Dhaka,Rose Sweaters Ltd.,75
2026-01-31,2026,Jan,North,Gaibandha,Rosid Traders,0
2026-01-31,2026,Jan,South,Kushtia,R. Rahman Corporation,0
2026-01-31,2026,Jan,Dhaka,Narayanganj,R.S Enterprise,258
2026-01-31,2026,Jan,South,Madaripur,R. S Enterprise-Madaripur,13
2026-01-31,2026,Jan,North East,Sherpur,Rubel Enterprise,0
2026-01-31,2026,Jan,North,Dinajpur,Rumman Traders,0
2026-01-31,2026,Jan,North,Dinajpur,Runa Enterprise,0
2026-01-31,2026,Jan,South,Barishal,Sajid and Brothers,0
2026-01-31,2026,Jan,South,Patuakhali,Sajid Enterprise- Patuakhali,0
2026-01-31,2026,Jan,South,Kushtia,Salam and Sons,13
2026-01-31,2026,Jan,North East,Noakhali,Saleha Construction and Supplier,26
2026-01-31,2026,Jan,South,Kushtia,Saleha Traders,403
2026-01-31,2026,Jan,South,Satkhira,Samannay Traders,0
2026-01-31,2026,Jan,North,Chapainawabganj,Sanaullah and Sons,0
2026-01-31,2026,Jan,North,Sirajganj,Sarkar Trading (Sirajgonj),13
2026-01-31,2026,Jan,North,Dinajpur,Sarker Brothers,0
2026-01-31,2026,Jan,South,Barishal,Satata Enterprise,0
2026-01-31,2026,Jan,South,Faridpur,Sathi Store,0
2026-01-31,2026,Jan,North,Pabna,S A Traders-Pabna,0
2026-01-31,2026,Jan,North East,Jamalpur,Sattar Traders,0
2026-01-31,2026,Jan,North,Rajshahi,SB Laboratories,0
2026-01-31,2026,Jan,South,Faridpur,S.B Traders - Faridpur,0
2026-01-31,2026,Jan,South,Shariatpur,Seba Trading Corporation,0
2026-01-31,2026,Jan,Dhaka,Dhaka,Selim Malik Traders,0
2026-01-31,2026,Jan,North,Panchagarh,Shaha Traders,0
2026-01-31,2026,Jan,North East,Mymensingh,Shahbuddin and Brothers,0
2026-01-31,2026,Jan,North East,Mymensingh,Shahin Enterprise,0
2026-01-31,2026,Jan,South,Jhenaidah,Shahin Traders,0
2026-01-31,2026,Jan,South,Narail,Shahin Traders - Narail,90
2026-01-31,2026,Jan,North,Rangpur,Shah Md Ashrafudulla,0
2026-01-31,2026,Jan,North East,Chandpur,Shakil Enterprise- Chandpur,0
2026-01-31,2026,Jan,South,Khulna,Shamim and Co,0
2026-01-31,2026,Jan,North East,Chandpur,Shamima Traders,0
2026-01-31,2026,Jan,South,Bhola,Shanaullah Enterprise,0
2026-01-31,2026,Jan,North,Rajshahi,Shanto Hardware,0
2026-01-31,2026,Jan,South,Khulna,Sharif and Co,0
2026-01-31,2026,Jan,South,Magura,Sharif Steel  Corner,67
2026-01-31,2026,Jan,South,Barguna,Sharmi Enterprise- Borguna,0
2026-01-31,2026,Jan,South,Gopalganj,Shawkat Hossain Mollah,0
2026-01-31,2026,Jan,North East,Mymensingh,Shayan Traders,0
2026-01-31,2026,Jan,South,Satkhira,Sheikh Brothers-Satkhira,0
2026-01-31,2026,Jan,North,Gaibandha,Shetu Traders- Gaibandha,0
2026-01-31,2026,Jan,Dhaka,Narayanganj,Shifat Enterprise-N.Ganj,131
2026-01-31,2026,Jan,South,Khulna,Shikder and Brothers,0
2026-01-31,2026,Jan,North East,Kishoreganj,Shimu Traders,0
2026-01-31,2026,Jan,South,Chuadanga,Shohag Enterprise,0
2026-01-31,2026,Jan,North,Natore,Shohug Machineries  and Traders,0
2026-01-31,2026,Jan,South,Bagerhat,Shotota Enterprise,0
2026-01-31,2026,Jan,North East,Brahmanbaria,Shuvo Enterprise (Ashuganj),0
2026-01-31,2026,Jan,South,Narail,Shuvo Enterprise - Norail,0
2026-01-31,2026,Jan,South,Jhenaidah,Siddique Cycle Store and Traders,0
2026-01-31,2026,Jan,North East,Sylhet,Siddiquey Construction,13
2026-01-31,2026,Jan,Dhaka,Dhaka,Sikder Enterprise (Keranigonj),25
2026-01-31,2026,Jan,South,Gopalganj,Sikder Traders-Goplagonj,0
2026-01-31,2026,Jan,North,Pabna,Sikder Traders (Pabna),39
2026-01-31,2026,Jan,North East,Cumilla,Silver Tiles and Sanitary,0
2026-01-31,2026,Jan,Dhaka,Manikganj,Singair Alfi Trade Link.,0
2026-01-31,2026,Jan,North,Dhaka,Sirajgonj Iron and Steel House,0
2026-01-31,2026,Jan,South,Dhaka,S.M Kamruzzaman,0
2026-01-31,2026,Jan,South,Narayanganj,Sonali Enterprise,0
2026-01-31,2026,Jan,North,Gaibandha,Sorif Traders,91
2026-01-31,2026,Jan,North,Nilphamari,Sourov Traders,41
2026-01-31,2026,Jan,North East,Jamalpur,S.R.S Construction,0
2026-01-31,2026,Jan,North,Thakurgaon,S. R. Traders,0
2026-01-31,2026,Jan,South,Bagerhat,S.R Traders -Bagerhat,0
2026-01-31,2026,Jan,South,Khulna,S. S. Syndicate,0
2026-01-31,2026,Jan,South,Satkhira,S S Traders,0
2026-01-31,2026,Jan,Dhaka,Gazipur,S T Enterprise,42
2026-01-31,2026,Jan,South,Jhenaidah,Suborna Traders,0
2026-01-31,2026,Jan,Dhaka,Gazipur,Suma Enterprise - Sofipur,10
2026-01-31,2026,Jan,South,Shariatpur,Sumon Enterprise,0
2026-01-31,2026,Jan,South,Khulna,Sumon Traders,0
2026-01-31,2026,Jan,South,Manikganj,Sundorban Hardware,0
2026-01-31,2026,Jan,North,Pabna,Swapan Traders,14
2026-01-31,2026,Jan,South,Jashore,Tahmina Enterprise,0
2026-01-31,2026,Jan,North,Thakurgaon,Tamanna Enterprise-Thakurgaon,0
2026-01-31,2026,Jan,South,Gopalganj,Tamim Enterprise,0
2026-01-31,2026,Jan,North,Rajshahi,Tariq  Enterprise,125
2026-01-31,2026,Jan,South,Narail,Tazmin Enterprise,0
2026-01-31,2026,Jan,Dhaka,Dhaka,The Barik Brothers,740
2026-01-31,2026,Jan,Dhaka,Dhaka,Three Star Co-Operative Multipurpose Ltd.,5
2026-01-31,2026,Jan,South,Patuakhali,Three Star Enterprise,0
2026-01-31,2026,Jan,Dhaka,Dhaka,"Tipu and Co.( Rayerbag, Jatrabari)",55
2026-01-31,2026,Jan,South,Meherpur,Tohmina Engineering Workshop,0
2026-01-31,2026,Jan,Dhaka,Dhaka,Trendy Textiles Ltd.,28
2026-01-31,2026,Jan,North East,Mymensingh,Tripti Steel Bitan,0
2026-01-31,2026,Jan,North,Rangpur,T.S.Enterprise(Rangpur),52
2026-01-31,2026,Jan,North,Sirajganj,Ullapara Variety Store,26
2026-01-31,2026,Jan,South,Jhenaidah,Unique Construction,0
2026-01-31,2026,Jan,South,Khulna,Unique International,0
2026-01-31,2026,Jan,North East,Netrokona,Vodra Traders,0
2026-01-31,2026,Jan,Dhaka,Manikganj,Wazuddin Traders,100
2026-01-31,2026,Jan,North East,Sylhet,Windsor Hotel & Resorts Ltd.,0
2026-01-31,2026,Jan,North East,Noakhali,Yeasin Traders,26
2026-01-31,2026,Jan,Dhaka,Narayanganj,York  Composite Ltd,0
2026-01-31,2026,Jan,Dhaka,Dhaka,Younus Traders,14
2026-01-31,2026,Jan,South,Bhola,Zabbar Biswas Traders,122
2026-01-31,2026,Jan,Dhaka,Dhaka,Zaman Traders ( Savar),50
2026-02-28,2026,Feb,North East,Narsingdi,3D Comet Design & Consultant,0
2026-02-28,2026,Feb,North,Lalmonirhat,Abdul Hakim,0
2026-02-28,2026,Feb,North,Tangail,Abdul Malek - Rangpur,0
2026-02-28,2026,Feb,North,Dinajpur,Abdur Rauf-Dinajpur,0
2026-02-28,2026,Feb,South,Khulna,Abdur Razzak Aziz- Khulna,255
2026-02-28,2026,Feb,South,Shariatpur,Abdus Salam Farazi,0
2026-02-28,2026,Feb,North East,Sylhet,Abdus Shohid Construction,0
2026-02-28,2026,Feb,Dhaka,Dhaka,ABIR Enterprise,42
2026-02-28,2026,Feb,North,Bogura,ABK Krishi Beez Himagar,0
2026-02-28,2026,Feb,South,Pirojpur,A.B.L.Builders,0
2026-02-28,2026,Feb,North,Pabna,Abul Hossain Traders,0
2026-02-28,2026,Feb,South,Barguna,Agrani Traders,28
2026-02-28,2026,Feb,South,Khulna,Ahad Enterprise,0
2026-02-28,2026,Feb,North East,Narsingdi,Ahasan Store,0
2026-02-28,2026,Feb,North,Chapainawabganj,Ahmed Store- C. Gonj,0
2026-02-28,2026,Feb,North,Bogura,Ahmed Traders-Bogra,0
2026-02-28,2026,Feb,North,Pabna,Ahsan Trading,0
2026-02-28,2026,Feb,North East,Dhaka,AK Developers Ltd.,40
2026-02-28,2026,Feb,North East,Sylhet,A.K Enterprise (Sylhet),0
2026-02-28,2026,Feb,Dhaka,Dhaka,Akhter Traders,41
2026-02-28,2026,Feb,North,Bogura,Akkash Ali Traders,0
2026-02-28,2026,Feb,North,Bogura,Alam and Brothers,0
2026-02-28,2026,Feb,South,Patuakhali,Al-Amin Traders-Patuakhali,0
2026-02-28,2026,Feb,North,Tangail,Alam Motors,0
2026-02-28,2026,Feb,South,Faridpur,Al-Bagdad Iron Steel- Faridpur,0
2026-02-28,2026,Feb,Dhaka,Dhaka,Al Baraka Steel Corporation- Mirpur,5
2026-02-28,2026,Feb,North East,Brahmanbaria,Al Ekram Traders,0
2026-02-28,2026,Feb,North,Rangpur,Alhaj Atiar Rahman,0
2026-02-28,2026,Feb,North,Dinajpur,Al Haj Traders,84
2026-02-28,2026,Feb,North East,Feni,Al Haj Zakir Enterprise,0
2026-02-28,2026,Feb,South,Bagerhat,Allahardan Enterprise-Bagerhat,0
2026-02-28,2026,Feb,South,Satkhira,Allahardan  Hardware,0
2026-02-28,2026,Feb,South,Satkhira,Allahar Dan Iron Store,0
2026-02-28,2026,Feb,North,Rajshahi,Al Manar Steel,234
2026-02-28,2026,Feb,Dhaka,Dhaka,Aman  Steel Corporation,19
2026-02-28,2026,Feb,North East,Jamalpur,Amena Enterprise-Jamalpur,0
2026-02-28,2026,Feb,Dhaka,Dhaka,Amin and Brother,5
2026-02-28,2026,Feb,South,Bagerhat,Amin Enterprise,0
2026-02-28,2026,Feb,South,Shariatpur,Amin Store,0
2026-02-28,2026,Feb,North East,Jamalpur,Amin Traders,0
2026-02-28,2026,Feb,South,Dhaka,Aminul Islam- Kustia,0
2026-02-28,2026,Feb,North,Tangail,Anny Construction,0
2026-02-28,2026,Feb,South,Satkhira,Anowar Trading,0
2026-02-28,2026,Feb,South,Rajbari,Anupam Nirmata,20
2026-02-28,2026,Feb,South,Rajbari,Anwar Traders,52
2026-02-28,2026,Feb,Dhaka,Dhaka,Arafah Development and Builders Ltd.,7
2026-02-28,2026,Feb,Dhaka,Dhaka,Arafat Trading,0
2026-02-28,2026,Feb,South,Khulna,Arafat Trading - Khulna,0
2026-02-28,2026,Feb,Dhaka,Narayanganj,AR Building Design and Construction,33
2026-02-28,2026,Feb,Dhaka,Dhaka,A.R Corporation,7
2026-02-28,2026,Feb,North East,Dhaka,ARF Trading International,0
2026-02-28,2026,Feb,Dhaka,Gazipur,Arifa Enterprise,94
2026-02-28,2026,Feb,South,Meherpur,Arif Enterprise,0
2026-02-28,2026,Feb,North,Sirajganj,Ariful Islam Traders,0
2026-02-28,2026,Feb,Dhaka,Dhaka,Arowa Traders,830
2026-02-28,2026,Feb,North,Dhaka,A.R. Trading (Rangpur),0
2026-02-28,2026,Feb,Dhaka,Gazipur,Ashik Traders,0
2026-02-28,2026,Feb,South,Barguna,Ashraful Enterprise,0
2026-02-28,2026,Feb,North,Dinajpur,Asma Traders,0
2026-02-28,2026,Feb,North East,Cumilla,A.Wohab and Sons,0
2026-02-28,2026,Feb,North East,Feni,Ayesha Enterprise,0
2026-02-28,2026,Feb,South,Shariatpur,Azad Traders - Soriotpur,0
2026-02-28,2026,Feb,North East,Chandpur,Aziz Brothers,0
2026-02-28,2026,Feb,South,Jhenaidah,Azizul Haque,0
2026-02-28,2026,Feb,North East,Chandpur,Bablu and Brothers,9
2026-02-28,2026,Feb,Dhaka,Dhaka,Badsha Faisal Institute Madrasha,4
2026-02-28,2026,Feb,South,Barishal,Barishal Iron House,28
2026-02-28,2026,Feb,North,Tangail,Basail Trading House,0
2026-02-28,2026,Feb,North East,Jamalpur,Bashonti Traders,0
2026-02-28,2026,Feb,North,Rangpur,Bengal and Company,26
2026-02-28,2026,Feb,South,Jashore,Bhai Bhai Enterprise,0
2026-02-28,2026,Feb,South,Madaripur,Bhai Bhai Traders - Madaripur,0
2026-02-28,2026,Feb,North,Kurigram,Bhai Bhai Trading,60
2026-02-28,2026,Feb,Dhaka,Gazipur,Bhai Bhon Enterprise,37
2026-02-28,2026,Feb,North,Tangail,Bhuiyan Traders- Mirzapur,0
2026-02-28,2026,Feb,South,Bagerhat,Bismillah Enterprise-Bagerhat,0
2026-02-28,2026,Feb,South,Magura,Bismillah Steel Corner,0
2026-02-28,2026,Feb,South,Khulna,Bismillah Steel House,0
2026-02-28,2026,Feb,Dhaka,Dhaka,Bismillah Traders-Dhaka,189
2026-02-28,2026,Feb,North East,Narsingdi,Bismillah Traders -Narsingdi,0
2026-02-28,2026,Feb,South,Satkhira,Bismillah Traders-Satkhira,0
2026-02-28,2026,Feb,North,Sirajganj,Borsha Enterprise,0
2026-02-28,2026,Feb,South,Dhaka,BRB Cable Industries Ltd. (Dr.),0
2026-02-28,2026,Feb,South,Kushtia,Bristy Traders,0
2026-02-28,2026,Feb,South,Chuadanga,Brothers Traders,78
2026-02-28,2026,Feb,Dhaka,Dhaka,Capital Builders,86
2026-02-28,2026,Feb,North East,Chandpur,Chandpur Real Estate,0
2026-02-28,2026,Feb,South,Patuakhali,Choudhory Enterprise,0
2026-02-28,2026,Feb,South,Patuakhali,Chowa Traders,0
2026-02-28,2026,Feb,North East,Sylhet,Chowdhury Trading,0
2026-02-28,2026,Feb,North,Tangail,Chunailal Traders,0
2026-02-28,2026,Feb,North East,Mymensingh,Community Health Foundation Bangladesh,30
2026-02-28,2026,Feb,North,Tangail,Das Traders,0
2026-02-28,2026,Feb,South,Gopalganj,Delwar and Brothers - Gopalgonj,0
2026-02-28,2026,Feb,North East,Feni,Desh Agency,0
2026-02-28,2026,Feb,South,Kushtia,Dhaka Steel,117
2026-02-28,2026,Feb,North,Pabna,Dhaka Steel King,52
2026-02-28,2026,Feb,Dhaka,Gazipur,Dhaka Trade Centre,42
2026-02-28,2026,Feb,North,Naogaon,Dipak Kumar Deb,0
2026-02-28,2026,Feb,Dhaka,Dhaka,Dipti Traders,39
2026-02-28,2026,Feb,North,Pabna,D.K Traders,0
2026-02-28,2026,Feb,North East,Chandpur,Doha Traders,4
2026-02-28,2026,Feb,North,Nilphamari,DOSHMILE TRADERS,0
2026-02-28,2026,Feb,North East,Mymensingh,Dulal Traders,0
2026-02-28,2026,Feb,North,Chapainawabganj,Emdadul Haque,0
2026-02-28,2026,Feb,South,Jhenaidah,Emon Enterprise,39
2026-02-28,2026,Feb,North,Dinajpur,Eng.Md.Mohsin Ali,0
2026-02-28,2026,Feb,North East,Cumilla,Engr. Shafiqul Islam Build and Consultancy,0
2026-02-28,2026,Feb,North East,Brahmanbaria,Eng. Suman Datta,0
2026-02-28,2026,Feb,Dhaka,Gazipur,Evan Enterprise,19
2026-02-28,2026,Feb,North,Kurigram,Farhad and Brothers,0
2026-02-28,2026,Feb,Dhaka,Dhaka,Farid Enterprise,4
2026-02-28,2026,Feb,Dhaka,Manikganj,Faruk and Brothers,84
2026-02-28,2026,Feb,South,Meherpur,Faruk Enterprise - Meherpur,0
2026-02-28,2026,Feb,Dhaka,Dhaka,Feni Traders,0
2026-02-28,2026,Feb,South,Meherpur,F.K Trade,0
2026-02-28,2026,Feb,North,Dhaka,F M Trading International,0
2026-02-28,2026,Feb,North East,Noakhali,Foyez Store,0
2026-02-28,2026,Feb,North East,Mymensingh,F.S Enterprise,120
2026-02-28,2026,Feb,North,Thakurgaon,Gallery Traders,0
2026-02-28,2026,Feb,South,Barishal,Gangashari Traders,0
2026-02-28,2026,Feb,North,Dinajpur,Gausheyz Ventores,0
2026-02-28,2026,Feb,Dhaka,Dhaka,Gawsia Enterprise,383
2026-02-28,2026,Feb,Dhaka,Gazipur,Giash Steel,71
2026-02-28,2026,Feb,South,Barguna,GM Ikfa Enterprise,0
2026-02-28,2026,Feb,North East,Cumilla,Grameen Traders,0
2026-02-28,2026,Feb,North East,Mymensingh,Greenland Developers (Pvt.)Ltd.,0
2026-02-28,2026,Feb,South,Faridpur,Habib Enterprise (Faridpur),117
2026-02-28,2026,Feb,Dhaka,Gazipur,Haji Enterprise - Gazipur,165
2026-02-28,2026,Feb,North,Dinajpur,Hamana Traders,0
2026-02-28,2026,Feb,North,Rangpur,Hamid and Sons,0
2026-02-28,2026,Feb,South,Jashore,Hamid Traders,0
2026-02-28,2026,Feb,South,Madaripur,Hamim International,0
2026-02-28,2026,Feb,North,Chapainawabganj,Hammad and Sons,0
2026-02-28,2026,Feb,South,Chuadanga,Hannan and Brothers-Chuadanga,0
2026-02-28,2026,Feb,North,Bogura,Hannan Traders,39
2026-02-28,2026,Feb,North East,Mymensingh,Haque and Brothers,0
2026-02-28,2026,Feb,South,Bhola,Haque and Sons-Bhola,0
2026-02-28,2026,Feb,South,Jhenaidah,Haque and Sons-Jhenaidah,0
2026-02-28,2026,Feb,North,Sirajganj,Haque Iron,0
2026-02-28,2026,Feb,North,Tangail,Harun Enterprise,0
2026-02-28,2026,Feb,South,Barishal,Hawlader Iron Store,0
2026-02-28,2026,Feb,North East,Brahmanbaria,Hazi Mobarak Traders,0
2026-02-28,2026,Feb,North,Dinajpur,Hera Traders,0
2026-02-28,2026,Feb,Dhaka,Dhaka,Hobigonj Traders,25
2026-02-28,2026,Feb,North,Dhaka,Hossain Construction ( Pvt ) Ltd,0
2026-02-28,2026,Feb,North East,Kishoreganj,Hossen Bhuiyan Steel House,0
2026-02-28,2026,Feb,South,Khulna,Howlader and Company,0
2026-02-28,2026,Feb,Dhaka,Dhaka,Howlader Enterprise,157
2026-02-28,2026,Feb,South,Jhalokati,Howlader Traders-Jhalokathi,0
2026-02-28,2026,Feb,Dhaka,Dhaka,H.S Corporation,0
2026-02-28,2026,Feb,North,Gaibandha,Humayan Kabir Traders-Gaibandha,0
2026-02-28,2026,Feb,South,Kushtia,Hymo International,0
2026-02-28,2026,Feb,North,Rangpur,Imarat Trading,39
2026-02-28,2026,Feb,South,Satkhira,Imarot Trading-Satkhira,0
2026-02-28,2026,Feb,North,Rangpur,Imperial Sanitary House,28
2026-02-28,2026,Feb,South,Faridpur,Iron and Steel House,0
2026-02-28,2026,Feb,North East,Cumilla,Islam and Sons,0
2026-02-28,2026,Feb,North,Bogura,Islam Brothers-Bogura,0
2026-02-28,2026,Feb,South,Jashore,Islam Traders-Jessore,0
2026-02-28,2026,Feb,North,Tangail,I.V Methi Traders,0
2026-02-28,2026,Feb,South,Faridpur,Jahangir Store - Faridpur,0
2026-02-28,2026,Feb,South,Satkhira,Jaman Traders,0
2026-02-28,2026,Feb,North,Dhaka,Janata Enterprise- Sirajgonj,0
2026-02-28,2026,Feb,North,Dhaka,Janata Steel and Iron House,0
2026-02-28,2026,Feb,North,Bogura,J and Ma Enterprise,0
2026-02-28,2026,Feb,South,Faridpur,Jaseka Traders,40
2026-02-28,2026,Feb,North East,Noakhali,Jashim Steel House,13
2026-02-28,2026,Feb,North,Lalmonirhat,Jerin Enterprise,0
2026-02-28,2026,Feb,North East,Kishoreganj,Jesan Traders,0
2026-02-28,2026,Feb,South,Jashore,JesminSanitary and Iron Store,14
2026-02-28,2026,Feb,South,Narail,Jhorna Enterprise,0
2026-02-28,2026,Feb,South,Khulna,Joint Enterprise,0
2026-02-28,2026,Feb,North,Tangail,Joy Joya Enterprise,146
2026-02-28,2026,Feb,South,Shariatpur,Julhas and Brothers,0
2026-02-28,2026,Feb,North,Bogura,Kabir Traders-Bogra,0
2026-02-28,2026,Feb,North East,Cumilla,Kajol Enterprise,0
2026-02-28,2026,Feb,North East,Cumilla,Kalam and Sons,0
2026-02-28,2026,Feb,South,Faridpur,Kamarjani Traders,0
2026-02-28,2026,Feb,Dhaka,Gazipur,Kamrul Trading Corporation,35
2026-02-28,2026,Feb,South,Faridpur,Kamruzzaman Enterprise,0
2026-02-28,2026,Feb,South,Kushtia,Kanak Traders-Kustia,0
2026-02-28,2026,Feb,Dhaka,Gazipur,Kashem and Sons,114
2026-02-28,2026,Feb,North East,Noakhali,Kashem Traders (Noakhali),13
2026-02-28,2026,Feb,North,Kurigram,Khairul Enterprise,0
2026-02-28,2026,Feb,Dhaka,Dhaka,Khalid Trading Corporation,4
2026-02-28,2026,Feb,South,Jhalokati,Khan Builders,0
2026-02-28,2026,Feb,Dhaka,Dhaka,Khan Enterprise,250
2026-02-28,2026,Feb,North East,Lakshmipur,Khan Machineries Store,0
2026-02-28,2026,Feb,South,Khulna,Khan Traders -Khulna,29
2026-02-28,2026,Feb,South,Madaripur,Khan Traders- Madaripur,26
2026-02-28,2026,Feb,South,Madaripur,Khan Traders- Shibchor,0
2026-02-28,2026,Feb,North East,Chandpur,Khaza Variety Store,0
2026-02-28,2026,Feb,Dhaka,Gazipur,Khurshida Builders,172
2026-02-28,2026,Feb,South,Narail,King Builders,0
2026-02-28,2026,Feb,North,Rajshahi,Kismot Trading Corporation,0
2026-02-28,2026,Feb,South,Barishal,K K Enterprise,0
2026-02-28,2026,Feb,North,Dinajpur,Kobir Traders,0
2026-02-28,2026,Feb,North East,Mymensingh,K.S. Trading,0
2026-02-28,2026,Feb,North,Dinajpur,Kumor Uddin and Sons,0
2026-02-28,2026,Feb,North,Dinajpur,Kundu Brothers,0
2026-02-28,2026,Feb,South,Faridpur,Kustia Enterprise,0
2026-02-28,2026,Feb,South,Barishal,Layla Builders,0
2026-02-28,2026,Feb,South,Patuakhali,Lila Enterprise,0
2026-02-28,2026,Feb,North,Tangail,Liton Enterprise,0
2026-02-28,2026,Feb,North,Nilphamari,L.N Trading Co.,41
2026-02-28,2026,Feb,North East,Mymensingh,Lubaba  Enterprise,0
2026-02-28,2026,Feb,North East,Sylhet,Ludhi Steel Marchant,260
2026-02-28,2026,Feb,North East,Feni,Madani Traders,93
2026-02-28,2026,Feb,South,Shariatpur,Madbor Enterprise,28
2026-02-28,2026,Feb,North East,Netrokona,Mahabub Traders,0
2026-02-28,2026,Feb,Dhaka,Dhaka,Mahadi Design and Construction,31
2026-02-28,2026,Feb,North,Rajshahi,Mahamud Enterprise,0
2026-02-28,2026,Feb,North,Thakurgaon,Mahbub Enterprise,0
2026-02-28,2026,Feb,South,Jhenaidah,Mahir Trading,0
2026-02-28,2026,Feb,North East,Mymensingh,Mahi Traders,0
2026-02-28,2026,Feb,North,Dinajpur,Mahi Traders-Dinajpur,0
2026-02-28,2026,Feb,South,Jashore,Mahiya Kabir Corporation,41
2026-02-28,2026,Feb,North,Bogura,Mahmud Mahbub Traders,0
2026-02-28,2026,Feb,Dhaka,Dhaka,Makkah Traders,184
2026-02-28,2026,Feb,Dhaka,Gazipur,Mamun Enterprise-Gazipur,107
2026-02-28,2026,Feb,North East,Sylhet,Mamun Enterprise- Shylet,0
2026-02-28,2026,Feb,North,Pabna,Mamun Traders-Pabna,13
2026-02-28,2026,Feb,South,Kushtia,Mannan Hardware and Iron Store,0
2026-02-28,2026,Feb,Dhaka,Narayanganj,Mashin Corporation,0
2026-02-28,2026,Feb,North,Bogura,Master Traders (Shantahar),26
2026-02-28,2026,Feb,South,Barishal,Masud Enterprise,14
2026-02-28,2026,Feb,South,Madaripur,Mayer Doa Enterprise,14
2026-02-28,2026,Feb,North East,Netrokona,Mayer Doa Traders,0
2026-02-28,2026,Feb,South,Bagerhat,Media Enterprise,0
2026-02-28,2026,Feb,North East,Cumilla,Mili Enterprise,0
2026-02-28,2026,Feb,Dhaka,Gazipur,Mim Enterprise,140
2026-02-28,2026,Feb,Dhaka,Dhaka,Misti Enterprise,8
2026-02-28,2026,Feb,North East,Jamalpur,Mizan and Son's,0
2026-02-28,2026,Feb,South,Jhalokati,M Khan Ltd.,0
2026-02-28,2026,Feb,Dhaka,Dhaka,Modina Steel Corporation,100
2026-02-28,2026,Feb,North East,Sherpur,Mofazzal Enterprise,55
2026-02-28,2026,Feb,South,Kushtia,Mokka Enterprise- Kustia,0
2026-02-28,2026,Feb,South,Magura,Molla Banijjo Vander,0
2026-02-28,2026,Feb,North East,Cumilla,Molla Traders- Comilla,6
2026-02-28,2026,Feb,South,Jashore,Mollik Enterprise-Khulna,0
2026-02-28,2026,Feb,North,Dinajpur,Mondol Traders - Dinajpur,0
2026-02-28,2026,Feb,North,Kurigram,Mondol Traders- Kurigram,0
2026-02-28,2026,Feb,North,Sirajganj,Mondol Traders- Sirajgonj,0
2026-02-28,2026,Feb,Dhaka,Dhaka,Monir Enterprise,17
2026-02-28,2026,Feb,North,Dinajpur,Monoj Kumar Mallick,0
2026-02-28,2026,Feb,North East,Jamalpur,Morzina Steel House,0
2026-02-28,2026,Feb,South,Barishal,Moshiur Rahman Minto,0
2026-02-28,2026,Feb,North,Tangail,Mostafa Enterprise-Tangail,0
2026-02-28,2026,Feb,North,Rangpur,M.R Traders,0
2026-02-28,2026,Feb,South,Narail,M/S Abdul Hadi Traders,0
2026-02-28,2026,Feb,North,Naogaon,M/S Abdullah Traders,0
2026-02-28,2026,Feb,North,Sirajganj,M/S Abdus Samad Khan,0
2026-02-28,2026,Feb,North East,Cumilla,M/S Abedin Enterprise,0
2026-02-28,2026,Feb,South,Patuakhali,M/S. Abul Kalam Azad,0
2026-02-28,2026,Feb,North East,Narsingdi,M/S Adiat Traders,15
2026-02-28,2026,Feb,Dhaka,Dhaka,M/S Adil Enterprise,4
2026-02-28,2026,Feb,North,Pabna,M/S Adi Saha Trading,26
2026-02-28,2026,Feb,South,Satkhira,M/S. Afroz Enterprise,0
2026-02-28,2026,Feb,North,Dinajpur,M/S Aftabganj Hardware Store,14
2026-02-28,2026,Feb,South,Rajbari,M/S Al-Amin Traders,0
2026-02-28,2026,Feb,North,Nilphamari,M/S. Al Amin Traders-Nilphamary,0
2026-02-28,2026,Feb,North East,Netrokona,M/S Alam Traders,0
2026-02-28,2026,Feb,North,Dinajpur,M/S. Alhaj Traders-Dinajpur,0
2026-02-28,2026,Feb,South,Shariatpur,M/S Aliuzzaman Mir Malot,0
2026-02-28,2026,Feb,Dhaka,Gazipur,M/S Al-Madina Enterprise,0
2026-02-28,2026,Feb,South,Kushtia,M/S. Al-Nobi Hardware & Sanitary,0
2026-02-28,2026,Feb,North East,Noakhali,M/S Anisha Enterprise,0
2026-02-28,2026,Feb,North East,Chandpur,M/S.Anisha Multi Trade,13
2026-02-28,2026,Feb,North,Sirajganj,M/S Anowar Enterprise,0
2026-02-28,2026,Feb,South,Barguna,M/S. Anower Brick,0
2026-02-28,2026,Feb,Dhaka,Gazipur,M/S Arif Traders,37
2026-02-28,2026,Feb,South,Faridpur,M/S Asraf  and Sons,13
2026-02-28,2026,Feb,South,Jhenaidah,M/S. Astha Builders,0
2026-02-28,2026,Feb,Dhaka,Dhaka,M/s Aswad Construction,4
2026-02-28,2026,Feb,South,Barguna,M/S Ayaan Traders,13
2026-02-28,2026,Feb,South,Jashore,M/S Ayesha Steel Corporation,0
2026-02-28,2026,Feb,South,Patuakhali,M/S. Azad Enterprise,0
2026-02-28,2026,Feb,South,Jashore,M/S Azim Shah Traders,13
2026-02-28,2026,Feb,South,Jashore,M/S Babu Traders,14
2026-02-28,2026,Feb,South,Magura,M/S Bali Construction,0
2026-02-28,2026,Feb,South,Chuadanga,M/S. Bani Traders,0
2026-02-28,2026,Feb,Dhaka,Dhaka,M/S Bepari Traders,6
2026-02-28,2026,Feb,South,Rajbari,M/S Bepari Traders - Rajbari,13
2026-02-28,2026,Feb,Dhaka,Dhaka,M/S Bhai Bhai Traders and Engineering Works,6
2026-02-28,2026,Feb,North,Dinajpur,M/S. Bhai Bhai Traders (Dinajpur),0
2026-02-28,2026,Feb,North East,Cumilla,M/S Bhuiyan Traders-Cumilla,0
2026-02-28,2026,Feb,North East,Noakhali,M/S Bhuiyan Traders-Noakhali,0
2026-02-28,2026,Feb,North East,Chandpur,MS.Billal Traders-Chandpur,0
2026-02-28,2026,Feb,Dhaka,Dhaka,M/S Bismillah Enterprise (Sobujbagh),137
2026-02-28,2026,Feb,North East,Mymensingh,M/S Bismillah Hardware and Glass House,0
2026-02-28,2026,Feb,North East,Kishoreganj,M/S Bismillah Traders- Bhairob,30
2026-02-28,2026,Feb,North East,Kishoreganj,M/S Bismillah Traders-Mymensing,0
2026-02-28,2026,Feb,North,Naogaon,M/S. Bismillha Traders-Naoga,0
2026-02-28,2026,Feb,South,Jhenaidah,M/S Bondhu Enterprise,67
2026-02-28,2026,Feb,North,Sherpur,M/S. Bondhu Enterprise-Bogra,0
2026-02-28,2026,Feb,South,Bhola,M/S Bushra Construction,0
2026-02-28,2026,Feb,North,Bogura,M/S. Bushra Traders,121
2026-02-28,2026,Feb,South,Jashore,M/S Chitra Trading,40
2026-02-28,2026,Feb,South,Madaripur,M/S City Build Trade,79
2026-02-28,2026,Feb,North,Lalmonirhat,M/s Dhorla Trading,0
2026-02-28,2026,Feb,South,Jashore,M/S. Dipro Enterprise,20
2026-02-28,2026,Feb,South,Faridpur,M/S. Durgapur Hi Tech,0
2026-02-28,2026,Feb,North East,Narsingdi,M/S Easy Builders,0
2026-02-28,2026,Feb,South,Khulna,M/S. Elina Enterprise,0
2026-02-28,2026,Feb,South,Pirojpur,M/S Emon Enterprise,0
2026-02-28,2026,Feb,North East,Dhaka,M/S. Engineer Builders,30
2026-02-28,2026,Feb,North East,Cumilla,M/S. Faisal Enterprise,0
2026-02-28,2026,Feb,South,Gopalganj,M/S Fakir and Sons,0
2026-02-28,2026,Feb,South,Satkhira,M/S Faruk Traders-Sathkhira,0
2026-02-28,2026,Feb,South,Meherpur,M/S. Fojilatun Nesha &Sons,0
2026-02-28,2026,Feb,South,Barishal,M/S Forkan Traders,0
2026-02-28,2026,Feb,South,Gopalganj,M/S Friends Enterprise,0
2026-02-28,2026,Feb,North East,Cumilla,M/S Gaji Hardware,0
2026-02-28,2026,Feb,North,Naogaon,M/S Gitanjoli Traders,13
2026-02-28,2026,Feb,North,Kurigram,M/S. G.M Enterprise,0
2026-02-28,2026,Feb,Dhaka,Dhaka,M/S. Hailmi Enterprise,0
2026-02-28,2026,Feb,South,Bhola,M/S Haji Traders,0
2026-02-28,2026,Feb,North East,Cumilla,M/S Hanif Enterprise,0
2026-02-28,2026,Feb,Dhaka,Dhaka,M/S Haque and Hasan Traders,0
2026-02-28,2026,Feb,North East,Feni,M/S Haque Enterprise,0
2026-02-28,2026,Feb,North East,Brahmanbaria,M/S. Hasan Enterprise,0
2026-02-28,2026,Feb,South,Satkhira,M/S. Hasan Traders-Satkhira,0
2026-02-28,2026,Feb,North,Dinajpur,M/S Hashem Traders,0
2026-02-28,2026,Feb,South,Shariatpur,M/S. Hawlader Enterprise-Sariatpur,0
2026-02-28,2026,Feb,North East,Dhaka,M/S Hazi Abdul Khalique  & Son's,0
2026-02-28,2026,Feb,Dhaka,Dhaka,M/S Hazi Sarif Munshi Traders,14
2026-02-28,2026,Feb,South,Madaripur,M/S. Hazi Traders- Madaripur,0
2026-02-28,2026,Feb,North East,Jamalpur,M/S HEMENDRA CHANDRA SINGH,0
2026-02-28,2026,Feb,North East,Noakhali,M/S Hoque and Brothers (Noakhali),0
2026-02-28,2026,Feb,South,Bhola,M/S H Rahman and Sons,26
2026-02-28,2026,Feb,Dhaka,Narayanganj,M/S Ichapuri Cement House,0
2026-02-28,2026,Feb,North East,Cumilla,M/S Islamia Enterprise and Dorja Gallery,0
2026-02-28,2026,Feb,South,Patuakhali,M/S.Islamia Traders,0
2026-02-28,2026,Feb,South,Jashore,M/S Islam Traders- Keshabpur,0
2026-02-28,2026,Feb,North,Tangail,M/S. Islam Traders- Sirajgonj,0
2026-02-28,2026,Feb,North,Naogaon,M/S. IT Construction,0
2026-02-28,2026,Feb,North East,Lakshmipur,M/S Jahir Enterprise,0
2026-02-28,2026,Feb,South,Patuakhali,M/S.Jamal Traders,0
2026-02-28,2026,Feb,North,Tangail,M/S.Jannath Enterprise,26
2026-02-28,2026,Feb,North East,Jamalpur,M/S. Jibon Traders,0
2026-02-28,2026,Feb,South,Jashore,M/S Johir Enterprise,0
2026-02-28,2026,Feb,South,Meherpur,M/S Jony Enterprise -Meherpur,0
2026-02-28,2026,Feb,South,Jhenaidah,M/S Kafi Traders,0
2026-02-28,2026,Feb,South,Barguna,M/S. Kamal Enterprise,0
2026-02-28,2026,Feb,North,Panchagarh,M/S Kamlesh Traders,0
2026-02-28,2026,Feb,South,Barguna,M/S. Karim Builders,28
2026-02-28,2026,Feb,North,Tangail,M/S. Khalekujjaman Traders,0
2026-02-28,2026,Feb,South,Faridpur,M/S Khan Enterprise-Faridpur,0
2026-02-28,2026,Feb,Dhaka,Gazipur,M/S Khan Enterprise-Kaligonj,15
2026-02-28,2026,Feb,North,Dinajpur,M/S. Khan Enterprises- Dinajpur,0
2026-02-28,2026,Feb,North,Tangail,M/S Khan Traders-Tangail,13
2026-02-28,2026,Feb,South,Faridpur,M/S Khaza Traders,70
2026-02-28,2026,Feb,North East,Cumilla,M/S. Khokon Enterprise,0
2026-02-28,2026,Feb,North,Thakurgaon,M/S. Kibriya Enterprise,0
2026-02-28,2026,Feb,North East,Cumilla,M/S-Laksam Trading Corporation,127
2026-02-28,2026,Feb,Dhaka,Manikganj,M/S Latif Traders,18
2026-02-28,2026,Feb,South,Gopalganj,M/S Linkon Enterprise,13
2026-02-28,2026,Feb,North,Natore,M/s Liton Enterprise,0
2026-02-28,2026,Feb,North East,Narsingdi,M/S. Liza Traders,0
2026-02-28,2026,Feb,Dhaka,Dhaka,M/S. Maa Enterprise,81
2026-02-28,2026,Feb,South,Barishal,M/S. Mahabub Traders,26
2026-02-28,2026,Feb,Dhaka,Gazipur,M/S. Mainul Traders,105
2026-02-28,2026,Feb,North East,Brahmanbaria,M/S. Malek and Sons,0
2026-02-28,2026,Feb,North East,Lakshmipur,M/S Ma Metal,0
2026-02-28,2026,Feb,North,Dhaka,M/S. Manobendro Das,0
2026-02-28,2026,Feb,Dhaka,Dhaka,M/S. Marks Trading,0
2026-02-28,2026,Feb,South,Jhalokati,M/S Mary Suppliers and Mary Bricks,0
2026-02-28,2026,Feb,South,Bhola,M/S. Masaallah Traders,0
2026-02-28,2026,Feb,South,Khulna,M/S. M. A Traders (Dr.),0
2026-02-28,2026,Feb,Dhaka,Gazipur,M/S Mawna Builders,5
2026-02-28,2026,Feb,North,Tangail,M/S Maya Traders,0
2026-02-28,2026,Feb,South,Satkhira,M/S. Mayer Doa Sanitary and Anwar Sheet Enterprise,0
2026-02-28,2026,Feb,North,Bogura,M/S. Mayer Doya Variety Store,0
2026-02-28,2026,Feb,Dhaka,Gazipur,M/s Midul Enterprise,55
2026-02-28,2026,Feb,South,Kushtia,M/S Mim Traders-Kustia,0
2026-02-28,2026,Feb,South,Chuadanga,M/S Mizan Traders,0
2026-02-28,2026,Feb,South,Faridpur,M/S Modina Traders,0
2026-02-28,2026,Feb,North East,Noakhali,M/S. Mokka Enterprise- Noakhali,0
2026-02-28,2026,Feb,North East,Narsingdi,M/S Mollah Enterprise-Narsingdi,0
2026-02-28,2026,Feb,North,Rajshahi,M/S. Mollah Enterprise-Rajshahi,0
2026-02-28,2026,Feb,North East,Cumilla,M/S Molla Traders-Chouddogram,0
2026-02-28,2026,Feb,South,Gopalganj,M/S Molla Traders-Gopalgonj,0
2026-02-28,2026,Feb,North,Bogura,M/S. Mondol Traders-Shibgonj,0
2026-02-28,2026,Feb,North,Tangail,M/S. Monira Enterprise,0
2026-02-28,2026,Feb,North,Dhaka,M/S Moon Traders- Sirajgonj,0
2026-02-28,2026,Feb,South,Barguna,M/S. Mridha Traders,0
2026-02-28,2026,Feb,North East,Netrokona,M/S-M.S Traders,0
2026-02-28,2026,Feb,North,Bogura,M/S. Mukta Traders,0
2026-02-28,2026,Feb,North East,Noakhali,M/S.Muldhara Trading,25
2026-02-28,2026,Feb,South,Pirojpur,M/S Nahar Enterprise- Pirojpur,0
2026-02-28,2026,Feb,South,Shariatpur,M/S Nayeem Enterprise,0
2026-02-28,2026,Feb,North,Tangail,M/S. Nazmul Enterprise,0
2026-02-28,2026,Feb,North East,Cumilla,M/S. Nazrul Traders,0
2026-02-28,2026,Feb,South,Pirojpur,M/S New Hope Traders,55
2026-02-28,2026,Feb,South,Gopalganj,M/S. New Sikder Traders,0
2026-02-28,2026,Feb,South,Satkhira,M/s Nirala Trader's,0
2026-02-28,2026,Feb,South,Madaripur,M/s Nirman,0
2026-02-28,2026,Feb,South,Barguna,M/s. Nur-E-Madina Trading,0
2026-02-28,2026,Feb,South,Faridpur,M/S Nur Mahidi Nerman Vander,39
2026-02-28,2026,Feb,South,Pirojpur,M/S Oishani Enterprise,0
2026-02-28,2026,Feb,Dhaka,Dhaka,M/S Osman Steel Corporation,0
2026-02-28,2026,Feb,North East,Lakshmipur,M/S Parvez Enterprise,13
2026-02-28,2026,Feb,North,Naogaon,M/S Parvez Trading-Naogaon,84
2026-02-28,2026,Feb,North,Dinajpur,M/S Popular Steel,0
2026-02-28,2026,Feb,South,Gopalganj,M/s Porosh Enterprise,42
2026-02-28,2026,Feb,North East,Cumilla,MS.Probashi G.I. Enterpries.,0
2026-02-28,2026,Feb,North,Dhaka,M/S. Purabi Traders,0
2026-02-28,2026,Feb,North,Pabna,M/S Rafiq Enterprise,0
2026-02-28,2026,Feb,South,Narail,M/S Rahit Ruchi Enterprise,0
2026-02-28,2026,Feb,Dhaka,Narayanganj,M/S Rahmania Enterprise,119
2026-02-28,2026,Feb,South,Chuadanga,M/S Rahman Traders,0
2026-02-28,2026,Feb,North East,Narsingdi,M/S Rahman Traders-Norsingdi,0
2026-02-28,2026,Feb,South,Jashore,M/S Raisa Enterprise,0
2026-02-28,2026,Feb,North,Thakurgaon,M/S. Raju Ceramic & Sanitary,0
2026-02-28,2026,Feb,Dhaka,Gazipur,M/S Rana Enterprise,49
2026-02-28,2026,Feb,North,Panchagarh,M/S. Rashad Traders,0
2026-02-28,2026,Feb,Dhaka,Dhaka,M/S. Rayhan Enterprise,98
2026-02-28,2026,Feb,Dhaka,Gazipur,M/S R.B Steel and Co.,97
2026-02-28,2026,Feb,North,Natore,M/S. Reza Enterprise,0
2026-02-28,2026,Feb,North,Pabna,M/S.Reza Enterprise-Pabna,0
2026-02-28,2026,Feb,North,Dinajpur,M/S Ripon Traders,0
2026-02-28,2026,Feb,Dhaka,Gazipur,M/S.Riverine Resort,26
2026-02-28,2026,Feb,South,Jashore,M/S R M Traders,0
2026-02-28,2026,Feb,North,Rangpur,M/S Rohima Traders,0
2026-02-28,2026,Feb,North,Panchagarh,M/S Rostom and Sons,0
2026-02-28,2026,Feb,North East,Cumilla,M/S. RS Hardware,0
2026-02-28,2026,Feb,Dhaka,Gazipur,M/S Sadar Builders,70
2026-02-28,2026,Feb,North,Tangail,M/S Sadia and Samia Traders,0
2026-02-28,2026,Feb,North,Panchagarh,M/S. Sadik Enterprise,0
2026-02-28,2026,Feb,South,Khulna,M/S. Safwan Corporation,0
2026-02-28,2026,Feb,North,Thakurgaon,M/S. Sahi-Imran Traders,0
2026-02-28,2026,Feb,Dhaka,Narayanganj,M/S Saif Traders,20
2026-02-28,2026,Feb,North,Pabna,M/S Samir Traders,26
2026-02-28,2026,Feb,South,Barishal,M/S Saown Traders,26
2026-02-28,2026,Feb,South,Barishal,M/S Sazib Trading,0
2026-02-28,2026,Feb,North,Bogura,M/S Sazid Traders,0
2026-02-28,2026,Feb,South,Patuakhali,M/S.Serajul Haque,0
2026-02-28,2026,Feb,North,Rangpur,M/S. Shafi Trading,0
2026-02-28,2026,Feb,South,Faridpur,M/S Shah Farid Nirman Vander,0
2026-02-28,2026,Feb,Dhaka,Gazipur,M/S Shahin Enterprise,8
2026-02-28,2026,Feb,North,Kurigram,M/S. Shaju Hardware,0
2026-02-28,2026,Feb,South,Jhenaidah,M/S Shamim Steel Corner,80
2026-02-28,2026,Feb,South,Shariatpur,M/S Shamim Traders-Sariatpur,0
2026-02-28,2026,Feb,South,Jhalokati,M/S Shampa Construction,0
2026-02-28,2026,Feb,North,Nilphamari,M/S. Sharif Construction Center,0
2026-02-28,2026,Feb,South,Gopalganj,M/S. Sharif Enterprise,27
2026-02-28,2026,Feb,South,Pirojpur,M/S. Shikder Enterprise-Pirojpur,0
2026-02-28,2026,Feb,South,Magura,M/S Shohag Enterprise-Satkhira,0
2026-02-28,2026,Feb,North,Sirajganj,M/s Shohan Iron and Steel House.,224
2026-02-28,2026,Feb,North,Thakurgaon,M/S. Shovon Traders,0
2026-02-28,2026,Feb,South,Khulna,M/S Showrov Enterprise,0
2026-02-28,2026,Feb,South,Narail,M/S. Sikdar Enterprise- Norail,13
2026-02-28,2026,Feb,North,Dinajpur,M/S. Sohidul Traders,0
2026-02-28,2026,Feb,South,Faridpur,M/S Sony Vander,0
2026-02-28,2026,Feb,North,Thakurgaon,M/S. Sulov Lauho Bitan,0
2026-02-28,2026,Feb,North,Chapainawabganj,M/S Sweet Enterprise,0
2026-02-28,2026,Feb,Dhaka,Gazipur,M/S Takhiya Enterprise,94
2026-02-28,2026,Feb,South,Gopalganj,M/S Tasnim Enterprise,0
2026-02-28,2026,Feb,North,Thakurgaon,M/S. Tin Vai Enterprise,0
2026-02-28,2026,Feb,North,Sirajganj,M/S Tisha Enterprise,0
2026-02-28,2026,Feb,South,Bagerhat,M/S Tonmoy Traders,0
2026-02-28,2026,Feb,Dhaka,Gazipur,M/S. Tosher Enterprise,18
2026-02-28,2026,Feb,North,Panchagarh,M/S Vai Vai Traders-Panchagor,0
2026-02-28,2026,Feb,South,Bhola,M/S. Yakub Traders,0
2026-02-28,2026,Feb,South,Chuadanga,M/S - Younus Hardware,13
2026-02-28,2026,Feb,North,Rangpur,M/S. Zaman Traders-Rangpur,227
2026-02-28,2026,Feb,Dhaka,Dhaka,M/S Zam Zam Trading (Dhaka),5
2026-02-28,2026,Feb,North,Rangpur,M/S Zast Traders,0
2026-02-28,2026,Feb,South,Satkhira,M/S Zia Traders,0
2026-02-28,2026,Feb,Dhaka,Dhaka,Munshigonj Steel House,54
2026-02-28,2026,Feb,South,Jashore,M. Zaman Enterprise,0
2026-02-28,2026,Feb,South,Madaripur,Nabila Traders (Madaripur),0
2026-02-28,2026,Feb,North,Pabna,"Nabi Traders (Ishawrdi,  Pabna)",52
2026-02-28,2026,Feb,Dhaka,Dhaka,Nahar Steel,147
2026-02-28,2026,Feb,Dhaka,Dhaka,Nal Gulf Construction and Properties,0
2026-02-28,2026,Feb,North,Lalmonirhat,Narsingdi Enterprise,0
2026-02-28,2026,Feb,Dhaka,Dhaka,Nasrin Enterprise,6
2026-02-28,2026,Feb,Dhaka,Dhaka,Nation Tech Communications Limited,0
2026-02-28,2026,Feb,Dhaka,Dhaka,Nayeef Trading Corporation,11
2026-02-28,2026,Feb,North,Kurigram,Nayeem Traders (Kurigram),0
2026-02-28,2026,Feb,South,Barishal,Nayem Enterprise,0
2026-02-28,2026,Feb,South,Jashore,Nayon and Chayon,0
2026-02-28,2026,Feb,South,Jhenaidah,Nazmul Traders- Jhenaidah,0
2026-02-28,2026,Feb,North,Rangpur,Need Construction,0
2026-02-28,2026,Feb,South,Khulna,New Bengal Store,0
2026-02-28,2026,Feb,South,Dhaka,New Era Manufacturing Ltd.,0
2026-02-28,2026,Feb,South,Barishal,New Hasina Enterprise,0
2026-02-28,2026,Feb,Dhaka,Dhaka,New Sharmin Enterprise,48
2026-02-28,2026,Feb,Dhaka,Dhaka,Niloy Enterprise,6
2026-02-28,2026,Feb,South,Jhenaidah,Nishi Enterprise- Jhinaidah,0
2026-02-28,2026,Feb,South,Khulna,Nondi Trading Corporatin,0
2026-02-28,2026,Feb,North,Gaibandha,Northbengal Traders,0
2026-02-28,2026,Feb,South,Madaripur,Nurjahan Resourse International,0
2026-02-28,2026,Feb,North,Dinajpur,Nur Steel,0
2026-02-28,2026,Feb,North East,Cumilla,Nurul Islam,12
2026-02-28,2026,Feb,South,Meherpur,Padma Enterprise,0
2026-02-28,2026,Feb,South,Gopalganj,Pal and Sons,0
2026-02-28,2026,Feb,South,Chuadanga,Palash Kumer Shaha,0
2026-02-28,2026,Feb,North,Dhaka,Palli Tower,0
2026-02-28,2026,Feb,North East,Moulvibazar,Paul Traders,0
2026-02-28,2026,Feb,Dhaka,Dhaka,Pioneer Location Ltd.,0
2026-02-28,2026,Feb,Dhaka,Dhaka,Popular Enterprise,21
2026-02-28,2026,Feb,North,Rangpur,Prince Enterprise,0
2026-02-28,2026,Feb,North,Tangail,Prince Steel,104
2026-02-28,2026,Feb,North,Bogura,Priti Traders (Bogra),0
2026-02-28,2026,Feb,North,Tangail,Prodhan Traders,0
2026-02-28,2026,Feb,North East,Chandpur,Rabbi Traders,0
2026-02-28,2026,Feb,North,Tangail,Rafik and Brothers - Joypurhat,0
2026-02-28,2026,Feb,North East,Jamalpur,Rahi Trade,0
2026-02-28,2026,Feb,North East,Narsingdi,Rahman Steel House,50
2026-02-28,2026,Feb,South,Shariatpur,Raju Enterprise,0
2026-02-28,2026,Feb,North,Gaibandha,Raju Traders,0
2026-02-28,2026,Feb,South,Jashore,Raju Zakir Enterprise,0
2026-02-28,2026,Feb,North East,Brahmanbaria,R. A Khan Properties,0
2026-02-28,2026,Feb,South,Narail,Rakhi Enterprise,0
2026-02-28,2026,Feb,North,Tangail,Rasel Store,0
2026-02-28,2026,Feb,South,Madaripur,Rashed Enterprise (Madaripur),0
2026-02-28,2026,Feb,North East,Feni,Rashedul Alam,13
2026-02-28,2026,Feb,South,Jashore,Razzaque Steel House,125
2026-02-28,2026,Feb,South,Patuakhali,Rema Enterprise,13
2026-02-28,2026,Feb,North East,Kishoreganj,Renu Traders,79
2026-02-28,2026,Feb,North,Panchagarh,Riad Traders-Panchagor,0
2026-02-28,2026,Feb,South,Kushtia,R.I and Co.,0
2026-02-28,2026,Feb,North,Tangail,Riaz Uddin Traders,0
2026-02-28,2026,Feb,North,Tangail,Ridoy Enterprise- Tangail,0
2026-02-28,2026,Feb,Dhaka,Gazipur,Ridwan Traders,28
2026-02-28,2026,Feb,North,Tangail,Rina Construction,0
2026-02-28,2026,Feb,South,Khulna,Riya Trading International,0
2026-02-28,2026,Feb,North,Tangail,R. K Traders,0
2026-02-28,2026,Feb,South,Satkhira,Rofiqul and Brothers,0
2026-02-28,2026,Feb,South,Khulna,Rokeya Traders,0
2026-02-28,2026,Feb,Dhaka,Dhaka,Rose Sweaters Ltd.,45
2026-02-28,2026,Feb,North,Gaibandha,Rosid Traders,0
2026-02-28,2026,Feb,South,Kushtia,R. Rahman Corporation,221
2026-02-28,2026,Feb,Dhaka,Narayanganj,R.S Enterprise,125
2026-02-28,2026,Feb,South,Madaripur,R. S Enterprise-Madaripur,13
2026-02-28,2026,Feb,North East,Sherpur,Rubel Enterprise,0
2026-02-28,2026,Feb,North,Dinajpur,Rumman Traders,0
2026-02-28,2026,Feb,North,Dinajpur,Runa Enterprise,0
2026-02-28,2026,Feb,South,Barishal,Sajid and Brothers,0
2026-02-28,2026,Feb,South,Patuakhali,Sajid Enterprise- Patuakhali,0
2026-02-28,2026,Feb,South,Kushtia,Salam and Sons,156
2026-02-28,2026,Feb,North East,Noakhali,Saleha Construction and Supplier,39
2026-02-28,2026,Feb,South,Kushtia,Saleha Traders,104
2026-02-28,2026,Feb,South,Madaripur,Sale Steel,26
2026-02-28,2026,Feb,South,Satkhira,Samannay Traders,0
2026-02-28,2026,Feb,North,Chapainawabganj,Sanaullah and Sons,0
2026-02-28,2026,Feb,North,Sirajganj,Sarkar Trading (Sirajgonj),40
2026-02-28,2026,Feb,North,Dinajpur,Sarker Brothers,0
2026-02-28,2026,Feb,South,Barishal,Satata Enterprise,0
2026-02-28,2026,Feb,South,Faridpur,Sathi Store,0
2026-02-28,2026,Feb,North,Pabna,S A Traders-Pabna,0
2026-02-28,2026,Feb,North East,Jamalpur,Sattar Traders,0
2026-02-28,2026,Feb,North,Rajshahi,SB Laboratories,0
2026-02-28,2026,Feb,South,Faridpur,S.B Traders - Faridpur,0
2026-02-28,2026,Feb,South,Shariatpur,Seba Trading Corporation,0
2026-02-28,2026,Feb,Dhaka,Dhaka,Selim Malik Traders,0
2026-02-28,2026,Feb,North,Panchagarh,Shaha Traders,0
2026-02-28,2026,Feb,North East,Mymensingh,Shahbuddin and Brothers,0
2026-02-28,2026,Feb,North East,Mymensingh,Shahin Enterprise,0
2026-02-28,2026,Feb,South,Jhenaidah,Shahin Traders,0
2026-02-28,2026,Feb,South,Narail,Shahin Traders - Narail,74
2026-02-28,2026,Feb,North,Rangpur,Shah Md Ashrafudulla,0
2026-02-28,2026,Feb,North East,Chandpur,Shakil Enterprise- Chandpur,0
2026-02-28,2026,Feb,South,Khulna,Shamim and Co,0
2026-02-28,2026,Feb,North East,Chandpur,Shamima Traders,0
2026-02-28,2026,Feb,South,Bhola,Shanaullah Enterprise,26
2026-02-28,2026,Feb,North,Rajshahi,Shanto Hardware,0
2026-02-28,2026,Feb,South,Khulna,Sharif and Co,0
2026-02-28,2026,Feb,South,Magura,Sharif Steel  Corner,99
2026-02-28,2026,Feb,South,Barguna,Sharmi Enterprise- Borguna,0
2026-02-28,2026,Feb,South,Gopalganj,Shawkat Hossain Mollah,0
2026-02-28,2026,Feb,North East,Mymensingh,Shayan Traders,0
2026-02-28,2026,Feb,South,Satkhira,Sheikh Brothers-Satkhira,0
2026-02-28,2026,Feb,North,Gaibandha,Shetu Traders- Gaibandha,0
2026-02-28,2026,Feb,Dhaka,Narayanganj,Shifat Enterprise-N.Ganj,87
2026-02-28,2026,Feb,South,Khulna,Shikder and Brothers,0
2026-02-28,2026,Feb,North East,Kishoreganj,Shimu Traders,0
2026-02-28,2026,Feb,South,Chuadanga,Shohag Enterprise,0
2026-02-28,2026,Feb,North,Natore,Shohug Machineries  and Traders,0
2026-02-28,2026,Feb,South,Bagerhat,Shotota Enterprise,0
2026-02-28,2026,Feb,North East,Brahmanbaria,Shuvo Enterprise (Ashuganj),0
2026-02-28,2026,Feb,South,Narail,Shuvo Enterprise - Norail,0
2026-02-28,2026,Feb,North East,Cumilla,Shwapna Khuthir Properties Ltd.,11
2026-02-28,2026,Feb,South,Jhenaidah,Siddique Cycle Store and Traders,0
2026-02-28,2026,Feb,North East,Sylhet,Siddiquey Construction,0
2026-02-28,2026,Feb,Dhaka,Dhaka,Sikder Enterprise (Keranigonj),26
2026-02-28,2026,Feb,South,Gopalganj,Sikder Traders-Goplagonj,0
2026-02-28,2026,Feb,North,Pabna,Sikder Traders (Pabna),39
2026-02-28,2026,Feb,North East,Cumilla,Silver Tiles and Sanitary,0
2026-02-28,2026,Feb,Dhaka,Manikganj,Singair Alfi Trade Link.,3
2026-02-28,2026,Feb,North,Dhaka,Sirajgonj Iron and Steel House,0
2026-02-28,2026,Feb,South,Dhaka,S.M Kamruzzaman,0
2026-02-28,2026,Feb,South,Narayanganj,Sonali Enterprise,0
2026-02-28,2026,Feb,North,Gaibandha,Sorif Traders,13
2026-02-28,2026,Feb,North,Nilphamari,Sourov Traders,39
2026-02-28,2026,Feb,North East,Jamalpur,S.R.S Construction,0
2026-02-28,2026,Feb,North,Thakurgaon,S. R. Traders,13
2026-02-28,2026,Feb,South,Bagerhat,S.R Traders -Bagerhat,0
2026-02-28,2026,Feb,South,Khulna,S. S. Syndicate,0
2026-02-28,2026,Feb,South,Satkhira,S S Traders,0
2026-02-28,2026,Feb,Dhaka,Gazipur,S T Enterprise,146
2026-02-28,2026,Feb,South,Jhenaidah,Suborna Traders,0
2026-02-28,2026,Feb,Dhaka,Gazipur,Suma Enterprise - Sofipur,55
2026-02-28,2026,Feb,South,Shariatpur,Sumon Enterprise,0
2026-02-28,2026,Feb,South,Khulna,Sumon Traders,0
2026-02-28,2026,Feb,South,Manikganj,Sundorban Hardware,0
2026-02-28,2026,Feb,North,Pabna,Swapan Traders,0
2026-02-28,2026,Feb,South,Jashore,Tahmina Enterprise,0
2026-02-28,2026,Feb,North,Thakurgaon,Tamanna Enterprise-Thakurgaon,0
2026-02-28,2026,Feb,South,Gopalganj,Tamim Enterprise,0
2026-02-28,2026,Feb,North,Rajshahi,Tariq  Enterprise,97
2026-02-28,2026,Feb,South,Narail,Tazmin Enterprise,13
2026-02-28,2026,Feb,Dhaka,Dhaka,The Barik Brothers,588
2026-02-28,2026,Feb,Dhaka,Dhaka,Three Star Co-Operative Multipurpose Ltd.,0
2026-02-28,2026,Feb,South,Patuakhali,Three Star Enterprise,0
2026-02-28,2026,Feb,Dhaka,Dhaka,"Tipu and Co.( Rayerbag, Jatrabari)",25
2026-02-28,2026,Feb,South,Meherpur,Tohmina Engineering Workshop,0
2026-02-28,2026,Feb,Dhaka,Dhaka,Trendy Textiles Ltd.,8
2026-02-28,2026,Feb,North East,Mymensingh,Tripti Steel Bitan,0
2026-02-28,2026,Feb,North,Rangpur,T.S.Enterprise(Rangpur),13
2026-02-28,2026,Feb,North,Sirajganj,Ullapara Variety Store,52
2026-02-28,2026,Feb,South,Jhenaidah,Unique Construction,0
2026-02-28,2026,Feb,South,Khulna,Unique International,0
2026-02-28,2026,Feb,North East,Netrokona,Vodra Traders,0
2026-02-28,2026,Feb,Dhaka,Manikganj,Wazuddin Traders,47
2026-02-28,2026,Feb,North East,Sylhet,Windsor Hotel & Resorts Ltd.,0
2026-02-28,2026,Feb,North East,Noakhali,Yeasin Traders,0
2026-02-28,2026,Feb,Dhaka,Narayanganj,York  Composite Ltd,21
2026-02-28,2026,Feb,Dhaka,Narayanganj,York Fashion Ltd.,12
2026-02-28,2026,Feb,Dhaka,Dhaka,Younus Traders,30
2026-02-28,2026,Feb,South,Bhola,Zabbar Biswas Traders,152
2026-02-28,2026,Feb,Dhaka,Dhaka,Zaman Traders ( Savar),63
2026-03-31,2026,Mar,North East,Narsingdi,3D Comet Design & Consultant,0
2026-03-31,2026,Mar,North,Lalmonirhat,Abdul Hakim,0
2026-03-31,2026,Mar,North,Tangail,Abdul Malek - Rangpur,0
2026-03-31,2026,Mar,North,Dinajpur,Abdur Rauf-Dinajpur,0
2026-03-31,2026,Mar,South,Khulna,Abdur Razzak Aziz- Khulna,169
2026-03-31,2026,Mar,South,Shariatpur,Abdus Salam Farazi,0
2026-03-31,2026,Mar,North East,Sylhet,Abdus Shohid Construction,0
2026-03-31,2026,Mar,Dhaka,Dhaka,ABIR Enterprise,29
2026-03-31,2026,Mar,North,Bogura,ABK Krishi Beez Himagar,0
2026-03-31,2026,Mar,South,Pirojpur,A.B.L.Builders,0
2026-03-31,2026,Mar,North,Pabna,Abul Hossain Traders,13
2026-03-31,2026,Mar,Dhaka,Dhaka,ADL Real Estate Ltd.,5
2026-03-31,2026,Mar,Dhaka,Dhaka,AGI Flex Ltd.,7
2026-03-31,2026,Mar,South,Barguna,Agrani Traders,14
2026-03-31,2026,Mar,South,Khulna,Ahad Enterprise,0
2026-03-31,2026,Mar,North East,Narsingdi,Ahasan Store,0
2026-03-31,2026,Mar,North,Chapainawabganj,Ahmed Store- C. Gonj,0
2026-03-31,2026,Mar,North,Bogura,Ahmed Traders-Bogra,0
2026-03-31,2026,Mar,North,Pabna,Ahsan Trading,0
2026-03-31,2026,Mar,North East,Dhaka,AK Developers Ltd.,20
2026-03-31,2026,Mar,North East,Sylhet,A.K Enterprise (Sylhet),0
2026-03-31,2026,Mar,Dhaka,Dhaka,Akhter Traders,0
2026-03-31,2026,Mar,North,Bogura,Akkash Ali Traders,0
2026-03-31,2026,Mar,North,Bogura,Alam and Brothers,0
2026-03-31,2026,Mar,South,Patuakhali,Al-Amin Traders-Patuakhali,0
2026-03-31,2026,Mar,North,Tangail,Alam Motors,0
2026-03-31,2026,Mar,South,Faridpur,Al-Bagdad Iron Steel- Faridpur,0
2026-03-31,2026,Mar,Dhaka,Dhaka,Al Baraka Steel Corporation- Mirpur,0
2026-03-31,2026,Mar,North East,Brahmanbaria,Al Ekram Traders,0
2026-03-31,2026,Mar,North,Rangpur,Alhaj Atiar Rahman,0
2026-03-31,2026,Mar,North,Dinajpur,Al Haj Traders,182
2026-03-31,2026,Mar,North East,Feni,Al Haj Zakir Enterprise,0
2026-03-31,2026,Mar,South,Bagerhat,Allahardan Enterprise-Bagerhat,0
2026-03-31,2026,Mar,South,Satkhira,Allahardan  Hardware,0
2026-03-31,2026,Mar,South,Satkhira,Allahar Dan Iron Store,0
2026-03-31,2026,Mar,North,Rajshahi,Al Manar Steel,209
2026-03-31,2026,Mar,Dhaka,Dhaka,Aman  Steel Corporation,0
2026-03-31,2026,Mar,North East,Jamalpur,Amena Enterprise-Jamalpur,0
2026-03-31,2026,Mar,Dhaka,Dhaka,Amin and Brother,4
2026-03-31,2026,Mar,South,Bagerhat,Amin Enterprise,0
2026-03-31,2026,Mar,South,Shariatpur,Amin Store,13
2026-03-31,2026,Mar,North East,Jamalpur,Amin Traders,0
2026-03-31,2026,Mar,South,Dhaka,Aminul Islam- Kustia,0
2026-03-31,2026,Mar,North,Tangail,Anny Construction,0
2026-03-31,2026,Mar,South,Satkhira,Anowar Trading,0
2026-03-31,2026,Mar,South,Rajbari,Anupam Nirmata,0
2026-03-31,2026,Mar,South,Rajbari,Anwar Traders,20
2026-03-31,2026,Mar,Dhaka,Dhaka,Arafah Development and Builders Ltd.,4
2026-03-31,2026,Mar,Dhaka,Dhaka,Arafat Trading,100
2026-03-31,2026,Mar,South,Khulna,Arafat Trading - Khulna,0
2026-03-31,2026,Mar,Dhaka,Narayanganj,AR Building Design and Construction,25
2026-03-31,2026,Mar,Dhaka,Dhaka,A.R Corporation,48
2026-03-31,2026,Mar,North East,Dhaka,ARF Trading International,0
2026-03-31,2026,Mar,Dhaka,Gazipur,Arifa Enterprise,10
2026-03-31,2026,Mar,South,Meherpur,Arif Enterprise,91
2026-03-31,2026,Mar,North,Sirajganj,Ariful Islam Traders,0
2026-03-31,2026,Mar,Dhaka,Dhaka,Arowa Traders,552
2026-03-31,2026,Mar,North,Dhaka,A.R. Trading (Rangpur),0
2026-03-31,2026,Mar,Dhaka,Gazipur,Ashik Traders,112
2026-03-31,2026,Mar,South,Barguna,Ashraful Enterprise,0
2026-03-31,2026,Mar,North,Dinajpur,Asma Traders,0
2026-03-31,2026,Mar,North East,Cumilla,A.Wohab and Sons,0
2026-03-31,2026,Mar,North East,Feni,Ayesha Enterprise,0
2026-03-31,2026,Mar,South,Shariatpur,Azad Traders - Soriotpur,0
2026-03-31,2026,Mar,North East,Chandpur,Aziz Brothers,0
2026-03-31,2026,Mar,South,Jhenaidah,Azizul Haque,0
2026-03-31,2026,Mar,North East,Chandpur,Bablu and Brothers,0
2026-03-31,2026,Mar,South,Barishal,Barishal Iron House,14
2026-03-31,2026,Mar,North,Tangail,Basail Trading House,0
2026-03-31,2026,Mar,North East,Jamalpur,Bashonti Traders,0
2026-03-31,2026,Mar,North,Rangpur,Bengal and Company,26
2026-03-31,2026,Mar,South,Jashore,Bhai Bhai Enterprise,0
2026-03-31,2026,Mar,South,Madaripur,Bhai Bhai Traders - Madaripur,0
2026-03-31,2026,Mar,North,Kurigram,Bhai Bhai Trading,29
2026-03-31,2026,Mar,Dhaka,Gazipur,Bhai Bhon Enterprise,29
2026-03-31,2026,Mar,North,Tangail,Bhuiyan Traders- Mirzapur,0
2026-03-31,2026,Mar,South,Bagerhat,Bismillah Enterprise-Bagerhat,0
2026-03-31,2026,Mar,South,Magura,Bismillah Steel Corner,0
2026-03-31,2026,Mar,South,Khulna,Bismillah Steel House,0
2026-03-31,2026,Mar,Dhaka,Dhaka,Bismillah Traders-Dhaka,133
2026-03-31,2026,Mar,North East,Narsingdi,Bismillah Traders -Narsingdi,0
2026-03-31,2026,Mar,South,Satkhira,Bismillah Traders-Satkhira,0
2026-03-31,2026,Mar,North,Sirajganj,Borsha Enterprise,0
2026-03-31,2026,Mar,South,Dhaka,BRB Cable Industries Ltd. (Dr.),0
2026-03-31,2026,Mar,South,Kushtia,Bristy Traders,0
2026-03-31,2026,Mar,South,Chuadanga,Brothers Traders,52
2026-03-31,2026,Mar,Dhaka,Dhaka,Capital Builders,25
2026-03-31,2026,Mar,North East,Chandpur,Chandpur Real Estate,0
2026-03-31,2026,Mar,South,Patuakhali,Choudhory Enterprise,0
2026-03-31,2026,Mar,South,Patuakhali,Chowa Traders,0
2026-03-31,2026,Mar,North East,Sylhet,Chowdhury Trading,0
2026-03-31,2026,Mar,North,Tangail,Chunailal Traders,0
2026-03-31,2026,Mar,North East,Mymensingh,Community Health Foundation Bangladesh,90
2026-03-31,2026,Mar,North,Tangail,Das Traders,0
2026-03-31,2026,Mar,South,Gopalganj,Delwar and Brothers - Gopalgonj,0
2026-03-31,2026,Mar,North East,Feni,Desh Agency,0
2026-03-31,2026,Mar,South,Kushtia,Dhaka Steel,78
2026-03-31,2026,Mar,North,Pabna,Dhaka Steel King,39
2026-03-31,2026,Mar,Dhaka,Gazipur,Dhaka Trade Centre,53
2026-03-31,2026,Mar,North,Naogaon,Dipak Kumar Deb,0
2026-03-31,2026,Mar,Dhaka,Dhaka,Dipti Traders,36
2026-03-31,2026,Mar,North,Pabna,D.K Traders,0
2026-03-31,2026,Mar,North East,Chandpur,Doha Traders,0
2026-03-31,2026,Mar,North,Nilphamari,DOSHMILE TRADERS,0
2026-03-31,2026,Mar,North East,Mymensingh,Dulal Traders,0
2026-03-31,2026,Mar,North,Chapainawabganj,Emdadul Haque,0
2026-03-31,2026,Mar,South,Jhenaidah,Emon Enterprise,0
2026-03-31,2026,Mar,North,Dinajpur,Eng.Md.Mohsin Ali,0
2026-03-31,2026,Mar,North East,Cumilla,Engr. Shafiqul Islam Build and Consultancy,0
2026-03-31,2026,Mar,North East,Brahmanbaria,Eng. Suman Datta,0
2026-03-31,2026,Mar,Dhaka,Gazipur,Evan Enterprise,5
2026-03-31,2026,Mar,Dhaka,Dhaka,Fairway,60
2026-03-31,2026,Mar,North,Kurigram,Farhad and Brothers,0
2026-03-31,2026,Mar,Dhaka,Dhaka,Farid Enterprise,20
2026-03-31,2026,Mar,Dhaka,Manikganj,Faruk and Brothers,175
2026-03-31,2026,Mar,South,Meherpur,Faruk Enterprise - Meherpur,0
2026-03-31,2026,Mar,Dhaka,Dhaka,Feni Traders,0
2026-03-31,2026,Mar,South,Meherpur,F.K Trade,0
2026-03-31,2026,Mar,North,Dhaka,F M Trading International,0
2026-03-31,2026,Mar,North East,Noakhali,Foyez Store,0
2026-03-31,2026,Mar,North East,Mymensingh,F.S Enterprise,106
2026-03-31,2026,Mar,North,Thakurgaon,Gallery Traders,0
2026-03-31,2026,Mar,South,Barishal,Gangashari Traders,0
2026-03-31,2026,Mar,North,Dinajpur,Gausheyz Ventores,27
2026-03-31,2026,Mar,Dhaka,Dhaka,Gawsia Enterprise,225
2026-03-31,2026,Mar,Dhaka,Gazipur,Giash Steel,18
2026-03-31,2026,Mar,South,Barguna,GM Ikfa Enterprise,0
2026-03-31,2026,Mar,North East,Cumilla,Grameen Traders,0
2026-03-31,2026,Mar,North East,Mymensingh,Greenland Developers (Pvt.)Ltd.,0
2026-03-31,2026,Mar,South,Faridpur,Habib Enterprise (Faridpur),98
2026-03-31,2026,Mar,Dhaka,Gazipur,Haji Enterprise - Gazipur,3
2026-03-31,2026,Mar,North,Dinajpur,Hamana Traders,0
2026-03-31,2026,Mar,North,Rangpur,Hamid and Sons,0
2026-03-31,2026,Mar,South,Jashore,Hamid Traders,0
2026-03-31,2026,Mar,South,Madaripur,Hamim International,0
2026-03-31,2026,Mar,North,Chapainawabganj,Hammad and Sons,0
2026-03-31,2026,Mar,South,Chuadanga,Hannan and Brothers-Chuadanga,0
2026-03-31,2026,Mar,North,Bogura,Hannan Traders,26
2026-03-31,2026,Mar,North East,Mymensingh,Haque and Brothers,0
2026-03-31,2026,Mar,South,Bhola,Haque and Sons-Bhola,0
2026-03-31,2026,Mar,South,Jhenaidah,Haque and Sons-Jhenaidah,0
2026-03-31,2026,Mar,North,Sirajganj,Haque Iron,0
2026-03-31,2026,Mar,North,Tangail,Harun Enterprise,86
2026-03-31,2026,Mar,South,Barishal,Hawlader Iron Store,0
2026-03-31,2026,Mar,North East,Brahmanbaria,Hazi Mobarak Traders,0
2026-03-31,2026,Mar,North,Dinajpur,Hera Traders,0
2026-03-31,2026,Mar,Dhaka,Dhaka,Hobigonj Traders,12
2026-03-31,2026,Mar,North,Dhaka,Hossain Construction ( Pvt ) Ltd,0
2026-03-31,2026,Mar,North East,Kishoreganj,Hossen Bhuiyan Steel House,0
2026-03-31,2026,Mar,South,Khulna,Howlader and Company,0
2026-03-31,2026,Mar,Dhaka,Dhaka,Howlader Enterprise,118
2026-03-31,2026,Mar,South,Jhalokati,Howlader Traders-Jhalokathi,0
2026-03-31,2026,Mar,Dhaka,Dhaka,H.S Corporation,0
2026-03-31,2026,Mar,North,Gaibandha,Humayan Kabir Traders-Gaibandha,0
2026-03-31,2026,Mar,South,Kushtia,Hymo International,0
2026-03-31,2026,Mar,North,Rangpur,Imarat Trading,65
2026-03-31,2026,Mar,South,Satkhira,Imarot Trading-Satkhira,0
2026-03-31,2026,Mar,North,Rangpur,Imperial Sanitary House,14
2026-03-31,2026,Mar,South,Faridpur,Iron and Steel House,0
2026-03-31,2026,Mar,North East,Cumilla,Islam and Sons,0
2026-03-31,2026,Mar,North,Bogura,Islam Brothers-Bogura,0
2026-03-31,2026,Mar,South,Jashore,Islam Traders-Jessore,0
2026-03-31,2026,Mar,North,Tangail,I.V Methi Traders,0
2026-03-31,2026,Mar,South,Faridpur,Jahangir Store - Faridpur,0
2026-03-31,2026,Mar,South,Satkhira,Jaman Traders,0
2026-03-31,2026,Mar,North,Dhaka,Janata Enterprise- Sirajgonj,0
2026-03-31,2026,Mar,North,Dhaka,Janata Steel and Iron House,0
2026-03-31,2026,Mar,North,Bogura,J and Ma Enterprise,0
2026-03-31,2026,Mar,South,Faridpur,Jaseka Traders,79
2026-03-31,2026,Mar,North East,Noakhali,Jashim Steel House,0
2026-03-31,2026,Mar,North,Lalmonirhat,Jerin Enterprise,0
2026-03-31,2026,Mar,North East,Kishoreganj,Jesan Traders,0
2026-03-31,2026,Mar,South,Jashore,JesminSanitary and Iron Store,0
2026-03-31,2026,Mar,South,Narail,Jhorna Enterprise,0
2026-03-31,2026,Mar,South,Khulna,Joint Enterprise,0
2026-03-31,2026,Mar,North,Tangail,Joy Joya Enterprise,69
2026-03-31,2026,Mar,South,Shariatpur,Julhas and Brothers,0
2026-03-31,2026,Mar,North,Bogura,Kabir Traders-Bogra,0
2026-03-31,2026,Mar,North East,Cumilla,Kajol Enterprise,0
2026-03-31,2026,Mar,North East,Cumilla,Kalam and Sons,0
2026-03-31,2026,Mar,South,Faridpur,Kamarjani Traders,0
2026-03-31,2026,Mar,Dhaka,Gazipur,Kamrul Trading Corporation,25
2026-03-31,2026,Mar,South,Faridpur,Kamruzzaman Enterprise,0
2026-03-31,2026,Mar,South,Kushtia,Kanak Traders-Kustia,0
2026-03-31,2026,Mar,Dhaka,Gazipur,Kashem and Sons,53
2026-03-31,2026,Mar,North East,Noakhali,Kashem Traders (Noakhali),0
2026-03-31,2026,Mar,North,Kurigram,Khairul Enterprise,0
2026-03-31,2026,Mar,Dhaka,Dhaka,Khalid Trading Corporation,13
2026-03-31,2026,Mar,South,Jhalokati,Khan Builders,0
2026-03-31,2026,Mar,Dhaka,Dhaka,Khan Enterprise,129
2026-03-31,2026,Mar,North East,Lakshmipur,Khan Machineries Store,0
2026-03-31,2026,Mar,South,Khulna,Khan Traders -Khulna,14
2026-03-31,2026,Mar,South,Madaripur,Khan Traders- Madaripur,13
2026-03-31,2026,Mar,South,Madaripur,Khan Traders- Shibchor,0
2026-03-31,2026,Mar,North East,Chandpur,Khaza Variety Store,0
2026-03-31,2026,Mar,Dhaka,Gazipur,Khurshida Builders,227
2026-03-31,2026,Mar,South,Narail,King Builders,0
2026-03-31,2026,Mar,North,Rajshahi,Kismot Trading Corporation,0
2026-03-31,2026,Mar,South,Barishal,K K Enterprise,0
2026-03-31,2026,Mar,North,Dinajpur,Kobir Traders,0
2026-03-31,2026,Mar,North East,Mymensingh,K.S. Trading,0
2026-03-31,2026,Mar,North,Dinajpur,Kumor Uddin and Sons,0
2026-03-31,2026,Mar,North,Dinajpur,Kundu Brothers,0
2026-03-31,2026,Mar,South,Faridpur,Kustia Enterprise,0
2026-03-31,2026,Mar,South,Barishal,Layla Builders,0
2026-03-31,2026,Mar,South,Patuakhali,Lila Enterprise,0
2026-03-31,2026,Mar,North,Tangail,Liton Enterprise,0
2026-03-31,2026,Mar,North,Nilphamari,L.N Trading Co.,26
2026-03-31,2026,Mar,North East,Mymensingh,Lubaba  Enterprise,0
2026-03-31,2026,Mar,North East,Sylhet,Ludhi Steel Marchant,180
2026-03-31,2026,Mar,North East,Feni,Madani Traders,52
2026-03-31,2026,Mar,South,Shariatpur,Madbor Enterprise,54
2026-03-31,2026,Mar,North East,Netrokona,Mahabub Traders,0
2026-03-31,2026,Mar,Dhaka,Dhaka,Mahadi Design and Construction,35
2026-03-31,2026,Mar,North,Rajshahi,Mahamud Enterprise,0
2026-03-31,2026,Mar,North,Thakurgaon,Mahbub Enterprise,0
2026-03-31,2026,Mar,South,Jhenaidah,Mahir Trading,0
2026-03-31,2026,Mar,North East,Mymensingh,Mahi Traders,0
2026-03-31,2026,Mar,North,Dinajpur,Mahi Traders-Dinajpur,0
2026-03-31,2026,Mar,South,Jashore,Mahiya Kabir Corporation,46
2026-03-31,2026,Mar,North,Bogura,Mahmud Mahbub Traders,0
2026-03-31,2026,Mar,Dhaka,Dhaka,Makkah Traders,61
2026-03-31,2026,Mar,Dhaka,Gazipur,Mamun Enterprise-Gazipur,145
2026-03-31,2026,Mar,North East,Sylhet,Mamun Enterprise- Shylet,0
2026-03-31,2026,Mar,North,Pabna,Mamun Traders-Pabna,56
2026-03-31,2026,Mar,South,Kushtia,Mannan Hardware and Iron Store,0
2026-03-31,2026,Mar,Dhaka,Narayanganj,Mashin Corporation,0
2026-03-31,2026,Mar,North,Bogura,Master Traders (Shantahar),0
2026-03-31,2026,Mar,South,Barishal,Masud Enterprise,0
2026-03-31,2026,Mar,South,Madaripur,Mayer Doa Enterprise,14
2026-03-31,2026,Mar,North East,Netrokona,Mayer Doa Traders,0
2026-03-31,2026,Mar,South,Bagerhat,Media Enterprise,0
2026-03-31,2026,Mar,North East,Cumilla,Mili Enterprise,0
2026-03-31,2026,Mar,Dhaka,Gazipur,Mim Enterprise,50
2026-03-31,2026,Mar,Dhaka,Dhaka,Misti Enterprise,5
2026-03-31,2026,Mar,North East,Jamalpur,Mizan and Son's,14
2026-03-31,2026,Mar,South,Jhalokati,M Khan Ltd.,0
2026-03-31,2026,Mar,Dhaka,Dhaka,Modina Steel Corporation,195
2026-03-31,2026,Mar,North East,Sherpur,Mofazzal Enterprise,49
2026-03-31,2026,Mar,South,Kushtia,Mokka Enterprise- Kustia,0
2026-03-31,2026,Mar,South,Magura,Molla Banijjo Vander,40
2026-03-31,2026,Mar,North East,Cumilla,Molla Traders- Comilla,12
2026-03-31,2026,Mar,South,Jashore,Mollik Enterprise-Khulna,0
2026-03-31,2026,Mar,North,Dinajpur,Mondol Traders - Dinajpur,0
2026-03-31,2026,Mar,North,Kurigram,Mondol Traders- Kurigram,0
2026-03-31,2026,Mar,North,Sirajganj,Mondol Traders- Sirajgonj,0
2026-03-31,2026,Mar,Dhaka,Dhaka,Monir Enterprise,0
2026-03-31,2026,Mar,North,Dinajpur,Monoj Kumar Mallick,0
2026-03-31,2026,Mar,North East,Brahmanbaria,Morsalin Traders,0
2026-03-31,2026,Mar,North East,Jamalpur,Morzina Steel House,0
2026-03-31,2026,Mar,South,Barishal,Moshiur Rahman Minto,0
2026-03-31,2026,Mar,North,Tangail,Mostafa Enterprise-Tangail,0
2026-03-31,2026,Mar,North,Rangpur,M.R Traders,0
2026-03-31,2026,Mar,South,Narail,M/S Abdul Hadi Traders,0
2026-03-31,2026,Mar,North,Naogaon,M/S Abdullah Traders,0
2026-03-31,2026,Mar,North,Sirajganj,M/S Abdus Samad Khan,0
2026-03-31,2026,Mar,North East,Cumilla,M/S Abedin Enterprise,0
2026-03-31,2026,Mar,South,Patuakhali,M/S. Abul Kalam Azad,0
2026-03-31,2026,Mar,North East,Narsingdi,M/S Adiat Traders,0
2026-03-31,2026,Mar,Dhaka,Dhaka,M/S Adil Enterprise,16
2026-03-31,2026,Mar,North,Pabna,M/S Adi Saha Trading,13
2026-03-31,2026,Mar,South,Satkhira,M/S. Afroz Enterprise,0
2026-03-31,2026,Mar,North,Dinajpur,M/S Aftabganj Hardware Store,42
2026-03-31,2026,Mar,South,Rajbari,M/S Al-Amin Traders,0
2026-03-31,2026,Mar,North,Nilphamari,M/S. Al Amin Traders-Nilphamary,0
2026-03-31,2026,Mar,North East,Netrokona,M/S Alam Traders,0
2026-03-31,2026,Mar,North,Dinajpur,M/S. Alhaj Traders-Dinajpur,0
2026-03-31,2026,Mar,South,Shariatpur,M/S Aliuzzaman Mir Malot,0
2026-03-31,2026,Mar,Dhaka,Gazipur,M/S Al-Madina Enterprise,0
2026-03-31,2026,Mar,South,Kushtia,M/S. Al-Nobi Hardware & Sanitary,0
2026-03-31,2026,Mar,North East,Noakhali,M/S Anisha Enterprise,0
2026-03-31,2026,Mar,North East,Chandpur,M/S.Anisha Multi Trade,12
2026-03-31,2026,Mar,North,Sirajganj,M/S Anowar Enterprise,0
2026-03-31,2026,Mar,South,Barguna,M/S. Anower Brick,0
2026-03-31,2026,Mar,Dhaka,Gazipur,M/S Arif Traders,0
2026-03-31,2026,Mar,South,Faridpur,M/S Asraf  and Sons,13
2026-03-31,2026,Mar,South,Jhenaidah,M/S. Astha Builders,0
2026-03-31,2026,Mar,South,Barguna,M/S Ayaan Traders,40
2026-03-31,2026,Mar,South,Jashore,M/S Ayesha Steel Corporation,0
2026-03-31,2026,Mar,South,Patuakhali,M/S. Azad Enterprise,0
2026-03-31,2026,Mar,South,Jashore,M/S Azim Shah Traders,26
2026-03-31,2026,Mar,South,Jashore,M/S Babu Traders,13
2026-03-31,2026,Mar,South,Magura,M/S Bali Construction,0
2026-03-31,2026,Mar,South,Chuadanga,M/S. Bani Traders,0
2026-03-31,2026,Mar,South,Rajbari,M/S Bepari Traders - Rajbari,13
2026-03-31,2026,Mar,Dhaka,Dhaka,M/S Bhai Bhai Traders and Engineering Works,0
2026-03-31,2026,Mar,North,Dinajpur,M/S. Bhai Bhai Traders (Dinajpur),0
2026-03-31,2026,Mar,North East,Cumilla,M/S Bhuiyan Traders-Cumilla,0
2026-03-31,2026,Mar,North East,Noakhali,M/S Bhuiyan Traders-Noakhali,0
2026-03-31,2026,Mar,North East,Chandpur,MS.Billal Traders-Chandpur,13
2026-03-31,2026,Mar,Dhaka,Dhaka,M/S Bismillah Enterprise (Sobujbagh),88
2026-03-31,2026,Mar,North East,Mymensingh,M/S Bismillah Hardware and Glass House,0
2026-03-31,2026,Mar,North East,Kishoreganj,M/S Bismillah Traders- Bhairob,41
2026-03-31,2026,Mar,North East,Kishoreganj,M/S Bismillah Traders-Mymensing,0
2026-03-31,2026,Mar,North,Naogaon,M/S. Bismillha Traders-Naoga,0
2026-03-31,2026,Mar,South,Jhenaidah,M/S Bondhu Enterprise,70
2026-03-31,2026,Mar,North,Sherpur,M/S. Bondhu Enterprise-Bogra,0
2026-03-31,2026,Mar,South,Bhola,M/S Bushra Construction,0
2026-03-31,2026,Mar,North,Bogura,M/S. Bushra Traders,97
2026-03-31,2026,Mar,South,Jashore,M/S Chitra Trading,39
2026-03-31,2026,Mar,South,Madaripur,M/S City Build Trade,52
2026-03-31,2026,Mar,North,Lalmonirhat,M/s Dhorla Trading,0
2026-03-31,2026,Mar,South,Jashore,M/S. Dipro Enterprise,0
2026-03-31,2026,Mar,South,Faridpur,M/S. Durgapur Hi Tech,0
2026-03-31,2026,Mar,North East,Narsingdi,M/S Easy Builders,0
2026-03-31,2026,Mar,South,Khulna,M/S. Elina Enterprise,0
2026-03-31,2026,Mar,South,Pirojpur,M/S Emon Enterprise,0
2026-03-31,2026,Mar,North East,Dhaka,M/S. Engineer Builders,30
2026-03-31,2026,Mar,North East,Cumilla,M/S. Faisal Enterprise,0
2026-03-31,2026,Mar,South,Gopalganj,M/S Fakir and Sons,0
2026-03-31,2026,Mar,South,Satkhira,M/S Faruk Traders-Sathkhira,0
2026-03-31,2026,Mar,South,Meherpur,M/S. Fojilatun Nesha &Sons,0
2026-03-31,2026,Mar,South,Barishal,M/S Forkan Traders,0
2026-03-31,2026,Mar,South,Gopalganj,M/S Friends Enterprise,0
2026-03-31,2026,Mar,North East,Cumilla,M/S Gaji Hardware,0
2026-03-31,2026,Mar,North,Naogaon,M/S Gitanjoli Traders,39
2026-03-31,2026,Mar,North,Kurigram,M/S. G.M Enterprise,0
2026-03-31,2026,Mar,Dhaka,Dhaka,M/S. Hailmi Enterprise,0
2026-03-31,2026,Mar,South,Bhola,M/S Haji Traders,0
2026-03-31,2026,Mar,North East,Cumilla,M/S Hanif Enterprise,0
2026-03-31,2026,Mar,Dhaka,Dhaka,M/S Haque and Hasan Traders,4
2026-03-31,2026,Mar,North East,Feni,M/S Haque Enterprise,0
2026-03-31,2026,Mar,North East,Brahmanbaria,M/S. Hasan Enterprise,0
2026-03-31,2026,Mar,South,Satkhira,M/S. Hasan Traders-Satkhira,0
2026-03-31,2026,Mar,North,Dinajpur,M/S Hashem Traders,14
2026-03-31,2026,Mar,South,Shariatpur,M/S. Hawlader Enterprise-Sariatpur,0
2026-03-31,2026,Mar,North East,Dhaka,M/S Hazi Abdul Khalique  & Son's,0
2026-03-31,2026,Mar,Dhaka,Dhaka,M/S Hazi Sarif Munshi Traders,13
2026-03-31,2026,Mar,South,Madaripur,M/S. Hazi Traders- Madaripur,0
2026-03-31,2026,Mar,North East,Jamalpur,M/S HEMENDRA CHANDRA SINGH,0
2026-03-31,2026,Mar,North East,Noakhali,M/S Hoque and Brothers (Noakhali),0
2026-03-31,2026,Mar,South,Bhola,M/S H Rahman and Sons,20
2026-03-31,2026,Mar,Dhaka,Narayanganj,M/S Ichapuri Cement House,60
2026-03-31,2026,Mar,North East,Cumilla,M/S Islamia Enterprise and Dorja Gallery,0
2026-03-31,2026,Mar,South,Patuakhali,M/S.Islamia Traders,0
2026-03-31,2026,Mar,South,Jashore,M/S Islam Traders- Keshabpur,0
2026-03-31,2026,Mar,North,Tangail,M/S. Islam Traders- Sirajgonj,0
2026-03-31,2026,Mar,North,Naogaon,M/S. IT Construction,0
2026-03-31,2026,Mar,North East,Lakshmipur,M/S Jahir Enterprise,0
2026-03-31,2026,Mar,South,Patuakhali,M/S.Jamal Traders,0
2026-03-31,2026,Mar,North,Tangail,M/S.Jannath Enterprise,15
2026-03-31,2026,Mar,North East,Jamalpur,M/S. Jibon Traders,0
2026-03-31,2026,Mar,South,Jashore,M/S Johir Enterprise,0
2026-03-31,2026,Mar,South,Meherpur,M/S Jony Enterprise -Meherpur,39
2026-03-31,2026,Mar,South,Jhenaidah,M/S Kafi Traders,0
2026-03-31,2026,Mar,South,Barguna,M/S. Kamal Enterprise,33
2026-03-31,2026,Mar,North,Panchagarh,M/S Kamlesh Traders,0
2026-03-31,2026,Mar,South,Barguna,M/S. Karim Builders,0
2026-03-31,2026,Mar,North,Tangail,M/S. Khalekujjaman Traders,0
2026-03-31,2026,Mar,South,Faridpur,M/S Khan Enterprise-Faridpur,0
2026-03-31,2026,Mar,Dhaka,Gazipur,M/S Khan Enterprise-Kaligonj,64
2026-03-31,2026,Mar,North,Dinajpur,M/S. Khan Enterprises- Dinajpur,0
2026-03-31,2026,Mar,North,Tangail,M/S Khan Traders-Tangail,0
2026-03-31,2026,Mar,South,Faridpur,M/S Khaza Traders,64
2026-03-31,2026,Mar,North East,Cumilla,M/S. Khokon Enterprise,0
2026-03-31,2026,Mar,North,Thakurgaon,M/S. Kibriya Enterprise,0
2026-03-31,2026,Mar,North East,Cumilla,M/S-Laksam Trading Corporation,228
2026-03-31,2026,Mar,Dhaka,Manikganj,M/S Latif Traders,5
2026-03-31,2026,Mar,South,Gopalganj,M/S Linkon Enterprise,0
2026-03-31,2026,Mar,North,Natore,M/s Liton Enterprise,0
2026-03-31,2026,Mar,North East,Narsingdi,M/S. Liza Traders,0
2026-03-31,2026,Mar,Dhaka,Dhaka,M/S. Maa Enterprise,124
2026-03-31,2026,Mar,South,Barishal,M/S. Mahabub Traders,0
2026-03-31,2026,Mar,Dhaka,Gazipur,M/S. Mainul Traders,130
2026-03-31,2026,Mar,North East,Brahmanbaria,M/S. Malek and Sons,0
2026-03-31,2026,Mar,North East,Lakshmipur,M/S Ma Metal,0
2026-03-31,2026,Mar,North,Dhaka,M/S. Manobendro Das,0
2026-03-31,2026,Mar,Dhaka,Dhaka,M/S. Marks Trading,0
2026-03-31,2026,Mar,South,Jhalokati,M/S Mary Suppliers and Mary Bricks,0
2026-03-31,2026,Mar,South,Bhola,M/S. Masaallah Traders,0
2026-03-31,2026,Mar,South,Khulna,M/S. M. A Traders (Dr.),0
2026-03-31,2026,Mar,Dhaka,Gazipur,M/S Mawna Builders,53
2026-03-31,2026,Mar,North,Tangail,M/S Maya Traders,0
2026-03-31,2026,Mar,South,Satkhira,M/S. Mayer Doa Sanitary and Anwar Sheet Enterprise,13
2026-03-31,2026,Mar,North,Bogura,M/S. Mayer Doya Variety Store,0
2026-03-31,2026,Mar,Dhaka,Gazipur,M/s Midul Enterprise,42
2026-03-31,2026,Mar,South,Kushtia,M/S Mim Traders-Kustia,0
2026-03-31,2026,Mar,South,Chuadanga,M/S Mizan Traders,0
2026-03-31,2026,Mar,South,Faridpur,M/S Modina Traders,0
2026-03-31,2026,Mar,North East,Noakhali,M/S. Mokka Enterprise- Noakhali,0
2026-03-31,2026,Mar,North East,Narsingdi,M/S Mollah Enterprise-Narsingdi,0
2026-03-31,2026,Mar,North,Rajshahi,M/S. Mollah Enterprise-Rajshahi,0
2026-03-31,2026,Mar,North East,Cumilla,M/S Molla Traders-Chouddogram,0
2026-03-31,2026,Mar,South,Gopalganj,M/S Molla Traders-Gopalgonj,0
2026-03-31,2026,Mar,North,Bogura,M/S. Mondol Traders-Shibgonj,0
2026-03-31,2026,Mar,North,Tangail,M/S. Monira Enterprise,0
2026-03-31,2026,Mar,North,Dhaka,M/S Moon Traders- Sirajgonj,0
2026-03-31,2026,Mar,South,Barguna,M/S. Mridha Traders,0
2026-03-31,2026,Mar,North East,Netrokona,M/S-M.S Traders,0
2026-03-31,2026,Mar,North,Bogura,M/S. Mukta Traders,0
2026-03-31,2026,Mar,North East,Noakhali,M/S.Muldhara Trading,52
2026-03-31,2026,Mar,South,Pirojpur,M/S Nahar Enterprise- Pirojpur,0
2026-03-31,2026,Mar,South,Shariatpur,M/S Nayeem Enterprise,0
2026-03-31,2026,Mar,North,Tangail,M/S. Nazmul Enterprise,0
2026-03-31,2026,Mar,North East,Cumilla,M/S. Nazrul Traders,0
2026-03-31,2026,Mar,South,Pirojpur,M/S New Hope Traders,0
2026-03-31,2026,Mar,South,Gopalganj,M/S. New Sikder Traders,0
2026-03-31,2026,Mar,South,Satkhira,M/s Nirala Trader's,0
2026-03-31,2026,Mar,South,Madaripur,M/s Nirman,0
2026-03-31,2026,Mar,South,Barguna,M/s. Nur-E-Madina Trading,0
2026-03-31,2026,Mar,South,Faridpur,M/S Nur Mahidi Nerman Vander,52
2026-03-31,2026,Mar,South,Pirojpur,M/S Oishani Enterprise,0
2026-03-31,2026,Mar,Dhaka,Dhaka,M/S Osman Steel Corporation,76
2026-03-31,2026,Mar,North East,Lakshmipur,M/S Parvez Enterprise,0
2026-03-31,2026,Mar,North,Naogaon,M/S Parvez Trading-Naogaon,84
2026-03-31,2026,Mar,North,Dinajpur,M/S Popular Steel,0
2026-03-31,2026,Mar,South,Gopalganj,M/s Porosh Enterprise,41
2026-03-31,2026,Mar,North East,Cumilla,MS.Probashi G.I. Enterpries.,0
2026-03-31,2026,Mar,North,Dhaka,M/S. Purabi Traders,0
2026-03-31,2026,Mar,North,Pabna,M/S Rafiq Enterprise,0
2026-03-31,2026,Mar,South,Narail,M/S Rahit Ruchi Enterprise,0
2026-03-31,2026,Mar,Dhaka,Narayanganj,M/S Rahmania Enterprise,303
2026-03-31,2026,Mar,South,Chuadanga,M/S Rahman Traders,0
2026-03-31,2026,Mar,North East,Narsingdi,M/S Rahman Traders-Norsingdi,0
2026-03-31,2026,Mar,South,Jashore,M/S Raisa Enterprise,0
2026-03-31,2026,Mar,North,Thakurgaon,M/S. Raju Ceramic & Sanitary,0
2026-03-31,2026,Mar,Dhaka,Gazipur,M/S Rana Enterprise,7
2026-03-31,2026,Mar,North,Panchagarh,M/S. Rashad Traders,0
2026-03-31,2026,Mar,Dhaka,Dhaka,M/S. Rayhan Enterprise,62
2026-03-31,2026,Mar,Dhaka,Gazipur,M/S R.B Steel and Co.,57
2026-03-31,2026,Mar,North,Natore,M/S. Reza Enterprise,0
2026-03-31,2026,Mar,North,Pabna,M/S.Reza Enterprise-Pabna,41
2026-03-31,2026,Mar,North,Dinajpur,M/S Ripon Traders,0
2026-03-31,2026,Mar,South,Jashore,M/S R M Traders,0
2026-03-31,2026,Mar,North,Rangpur,M/S Rohima Traders,0
2026-03-31,2026,Mar,North,Panchagarh,M/S Rostom and Sons,0
2026-03-31,2026,Mar,North East,Cumilla,M/S. RS Hardware,0
2026-03-31,2026,Mar,Dhaka,Gazipur,M/S Sadar Builders,35
2026-03-31,2026,Mar,North,Tangail,M/S Sadia and Samia Traders,0
2026-03-31,2026,Mar,North,Panchagarh,M/S. Sadik Enterprise,0
2026-03-31,2026,Mar,South,Khulna,M/S. Safwan Corporation,0
2026-03-31,2026,Mar,North,Thakurgaon,M/S. Sahi-Imran Traders,0
2026-03-31,2026,Mar,Dhaka,Narayanganj,M/S Saif Traders,12
2026-03-31,2026,Mar,North,Pabna,M/S Samir Traders,52
2026-03-31,2026,Mar,South,Barishal,M/S Saown Traders,0
2026-03-31,2026,Mar,South,Barishal,M/S Sazib Trading,0
2026-03-31,2026,Mar,North,Bogura,M/S Sazid Traders,0
2026-03-31,2026,Mar,South,Madaripur,M/S Selim Enterprise and Steel,13
2026-03-31,2026,Mar,South,Patuakhali,M/S.Serajul Haque,0
2026-03-31,2026,Mar,North,Rangpur,M/S. Shafi Trading,0
2026-03-31,2026,Mar,South,Faridpur,M/S Shah Farid Nirman Vander,0
2026-03-31,2026,Mar,Dhaka,Gazipur,M/S Shahin Enterprise,6
2026-03-31,2026,Mar,North,Kurigram,M/S. Shaju Hardware,0
2026-03-31,2026,Mar,South,Jhenaidah,M/S Shamim Steel Corner,79
2026-03-31,2026,Mar,South,Shariatpur,M/S Shamim Traders-Sariatpur,0
2026-03-31,2026,Mar,South,Jhalokati,M/S Shampa Construction,0
2026-03-31,2026,Mar,North,Nilphamari,M/S. Sharif Construction Center,0
2026-03-31,2026,Mar,South,Gopalganj,M/S. Sharif Enterprise,0
2026-03-31,2026,Mar,South,Pirojpur,M/S. Shikder Enterprise-Pirojpur,0
2026-03-31,2026,Mar,South,Magura,M/S Shohag Enterprise-Satkhira,0
2026-03-31,2026,Mar,North,Sirajganj,M/s Shohan Iron and Steel House.,154
2026-03-31,2026,Mar,North,Thakurgaon,M/S. Shovon Traders,0
2026-03-31,2026,Mar,South,Khulna,M/S Showrov Enterprise,0
2026-03-31,2026,Mar,South,Narail,M/S. Sikdar Enterprise- Norail,0
2026-03-31,2026,Mar,North,Dinajpur,M/S. Sohidul Traders,0
2026-03-31,2026,Mar,South,Faridpur,M/S Sony Vander,0
2026-03-31,2026,Mar,North,Thakurgaon,M/S. Sulov Lauho Bitan,0
2026-03-31,2026,Mar,North,Chapainawabganj,M/S Sweet Enterprise,0
2026-03-31,2026,Mar,South,Rajbari,M/S Tahsin Hardware,33
2026-03-31,2026,Mar,Dhaka,Gazipur,M/S Takhiya Enterprise,29
2026-03-31,2026,Mar,South,Gopalganj,M/S Tasnim Enterprise,0
2026-03-31,2026,Mar,North,Thakurgaon,M/S. Tin Vai Enterprise,0
2026-03-31,2026,Mar,North,Sirajganj,M/S Tisha Enterprise,0
2026-03-31,2026,Mar,South,Bagerhat,M/S Tonmoy Traders,0
2026-03-31,2026,Mar,Dhaka,Gazipur,M/S. Tosher Enterprise,23
2026-03-31,2026,Mar,North,Panchagarh,M/S Vai Vai Traders-Panchagor,0
2026-03-31,2026,Mar,South,Bhola,M/S. Yakub Traders,0
2026-03-31,2026,Mar,South,Chuadanga,M/S - Younus Hardware,0
2026-03-31,2026,Mar,North,Rangpur,M/S. Zaman Traders-Rangpur,259
2026-03-31,2026,Mar,Dhaka,Dhaka,M/S Zam Zam Trading (Dhaka),0
2026-03-31,2026,Mar,North,Rangpur,M/S Zast Traders,0
2026-03-31,2026,Mar,South,Satkhira,M/S Zia Traders,0
2026-03-31,2026,Mar,Dhaka,Dhaka,Munshigonj Steel House,24
2026-03-31,2026,Mar,South,Jashore,M. Zaman Enterprise,0
2026-03-31,2026,Mar,South,Madaripur,Nabila Traders (Madaripur),0
2026-03-31,2026,Mar,North,Pabna,"Nabi Traders (Ishawrdi,  Pabna)",26
2026-03-31,2026,Mar,Dhaka,Dhaka,Nahar Steel,120
2026-03-31,2026,Mar,Dhaka,Dhaka,Nal Gulf Construction and Properties,0
2026-03-31,2026,Mar,North,Lalmonirhat,Narsingdi Enterprise,0
2026-03-31,2026,Mar,Dhaka,Dhaka,Nasrin Enterprise,0
2026-03-31,2026,Mar,Dhaka,Dhaka,Nation Tech Communications Limited,0
2026-03-31,2026,Mar,Dhaka,Dhaka,Nayeef Trading Corporation,10
2026-03-31,2026,Mar,North,Kurigram,Nayeem Traders (Kurigram),0
2026-03-31,2026,Mar,South,Barishal,Nayem Enterprise,0
2026-03-31,2026,Mar,South,Jashore,Nayon and Chayon,0
2026-03-31,2026,Mar,South,Jhenaidah,Nazmul Traders- Jhenaidah,0
2026-03-31,2026,Mar,North,Rangpur,Need Construction,0
2026-03-31,2026,Mar,South,Khulna,New Bengal Store,0
2026-03-31,2026,Mar,South,Dhaka,New Era Manufacturing Ltd.,0
2026-03-31,2026,Mar,South,Barishal,New Hasina Enterprise,0
2026-03-31,2026,Mar,Dhaka,Dhaka,New Sharmin Enterprise,29
2026-03-31,2026,Mar,Dhaka,Dhaka,Niloy Enterprise,0
2026-03-31,2026,Mar,South,Jhenaidah,Nishi Enterprise- Jhinaidah,0
2026-03-31,2026,Mar,South,Khulna,Nondi Trading Corporatin,0
2026-03-31,2026,Mar,North,Gaibandha,Northbengal Traders,0
2026-03-31,2026,Mar,South,Madaripur,Nurjahan Resourse International,0
2026-03-31,2026,Mar,North,Dinajpur,Nur Steel,0
2026-03-31,2026,Mar,North East,Cumilla,Nurul Islam,0
2026-03-31,2026,Mar,South,Meherpur,Padma Enterprise,0
2026-03-31,2026,Mar,South,Gopalganj,Pal and Sons,0
2026-03-31,2026,Mar,South,Chuadanga,Palash Kumer Shaha,0
2026-03-31,2026,Mar,North,Dhaka,Palli Tower,0
2026-03-31,2026,Mar,North East,Moulvibazar,Paul Traders,0
2026-03-31,2026,Mar,Dhaka,Dhaka,Pioneer Location Ltd.,4
2026-03-31,2026,Mar,Dhaka,Dhaka,Popular Enterprise,31
2026-03-31,2026,Mar,North,Rangpur,Prince Enterprise,0
2026-03-31,2026,Mar,North,Tangail,Prince Steel,69
2026-03-31,2026,Mar,North,Bogura,Priti Traders (Bogra),0
2026-03-31,2026,Mar,North,Tangail,Prodhan Traders,0
2026-03-31,2026,Mar,North East,Chandpur,Rabbi Traders,0
2026-03-31,2026,Mar,North,Tangail,Rafik and Brothers - Joypurhat,0
2026-03-31,2026,Mar,North East,Jamalpur,Rahi Trade,0
2026-03-31,2026,Mar,North East,Narsingdi,Rahman Steel House,114
2026-03-31,2026,Mar,South,Shariatpur,Raju Enterprise,0
2026-03-31,2026,Mar,North,Gaibandha,Raju Traders,0
2026-03-31,2026,Mar,South,Jashore,Raju Zakir Enterprise,0
2026-03-31,2026,Mar,North East,Brahmanbaria,R. A Khan Properties,0
2026-03-31,2026,Mar,South,Narail,Rakhi Enterprise,0
2026-03-31,2026,Mar,North,Tangail,Rasel Store,0
2026-03-31,2026,Mar,South,Madaripur,Rashed Enterprise (Madaripur),0
2026-03-31,2026,Mar,South,Jashore,Razzaque Steel House,105
2026-03-31,2026,Mar,South,Patuakhali,Rema Enterprise,26
2026-03-31,2026,Mar,North East,Kishoreganj,Renu Traders,43
2026-03-31,2026,Mar,North,Panchagarh,Riad Traders-Panchagor,0
2026-03-31,2026,Mar,South,Kushtia,R.I and Co.,0
2026-03-31,2026,Mar,North,Tangail,Riaz Uddin Traders,0
2026-03-31,2026,Mar,North,Tangail,Ridoy Enterprise- Tangail,0
2026-03-31,2026,Mar,Dhaka,Gazipur,Ridwan Traders,21
2026-03-31,2026,Mar,North,Tangail,Rina Construction,0
2026-03-31,2026,Mar,South,Khulna,Riya Trading International,0
2026-03-31,2026,Mar,North,Tangail,R. K Traders,0
2026-03-31,2026,Mar,South,Satkhira,Rofiqul and Brothers,0
2026-03-31,2026,Mar,South,Khulna,Rokeya Traders,0
2026-03-31,2026,Mar,Dhaka,Dhaka,Rose Sweaters Ltd.,22
2026-03-31,2026,Mar,North,Gaibandha,Rosid Traders,0
2026-03-31,2026,Mar,South,Kushtia,R. Rahman Corporation,0
2026-03-31,2026,Mar,Dhaka,Narayanganj,R.S Enterprise,103
2026-03-31,2026,Mar,South,Madaripur,R. S Enterprise-Madaripur,0
2026-03-31,2026,Mar,North East,Sherpur,Rubel Enterprise,0
2026-03-31,2026,Mar,North,Dinajpur,Rumman Traders,0
2026-03-31,2026,Mar,North,Dinajpur,Runa Enterprise,0
2026-03-31,2026,Mar,South,Barishal,Sajid and Brothers,0
2026-03-31,2026,Mar,South,Patuakhali,Sajid Enterprise- Patuakhali,0
2026-03-31,2026,Mar,South,Kushtia,Salam and Sons,130
2026-03-31,2026,Mar,North East,Noakhali,Saleha Construction and Supplier,0
2026-03-31,2026,Mar,South,Kushtia,Saleha Traders,163
2026-03-31,2026,Mar,South,Madaripur,Sale Steel,26
2026-03-31,2026,Mar,South,Satkhira,Samannay Traders,0
2026-03-31,2026,Mar,North,Chapainawabganj,Sanaullah and Sons,0
2026-03-31,2026,Mar,North,Sirajganj,Sarkar Trading (Sirajgonj),0
2026-03-31,2026,Mar,North,Dinajpur,Sarker Brothers,0
2026-03-31,2026,Mar,South,Barishal,Satata Enterprise,0
2026-03-31,2026,Mar,South,Faridpur,Sathi Store,0
2026-03-31,2026,Mar,North,Pabna,S A Traders-Pabna,0
2026-03-31,2026,Mar,North East,Jamalpur,Sattar Traders,0
2026-03-31,2026,Mar,North,Rajshahi,SB Laboratories,0
2026-03-31,2026,Mar,South,Faridpur,S.B Traders - Faridpur,0
2026-03-31,2026,Mar,South,Shariatpur,Seba Trading Corporation,0
2026-03-31,2026,Mar,Dhaka,Dhaka,Selim Malik Traders,0
2026-03-31,2026,Mar,North,Panchagarh,Shaha Traders,0
2026-03-31,2026,Mar,North East,Mymensingh,Shahbuddin and Brothers,0
2026-03-31,2026,Mar,North East,Mymensingh,Shahin Enterprise,0
2026-03-31,2026,Mar,South,Jhenaidah,Shahin Traders,0
2026-03-31,2026,Mar,South,Narail,Shahin Traders - Narail,45
2026-03-31,2026,Mar,North,Rangpur,Shah Md Ashrafudulla,0
2026-03-31,2026,Mar,North East,Chandpur,Shakil Enterprise- Chandpur,0
2026-03-31,2026,Mar,South,Khulna,Shamim and Co,0
2026-03-31,2026,Mar,North East,Chandpur,Shamima Traders,0
2026-03-31,2026,Mar,South,Bhola,Shanaullah Enterprise,0
2026-03-31,2026,Mar,North,Rajshahi,Shanto Hardware,0
2026-03-31,2026,Mar,South,Khulna,Sharif and Co,0
2026-03-31,2026,Mar,South,Magura,Sharif Steel  Corner,13
2026-03-31,2026,Mar,South,Barguna,Sharmi Enterprise- Borguna,0
2026-03-31,2026,Mar,South,Gopalganj,Shawkat Hossain Mollah,0
2026-03-31,2026,Mar,North East,Mymensingh,Shayan Traders,0
2026-03-31,2026,Mar,South,Satkhira,Sheikh Brothers-Satkhira,0
2026-03-31,2026,Mar,North,Gaibandha,Shetu Traders- Gaibandha,0
2026-03-31,2026,Mar,Dhaka,Narayanganj,Shifat Enterprise-N.Ganj,55
2026-03-31,2026,Mar,South,Khulna,Shikder and Brothers,0
2026-03-31,2026,Mar,North East,Kishoreganj,Shimu Traders,0
2026-03-31,2026,Mar,South,Chuadanga,Shohag Enterprise,0
2026-03-31,2026,Mar,North,Natore,Shohug Machineries  and Traders,0
2026-03-31,2026,Mar,South,Bagerhat,Shotota Enterprise,0
2026-03-31,2026,Mar,North East,Brahmanbaria,Shuvo Enterprise (Ashuganj),0
2026-03-31,2026,Mar,South,Narail,Shuvo Enterprise - Norail,0
2026-03-31,2026,Mar,South,Jhenaidah,Siddique Cycle Store and Traders,0
2026-03-31,2026,Mar,North East,Sylhet,Siddiquey Construction,0
2026-03-31,2026,Mar,Dhaka,Dhaka,Sikder Enterprise (Keranigonj),44
2026-03-31,2026,Mar,South,Gopalganj,Sikder Traders-Goplagonj,0
2026-03-31,2026,Mar,North,Pabna,Sikder Traders (Pabna),66
2026-03-31,2026,Mar,North East,Cumilla,Silver Tiles and Sanitary,0
2026-03-31,2026,Mar,Dhaka,Manikganj,Singair Alfi Trade Link.,0
2026-03-31,2026,Mar,North,Dhaka,Sirajgonj Iron and Steel House,0
2026-03-31,2026,Mar,South,Dhaka,S.M Kamruzzaman,0
2026-03-31,2026,Mar,South,Narayanganj,Sonali Enterprise,0
2026-03-31,2026,Mar,North,Gaibandha,Sorif Traders,28
2026-03-31,2026,Mar,North,Nilphamari,Sourov Traders,39
2026-03-31,2026,Mar,North East,Jamalpur,S.R.S Construction,0
2026-03-31,2026,Mar,North,Thakurgaon,S. R. Traders,0
2026-03-31,2026,Mar,South,Bagerhat,S.R Traders -Bagerhat,0
2026-03-31,2026,Mar,South,Khulna,S. S. Syndicate,0
2026-03-31,2026,Mar,South,Satkhira,S S Traders,0
2026-03-31,2026,Mar,Dhaka,Gazipur,S T Enterprise,74
2026-03-31,2026,Mar,South,Jhenaidah,Suborna Traders,0
2026-03-31,2026,Mar,Dhaka,Gazipur,Suma Enterprise - Sofipur,78
2026-03-31,2026,Mar,South,Shariatpur,Sumon Enterprise,0
2026-03-31,2026,Mar,South,Khulna,Sumon Traders,0
2026-03-31,2026,Mar,South,Manikganj,Sundorban Hardware,0
2026-03-31,2026,Mar,North,Pabna,Swapan Traders,14
2026-03-31,2026,Mar,South,Jashore,Tahmina Enterprise,0
2026-03-31,2026,Mar,North,Thakurgaon,Tamanna Enterprise-Thakurgaon,0
2026-03-31,2026,Mar,South,Gopalganj,Tamim Enterprise,0
2026-03-31,2026,Mar,North,Rajshahi,Tariq  Enterprise,78
2026-03-31,2026,Mar,South,Narail,Tazmin Enterprise,13
2026-03-31,2026,Mar,Dhaka,Dhaka,The Barik Brothers,376
2026-03-31,2026,Mar,Dhaka,Dhaka,Three Star Co-Operative Multipurpose Ltd.,1
2026-03-31,2026,Mar,South,Patuakhali,Three Star Enterprise,0
2026-03-31,2026,Mar,Dhaka,Dhaka,"Tipu and Co.( Rayerbag, Jatrabari)",19
2026-03-31,2026,Mar,South,Meherpur,Tohmina Engineering Workshop,0
2026-03-31,2026,Mar,Dhaka,Dhaka,Trendy Textiles Ltd.,0
2026-03-31,2026,Mar,North East,Mymensingh,Tripti Steel Bitan,0
2026-03-31,2026,Mar,North,Rangpur,T.S.Enterprise(Rangpur),25
2026-03-31,2026,Mar,North,Sirajganj,Ullapara Variety Store,12
2026-03-31,2026,Mar,South,Jhenaidah,Unique Construction,0
2026-03-31,2026,Mar,South,Khulna,Unique International,0
2026-03-31,2026,Mar,North East,Netrokona,Vodra Traders,0
2026-03-31,2026,Mar,Dhaka,Manikganj,Wazuddin Traders,70
2026-03-31,2026,Mar,North East,Sylhet,Windsor Hotel & Resorts Ltd.,0
2026-03-31,2026,Mar,North East,Noakhali,Yeasin Traders,0
2026-03-31,2026,Mar,Dhaka,Narayanganj,York  Composite Ltd,0
2026-03-31,2026,Mar,Dhaka,Narayanganj,York Fashion Ltd.,0
2026-03-31,2026,Mar,Dhaka,Dhaka,Younus Traders,0
2026-03-31,2026,Mar,South,Bhola,Zabbar Biswas Traders,26
2026-03-31,2026,Mar,Dhaka,Dhaka,Zaman Traders ( Savar),63
2026-04-30,2026,Apr,North East,Narsingdi,3D Comet Design & Consultant,0
2026-04-30,2026,Apr,North,Lalmonirhat,Abdul Hakim,0
2026-04-30,2026,Apr,North,Tangail,Abdul Malek - Rangpur,0
2026-04-30,2026,Apr,North,Dinajpur,Abdur Rauf-Dinajpur,0
2026-04-30,2026,Apr,South,Khulna,Abdur Razzak Aziz- Khulna,81
2026-04-30,2026,Apr,South,Shariatpur,Abdus Salam Farazi,0
2026-04-30,2026,Apr,North East,Sylhet,Abdus Shohid Construction,0
2026-04-30,2026,Apr,Dhaka,Dhaka,Abir Enterprise,26
2026-04-30,2026,Apr,North,Bogura,ABK Krishi Beez Himagar,0
2026-04-30,2026,Apr,South,Pirojpur,A.B.L.Builders,0
2026-04-30,2026,Apr,North,Pabna,Abul Hossain Traders,13
2026-04-30,2026,Apr,South,Barguna,Agrani Traders,14
2026-04-30,2026,Apr,South,Khulna,Ahad Enterprise,0
2026-04-30,2026,Apr,North East,Narsingdi,Ahasan Store,0
2026-04-30,2026,Apr,North,Chapainawabganj,Ahmed Store- C. Gonj,0
2026-04-30,2026,Apr,North,Bogura,Ahmed Traders-Bogra,0
2026-04-30,2026,Apr,North,Pabna,Ahsan Trading,0
2026-04-30,2026,Apr,North East,Dhaka,AK Developers Ltd.,0
2026-04-30,2026,Apr,North East,Sylhet,A.K Enterprise (Sylhet),0
2026-04-30,2026,Apr,Dhaka,Dhaka,Akhter Traders,6
2026-04-30,2026,Apr,North,Bogura,Akkash Ali Traders,0
2026-04-30,2026,Apr,North,Bogura,Alam and Brothers,0
2026-04-30,2026,Apr,South,Patuakhali,Al-Amin Traders-Patuakhali,0
2026-04-30,2026,Apr,North,Tangail,Alam Motors,0
2026-04-30,2026,Apr,South,Faridpur,Al-Bagdad Iron Steel- Faridpur,0
2026-04-30,2026,Apr,Dhaka,Dhaka,Al Baraka Steel Corporation- Mirpur,5
2026-04-30,2026,Apr,North East,Brahmanbaria,Al Ekram Traders,0
2026-04-30,2026,Apr,North,Rangpur,Alhaj Atiar Rahman,0
2026-04-30,2026,Apr,North,Dinajpur,Al Haj Traders,70
2026-04-30,2026,Apr,North East,Feni,Al Haj Zakir Enterprise,0
2026-04-30,2026,Apr,South,Bagerhat,Allahardan Enterprise-Bagerhat,0
2026-04-30,2026,Apr,South,Satkhira,Allahardan  Hardware,0
2026-04-30,2026,Apr,South,Satkhira,Allahar Dan Iron Store,0
2026-04-30,2026,Apr,North,Rajshahi,Al Manar Steel,116
2026-04-30,2026,Apr,Dhaka,Dhaka,Aman  Steel Corporation,26
2026-04-30,2026,Apr,North East,Jamalpur,Amena Enterprise-Jamalpur,0
2026-04-30,2026,Apr,Dhaka,Dhaka,Amin and Brother,4
2026-04-30,2026,Apr,South,Bagerhat,Amin Enterprise,0
2026-04-30,2026,Apr,South,Shariatpur,Amin Store,0
2026-04-30,2026,Apr,North East,Jamalpur,Amin Traders,0
2026-04-30,2026,Apr,South,Dhaka,Aminul Islam- Kustia,0
2026-04-30,2026,Apr,North,Tangail,Anny Construction,0
2026-04-30,2026,Apr,South,Satkhira,Anowar Trading,0
2026-04-30,2026,Apr,South,Rajbari,Anupam Nirmata,20
2026-04-30,2026,Apr,South,Rajbari,Anwar Traders,13
2026-04-30,2026,Apr,Dhaka,Dhaka,Arafah Development and Builders Ltd.,5
2026-04-30,2026,Apr,Dhaka,Dhaka,Arafat Trading,0
2026-04-30,2026,Apr,South,Khulna,Arafat Trading - Khulna,0
2026-04-30,2026,Apr,Dhaka,Narayanganj,AR Building Design and Construction,21
2026-04-30,2026,Apr,Dhaka,Dhaka,A.R Corporation,44
2026-04-30,2026,Apr,North East,Dhaka,ARF Trading International,0
2026-04-30,2026,Apr,Dhaka,Gazipur,Arifa Enterprise,62
2026-04-30,2026,Apr,South,Meherpur,Arif Enterprise,0
2026-04-30,2026,Apr,North,Sirajganj,Ariful Islam Traders,0
2026-04-30,2026,Apr,Dhaka,Dhaka,Arowa Traders,622
2026-04-30,2026,Apr,North,Dhaka,A.R. Trading (Rangpur),0
2026-04-30,2026,Apr,Dhaka,Gazipur,Ashik Traders,45
2026-04-30,2026,Apr,South,Barguna,Ashraful Enterprise,0
2026-04-30,2026,Apr,North,Dinajpur,Asma Traders,0
2026-04-30,2026,Apr,North East,Cumilla,A.Wohab and Sons,0
2026-04-30,2026,Apr,North East,Feni,Ayesha Enterprise,0
2026-04-30,2026,Apr,South,Shariatpur,Azad Traders - Soriotpur,0
2026-04-30,2026,Apr,North East,Chandpur,Aziz Brothers,0
2026-04-30,2026,Apr,South,Jhenaidah,Azizul Haque,0
2026-04-30,2026,Apr,North East,Chandpur,Bablu and Brothers,0
2026-04-30,2026,Apr,South,Barishal,Barishal Iron House,13
2026-04-30,2026,Apr,North,Tangail,Basail Trading House,0
2026-04-30,2026,Apr,North East,Jamalpur,Bashonti Traders,0
2026-04-30,2026,Apr,North,Rangpur,Bengal and Company,42
2026-04-30,2026,Apr,South,Jashore,Bhai Bhai Enterprise,0
2026-04-30,2026,Apr,South,Madaripur,Bhai Bhai Traders - Madaripur,0
2026-04-30,2026,Apr,North,Kurigram,Bhai Bhai Trading,39
2026-04-30,2026,Apr,Dhaka,Gazipur,Bhai Bhon Enterprise,22
2026-04-30,2026,Apr,North,Tangail,Bhuiyan Traders- Mirzapur,0
2026-04-30,2026,Apr,South,Bagerhat,Bismillah Enterprise-Bagerhat,0
2026-04-30,2026,Apr,South,Magura,Bismillah Steel Corner,0
2026-04-30,2026,Apr,South,Khulna,Bismillah Steel House,0
2026-04-30,2026,Apr,Dhaka,Dhaka,Bismillah Traders-Dhaka,322
2026-04-30,2026,Apr,North East,Narsingdi,Bismillah Traders -Narsingdi,0
2026-04-30,2026,Apr,South,Satkhira,Bismillah Traders-Satkhira,0
2026-04-30,2026,Apr,North,Sirajganj,Borsha Enterprise,0
2026-04-30,2026,Apr,South,Dhaka,BRB Cable Industries Ltd. (Dr.),0
2026-04-30,2026,Apr,South,Kushtia,Bristy Traders,0
2026-04-30,2026,Apr,South,Chuadanga,Brothers Traders,52
2026-04-30,2026,Apr,Dhaka,Dhaka,Capital Builders,61
2026-04-30,2026,Apr,North East,Chandpur,Chandpur Real Estate,0
2026-04-30,2026,Apr,South,Patuakhali,Choudhory Enterprise,0
2026-04-30,2026,Apr,South,Patuakhali,Chowa Traders,0
2026-04-30,2026,Apr,North East,Sylhet,Chowdhury Trading,0
2026-04-30,2026,Apr,North,Tangail,Chunailal Traders,0
2026-04-30,2026,Apr,North East,Mymensingh,Community Health Foundation Bangladesh,30
2026-04-30,2026,Apr,North,Tangail,Das Traders,0
2026-04-30,2026,Apr,South,Gopalganj,Delwar and Brothers - Gopalgonj,0
2026-04-30,2026,Apr,North East,Feni,Desh Agency,0
2026-04-30,2026,Apr,South,Kushtia,Dhaka Steel,52
2026-04-30,2026,Apr,North,Pabna,Dhaka Steel King,26
2026-04-30,2026,Apr,Dhaka,Gazipur,Dhaka Trade Centre,67
2026-04-30,2026,Apr,North,Naogaon,Dipak Kumar Deb,0
2026-04-30,2026,Apr,Dhaka,Dhaka,Dipti Traders,38
2026-04-30,2026,Apr,North,Pabna,D.K Traders,0
2026-04-30,2026,Apr,North East,Chandpur,Doha Traders,13
2026-04-30,2026,Apr,North,Nilphamari,DOSHMILE TRADERS,0
2026-04-30,2026,Apr,North East,Mymensingh,Dulal Traders,0
2026-04-30,2026,Apr,North,Chapainawabganj,Emdadul Haque,0
2026-04-30,2026,Apr,South,Jhenaidah,Emon Enterprise,39
2026-04-30,2026,Apr,North,Dinajpur,Eng.Md.Mohsin Ali,0
2026-04-30,2026,Apr,North East,Cumilla,Engr. Shafiqul Islam Build and Consultancy,0
2026-04-30,2026,Apr,North East,Brahmanbaria,Eng. Suman Datta,0
2026-04-30,2026,Apr,Dhaka,Gazipur,Evan Enterprise,13
2026-04-30,2026,Apr,Dhaka,Dhaka,Fakir Chan Bepari and Sons,0
2026-04-30,2026,Apr,Dhaka,Dhaka,Fame Structure Ltd.,13
2026-04-30,2026,Apr,North,Kurigram,Farhad and Brothers,0
2026-04-30,2026,Apr,Dhaka,Dhaka,Farid Enterprise,0
2026-04-30,2026,Apr,Dhaka,Manikganj,Faruk and Brothers,94
2026-04-30,2026,Apr,South,Meherpur,Faruk Enterprise - Meherpur,0
2026-04-30,2026,Apr,Dhaka,Dhaka,Feni Traders,0
2026-04-30,2026,Apr,South,Meherpur,F.K Trade,0
2026-04-30,2026,Apr,North,Dhaka,F M Trading International,0
2026-04-30,2026,Apr,North East,Cumilla,FNF Steel,20
2026-04-30,2026,Apr,North East,Noakhali,Foyez Store,0
2026-04-30,2026,Apr,North East,Chattogram,Friends International,25
2026-04-30,2026,Apr,North East,Mymensingh,F.S Enterprise,105
2026-04-30,2026,Apr,North,Thakurgaon,Gallery Traders,0
2026-04-30,2026,Apr,South,Barishal,Gangashari Traders,0
2026-04-30,2026,Apr,North,Dinajpur,Gausheyz Ventores,0
2026-04-30,2026,Apr,Dhaka,Dhaka,Gawsia Enterprise,269
2026-04-30,2026,Apr,Dhaka,Gazipur,Giash Steel,49
2026-04-30,2026,Apr,South,Barguna,GM Ikfa Enterprise,0
2026-04-30,2026,Apr,North East,Cumilla,Grameen Traders,0
2026-04-30,2026,Apr,North East,Mymensingh,Greenland Developers (Pvt.)Ltd.,0
2026-04-30,2026,Apr,South,Faridpur,Habib Enterprise-Faridpur,118
2026-04-30,2026,Apr,Dhaka,Gazipur,Haji Enterprise - Gazipur,149
2026-04-30,2026,Apr,North,Dinajpur,Hamana Traders,0
2026-04-30,2026,Apr,North,Rangpur,Hamid and Sons,0
2026-04-30,2026,Apr,South,Jashore,Hamid Traders,0
2026-04-30,2026,Apr,South,Madaripur,Hamim International,0
2026-04-30,2026,Apr,North,Chapainawabganj,Hammad and Sons,0
2026-04-30,2026,Apr,South,Chuadanga,Hannan and Brothers-Chuadanga,0
2026-04-30,2026,Apr,North,Bogura,Hannan Traders,25
2026-04-30,2026,Apr,North East,Mymensingh,Haque and Brothers,0
2026-04-30,2026,Apr,South,Bhola,Haque and Sons-Bhola,0
2026-04-30,2026,Apr,South,Jhenaidah,Haque and Sons-Jhenaidah,0
2026-04-30,2026,Apr,North,Sirajganj,Haque Iron,0
2026-04-30,2026,Apr,North,Tangail,Harun Enterprise,159
2026-04-30,2026,Apr,South,Barishal,Hawlader Iron Store,0
2026-04-30,2026,Apr,North East,Brahmanbaria,Hazi Mobarak Traders,0
2026-04-30,2026,Apr,North,Dinajpur,Hera Traders,0
2026-04-30,2026,Apr,Dhaka,Dhaka,Hobigonj Traders,5
2026-04-30,2026,Apr,North,Dhaka,Hossain Construction ( Pvt ) Ltd,0
2026-04-30,2026,Apr,North East,Kishoreganj,Hossen Bhuiyan Steel House,0
2026-04-30,2026,Apr,South,Khulna,Howlader and Company,0
2026-04-30,2026,Apr,Dhaka,Dhaka,Howlader Enterprise,138
2026-04-30,2026,Apr,South,Jhalokati,Howlader Traders-Jhalokathi,0
2026-04-30,2026,Apr,Dhaka,Dhaka,H.S Corporation,0
2026-04-30,2026,Apr,North,Gaibandha,Humayan Kabir Traders-Gaibandha,0
2026-04-30,2026,Apr,South,Kushtia,Hymo International,0
2026-04-30,2026,Apr,North,Rangpur,Imarat Trading,27
2026-04-30,2026,Apr,South,Satkhira,Imarot Trading-Satkhira,0
2026-04-30,2026,Apr,North,Rangpur,Imperial Sanitary House,14
2026-04-30,2026,Apr,North East,Cumilla,Insaf Construction,0
2026-04-30,2026,Apr,South,Faridpur,Iron and Steel House,0
2026-04-30,2026,Apr,North East,Cumilla,Islam and Sons,0
2026-04-30,2026,Apr,North,Bogura,Islam Brothers-Bogura,0
2026-04-30,2026,Apr,South,Jashore,Islam Traders-Jessore,0
2026-04-30,2026,Apr,North,Tangail,I.V Methi Traders,0
2026-04-30,2026,Apr,South,Faridpur,Jahangir Store - Faridpur,0
2026-04-30,2026,Apr,South,Satkhira,Jaman Traders,0
2026-04-30,2026,Apr,North,Dhaka,Janata Enterprise- Sirajgonj,0
2026-04-30,2026,Apr,North,Dhaka,Janata Steel and Iron House,0
2026-04-30,2026,Apr,North,Bogura,J and Ma Enterprise,0
2026-04-30,2026,Apr,South,Faridpur,Jaseka Traders,86
2026-04-30,2026,Apr,North East,Noakhali,Jashim Steel House,45
2026-04-30,2026,Apr,North,Lalmonirhat,Jerin Enterprise,0
2026-04-30,2026,Apr,North East,Kishoreganj,Jesan Traders,0
2026-04-30,2026,Apr,South,Jashore,JesminSanitary and Iron Store,13
2026-04-30,2026,Apr,South,Narail,Jhorna Enterprise,0
2026-04-30,2026,Apr,South,Khulna,Joint Enterprise,0
2026-04-30,2026,Apr,North,Tangail,Joy Joya Enterprise,134
2026-04-30,2026,Apr,South,Shariatpur,Julhas and Brothers,0
2026-04-30,2026,Apr,North,Bogura,Kabir Traders-Bogra,0
2026-04-30,2026,Apr,North East,Cumilla,Kajol Enterprise,0
2026-04-30,2026,Apr,North East,Cumilla,Kalam and Sons,0
2026-04-30,2026,Apr,South,Faridpur,Kamarjani Traders,0
2026-04-30,2026,Apr,Dhaka,Gazipur,Kamrul Trading Corporation,40
2026-04-30,2026,Apr,South,Faridpur,Kamruzzaman Enterprise,0
2026-04-30,2026,Apr,South,Kushtia,Kanak Traders-Kustia,0
2026-04-30,2026,Apr,Dhaka,Gazipur,Kashem and Sons,73
2026-04-30,2026,Apr,North East,Noakhali,Kashem Traders (Noakhali),0
2026-04-30,2026,Apr,North,Kurigram,Khairul Enterprise,0
2026-04-30,2026,Apr,Dhaka,Dhaka,Khalid Trading Corporation,0
2026-04-30,2026,Apr,South,Jhalokati,Khan Builders,0
2026-04-30,2026,Apr,Dhaka,Dhaka,Khan Enterprise,224
2026-04-30,2026,Apr,North East,Lakshmipur,Khan Machineries Store,0
2026-04-30,2026,Apr,South,Khulna,Khan Traders -Khulna,28
2026-04-30,2026,Apr,South,Madaripur,Khan Traders- Madaripur,13
2026-04-30,2026,Apr,South,Madaripur,Khan Traders- Shibchor,0
2026-04-30,2026,Apr,North East,Chandpur,Khaza Variety Store,0
2026-04-30,2026,Apr,Dhaka,Gazipur,Khurshida Builders,150
2026-04-30,2026,Apr,South,Narail,King Builders,0
2026-04-30,2026,Apr,North,Rajshahi,Kismot Trading Corporation,0
2026-04-30,2026,Apr,South,Barishal,K K Enterprise,0
2026-04-30,2026,Apr,North,Dinajpur,Kobir Traders,0
2026-04-30,2026,Apr,North East,Mymensingh,K.S. Trading,0
2026-04-30,2026,Apr,North,Dinajpur,Kumor Uddin and Sons,0
2026-04-30,2026,Apr,North,Dinajpur,Kundu Brothers,0
2026-04-30,2026,Apr,South,Faridpur,Kustia Enterprise,0
2026-04-30,2026,Apr,South,Barishal,Layla Builders,0
2026-04-30,2026,Apr,South,Patuakhali,Lila Enterprise,0
2026-04-30,2026,Apr,North,Tangail,Liton Enterprise,0
2026-04-30,2026,Apr,North,Nilphamari,L.N Trading Co.,39
2026-04-30,2026,Apr,Dhaka,Dhaka,Longan Properties Ltd.,13
2026-04-30,2026,Apr,North East,Mymensingh,Lubaba  Enterprise,0
2026-04-30,2026,Apr,North East,Sylhet,Ludhi Steel Marchant,26
2026-04-30,2026,Apr,North East,Feni,Madani Traders,13
2026-04-30,2026,Apr,South,Shariatpur,Madbor Enterprise,14
2026-04-30,2026,Apr,North East,Netrokona,Mahabub Traders,0
2026-04-30,2026,Apr,Dhaka,Dhaka,Mahadi Design and Construction,14
2026-04-30,2026,Apr,North,Rajshahi,Mahamud Enterprise,0
2026-04-30,2026,Apr,North,Thakurgaon,Mahbub Enterprise,0
2026-04-30,2026,Apr,South,Jhenaidah,Mahir Trading,0
2026-04-30,2026,Apr,North East,Mymensingh,Mahi Traders,0
2026-04-30,2026,Apr,North,Dinajpur,Mahi Traders-Dinajpur,0
2026-04-30,2026,Apr,South,Jashore,Mahiya Kabir Corporation,47
2026-04-30,2026,Apr,North,Bogura,Mahmud Mahbub Traders,0
2026-04-30,2026,Apr,Dhaka,Dhaka,Makkah Traders,239
2026-04-30,2026,Apr,Dhaka,Gazipur,Mamun Enterprise-Gazipur,309
2026-04-30,2026,Apr,North East,Sylhet,Mamun Enterprise- Shylet,0
2026-04-30,2026,Apr,North,Pabna,Mamun Traders-Pabna,14
2026-04-30,2026,Apr,South,Kushtia,Mannan Hardware and Iron Store,0
2026-04-30,2026,Apr,Dhaka,Narayanganj,Mashin Corporation,0
2026-04-30,2026,Apr,North,Bogura,Master Traders (Shantahar),39
2026-04-30,2026,Apr,South,Barishal,Masud Enterprise,13
2026-04-30,2026,Apr,South,Madaripur,Mayer Doa Enterprise,0
2026-04-30,2026,Apr,North East,Netrokona,Mayer Doa Traders,0
2026-04-30,2026,Apr,South,Bagerhat,Media Enterprise,0
2026-04-30,2026,Apr,South,Shariatpur,M H Traders,0
2026-04-30,2026,Apr,North East,Cumilla,Mili Enterprise,8
2026-04-30,2026,Apr,Dhaka,Gazipur,Mim Enterprise,74
2026-04-30,2026,Apr,Dhaka,Dhaka,Misti Enterprise,26
2026-04-30,2026,Apr,North East,Jamalpur,Mizan and Son's,13
2026-04-30,2026,Apr,South,Jhalokati,M Khan Ltd.,0
2026-04-30,2026,Apr,North East,Mymensingh,M K Traders,0
2026-04-30,2026,Apr,Dhaka,Dhaka,Modina Steel Corporation,170
2026-04-30,2026,Apr,North East,Sherpur,Mofazzal Enterprise,71
2026-04-30,2026,Apr,South,Kushtia,Mokka Enterprise- Kustia,0
2026-04-30,2026,Apr,South,Magura,Molla Banijjo Vander,13
2026-04-30,2026,Apr,North East,Cumilla,Molla Traders- Comilla,25
2026-04-30,2026,Apr,South,Jashore,Mollik Enterprise-Khulna,0
2026-04-30,2026,Apr,North,Dinajpur,Mondol Traders - Dinajpur,0
2026-04-30,2026,Apr,North,Kurigram,Mondol Traders- Kurigram,0
2026-04-30,2026,Apr,North,Sirajganj,Mondol Traders- Sirajgonj,0
2026-04-30,2026,Apr,Dhaka,Dhaka,Monir Enterprise,39
2026-04-30,2026,Apr,North,Dinajpur,Monoj Kumar Mallick,0
2026-04-30,2026,Apr,North East,Brahmanbaria,Morsalin Traders,27
2026-04-30,2026,Apr,North East,Jamalpur,Morzina Steel House,0
2026-04-30,2026,Apr,South,Barishal,Moshiur Rahman Minto,0
2026-04-30,2026,Apr,North,Tangail,Mostafa Enterprise-Tangail,0
2026-04-30,2026,Apr,North,Rangpur,M.R Traders,0
2026-04-30,2026,Apr,South,Narail,M/S Abdul Hadi Traders,0
2026-04-30,2026,Apr,North,Naogaon,M/S Abdullah Traders,0
2026-04-30,2026,Apr,North,Sirajganj,M/S Abdus Samad Khan,0
2026-04-30,2026,Apr,North East,Cumilla,M/S Abedin Enterprise,0
2026-04-30,2026,Apr,South,Patuakhali,M/S. Abul Kalam Azad,0
2026-04-30,2026,Apr,North East,Narsingdi,M/S Adiat Traders,0
2026-04-30,2026,Apr,Dhaka,Dhaka,M/S Adil Enterprise,5
2026-04-30,2026,Apr,North,Pabna,M/S Adi Saha Trading,0
2026-04-30,2026,Apr,South,Satkhira,M/S. Afroz Enterprise,0
2026-04-30,2026,Apr,North,Dinajpur,M/S Aftabganj Hardware Store,0
2026-04-30,2026,Apr,South,Rajbari,M/S Al-Amin Traders,0
2026-04-30,2026,Apr,North,Nilphamari,M/S. Al Amin Traders-Nilphamary,0
2026-04-30,2026,Apr,North East,Netrokona,M/S Alam Traders,0
2026-04-30,2026,Apr,North,Dinajpur,M/S. Alhaj Traders-Dinajpur,0
2026-04-30,2026,Apr,South,Shariatpur,M/S Aliuzzaman Mir Malot,0
2026-04-30,2026,Apr,Dhaka,Gazipur,M/S Al-Madina Enterprise,0
2026-04-30,2026,Apr,South,Kushtia,M/S. Al-Nobi Hardware & Sanitary,0
2026-04-30,2026,Apr,North East,Noakhali,M/S Anisha Enterprise,0
2026-04-30,2026,Apr,North East,Chandpur,M/S.Anisha Multi Trade,13
2026-04-30,2026,Apr,North,Sirajganj,M/S Anowar Enterprise,0
2026-04-30,2026,Apr,South,Barguna,M/S. Anower Brick,0
2026-04-30,2026,Apr,Dhaka,Gazipur,M/S Arif Traders,23
2026-04-30,2026,Apr,South,Faridpur,M/S Asraf  and Sons,13
2026-04-30,2026,Apr,South,Jhenaidah,M/S. Astha Builders,0
2026-04-30,2026,Apr,South,Barguna,M/S Ayaan Traders,20
2026-04-30,2026,Apr,South,Jashore,M/S Ayesha Steel Corporation,0
2026-04-30,2026,Apr,South,Patuakhali,M/S. Azad Enterprise,0
2026-04-30,2026,Apr,South,Jashore,M/S Azim Shah Traders,6
2026-04-30,2026,Apr,South,Jashore,M/S Babu Traders,13
2026-04-30,2026,Apr,South,Magura,M/S Bali Construction,0
2026-04-30,2026,Apr,South,Chuadanga,M/S. Bani Traders,0
2026-04-30,2026,Apr,Dhaka,Dhaka,M/S Bepari Traders,0
2026-04-30,2026,Apr,South,Rajbari,M/S Bepari Traders - Rajbari,0
2026-04-30,2026,Apr,Dhaka,Dhaka,M/S Bhai Bhai Traders and Engineering Works,4
2026-04-30,2026,Apr,North,Dinajpur,M/S. Bhai Bhai Traders (Dinajpur),0
2026-04-30,2026,Apr,North East,Cumilla,M/S Bhuiyan Traders-Cumilla,0
2026-04-30,2026,Apr,North East,Noakhali,M/S Bhuiyan Traders-Noakhali,0
2026-04-30,2026,Apr,North East,Chandpur,MS.Billal Traders-Chandpur,0
2026-04-30,2026,Apr,Dhaka,Manikganj,M/S Bismillah Enterprise(Manikgonj),5
2026-04-30,2026,Apr,Dhaka,Dhaka,M/S Bismillah Enterprise (Sobujbagh),109
2026-04-30,2026,Apr,North East,Mymensingh,M/S Bismillah Hardware and Glass House,0
2026-04-30,2026,Apr,North East,Kishoreganj,M/S Bismillah Traders- Bhairob,0
2026-04-30,2026,Apr,North East,Kishoreganj,M/S Bismillah Traders-Mymensing,0
2026-04-30,2026,Apr,North,Naogaon,M/S. Bismillha Traders-Naoga,0
2026-04-30,2026,Apr,South,Jhenaidah,M/S Bondhu Enterprise,52
2026-04-30,2026,Apr,North,Sherpur,M/S. Bondhu Enterprise-Bogra,0
2026-04-30,2026,Apr,South,Bhola,M/S Bushra Construction,0
2026-04-30,2026,Apr,North,Bogura,M/S. Bushra Traders,126
2026-04-30,2026,Apr,South,Jashore,M/S Chitra Trading,82
2026-04-30,2026,Apr,South,Madaripur,M/S City Build Trade,79
2026-04-30,2026,Apr,North,Lalmonirhat,M/s Dhorla Trading,0
2026-04-30,2026,Apr,South,Jashore,M/S. Dipro Enterprise,0
2026-04-30,2026,Apr,South,Faridpur,M/S. Durgapur Hi Tech,0
2026-04-30,2026,Apr,North East,Narsingdi,M/S Easy Builders,0
2026-04-30,2026,Apr,South,Khulna,M/S. Elina Enterprise,0
2026-04-30,2026,Apr,South,Pirojpur,M/S Emon Enterprise,0
2026-04-30,2026,Apr,North East,Dhaka,M/S. Engineer Builders,30
2026-04-30,2026,Apr,North East,Cumilla,M/S. Faisal Enterprise,0
2026-04-30,2026,Apr,South,Gopalganj,M/S Fakir and Sons,0
2026-04-30,2026,Apr,South,Satkhira,M/S Faruk Traders-Sathkhira,0
2026-04-30,2026,Apr,South,Meherpur,M/S. Fojilatun Nesha &Sons,0
2026-04-30,2026,Apr,South,Barishal,M/S Forkan Traders,0
2026-04-30,2026,Apr,South,Gopalganj,M/S Friends Enterprise,0
2026-04-30,2026,Apr,North East,Cumilla,M/S Gaji Hardware,0
2026-04-30,2026,Apr,North,Naogaon,M/S Gitanjoli Traders,13
2026-04-30,2026,Apr,North,Kurigram,M/S. G.M Enterprise,0
2026-04-30,2026,Apr,Dhaka,Dhaka,M/S. Hailmi Enterprise,10
2026-04-30,2026,Apr,South,Bhola,M/S Haji Traders,15
2026-04-30,2026,Apr,North East,Cumilla,M/S Hanif Enterprise,0
2026-04-30,2026,Apr,Dhaka,Dhaka,M/S Haque and Hasan Traders,10
2026-04-30,2026,Apr,North East,Feni,M/S Haque Enterprise,0
2026-04-30,2026,Apr,North East,Brahmanbaria,M/S. Hasan Enterprise,13
2026-04-30,2026,Apr,South,Satkhira,M/S. Hasan Traders-Satkhira,0
2026-04-30,2026,Apr,North,Dinajpur,M/S Hashem Traders,14
2026-04-30,2026,Apr,South,Shariatpur,M/S. Hawlader Enterprise-Sariatpur,0
2026-04-30,2026,Apr,North East,Dhaka,M/S Hazi Abdul Khalique  & Son's,0
2026-04-30,2026,Apr,Dhaka,Dhaka,M/S Hazi Sarif Munshi Traders,15
2026-04-30,2026,Apr,South,Madaripur,M/S. Hazi Traders- Madaripur,0
2026-04-30,2026,Apr,North East,Jamalpur,M/S HEMENDRA CHANDRA SINGH,0
2026-04-30,2026,Apr,North East,Noakhali,M/S Hoque and Brothers (Noakhali),0
2026-04-30,2026,Apr,South,Bhola,M/S H Rahman and Sons,26
2026-04-30,2026,Apr,Dhaka,Narayanganj,M/S Ichapuri Cement House,0
2026-04-30,2026,Apr,North East,Cumilla,M/S Islamia Enterprise and Dorja Gallery,0
2026-04-30,2026,Apr,South,Patuakhali,M/S.Islamia Traders,0
2026-04-30,2026,Apr,South,Jashore,M/S Islam Traders- Keshabpur,0
2026-04-30,2026,Apr,North,Tangail,M/S. Islam Traders- Sirajgonj,0
2026-04-30,2026,Apr,North,Naogaon,M/S. IT Construction,0
2026-04-30,2026,Apr,North East,Lakshmipur,M/S Jahir Enterprise,0
2026-04-30,2026,Apr,Dhaka,Dhaka,M/S Jalil Steel and Engineering,11
2026-04-30,2026,Apr,South,Patuakhali,M/S.Jamal Traders,0
2026-04-30,2026,Apr,North,Tangail,M/S.Jannath Enterprise,13
2026-04-30,2026,Apr,North East,Jamalpur,M/S. Jibon Traders,0
2026-04-30,2026,Apr,South,Jashore,M/S Johir Enterprise,0
2026-04-30,2026,Apr,South,Meherpur,M/S Jony Enterprise -Meherpur,0
2026-04-30,2026,Apr,South,Jhenaidah,M/S Kafi Traders,0
2026-04-30,2026,Apr,South,Barguna,M/S. Kamal Enterprise,0
2026-04-30,2026,Apr,North,Panchagarh,M/S Kamlesh Traders,0
2026-04-30,2026,Apr,Dhaka,Dhaka,M/S Kamona Traders,12
2026-04-30,2026,Apr,South,Barguna,M/S. Karim Builders,34
2026-04-30,2026,Apr,North,Tangail,M/S. Khalekujjaman Traders,0
2026-04-30,2026,Apr,South,Faridpur,M/S Khan Enterprise-Faridpur,0
2026-04-30,2026,Apr,Dhaka,Gazipur,M/S Khan Enterprise-Kaligonj,33
2026-04-30,2026,Apr,North,Dinajpur,M/S. Khan Enterprises- Dinajpur,0
2026-04-30,2026,Apr,North,Tangail,M/S Khan Traders-Tangail,0
2026-04-30,2026,Apr,South,Faridpur,M/S Khaza Traders,29
2026-04-30,2026,Apr,North East,Cumilla,M/S. Khokon Enterprise,0
2026-04-30,2026,Apr,North,Thakurgaon,M/S. Kibriya Enterprise,0
2026-04-30,2026,Apr,North East,Cumilla,M/S-Laksam Trading Corporation,140
2026-04-30,2026,Apr,Dhaka,Manikganj,M/S Latif Traders,5
2026-04-30,2026,Apr,South,Gopalganj,M/S Linkon Enterprise,13
2026-04-30,2026,Apr,North,Natore,M/s Liton Enterprise,0
2026-04-30,2026,Apr,North East,Narsingdi,M/S. Liza Traders,0
2026-04-30,2026,Apr,Dhaka,Dhaka,M/S. Maa Enterprise,58
2026-04-30,2026,Apr,South,Barishal,M/S. Mahabub Traders,39
2026-04-30,2026,Apr,Dhaka,Gazipur,M/S. Mainul Traders,110
2026-04-30,2026,Apr,North East,Brahmanbaria,M/S. Malek and Sons,0
2026-04-30,2026,Apr,North East,Lakshmipur,M/S Ma Metal,0
2026-04-30,2026,Apr,North,Dhaka,M/S. Manobendro Das,0
2026-04-30,2026,Apr,Dhaka,Dhaka,M/S. Marks Trading,0
2026-04-30,2026,Apr,South,Jhalokati,M/S Mary Suppliers and Mary Bricks,14
2026-04-30,2026,Apr,South,Bhola,M/S. Masaallah Traders,0
2026-04-30,2026,Apr,South,Khulna,M/S. M. A Traders (Dr.),0
2026-04-30,2026,Apr,Dhaka,Gazipur,M/S Mawna Builders,42
2026-04-30,2026,Apr,North,Tangail,M/S Maya Traders,0
2026-04-30,2026,Apr,South,Satkhira,M/S. Mayer Doa Sanitary and Anwar Sheet Enterprise,13
2026-04-30,2026,Apr,North,Bogura,M/S. Mayer Doya Variety Store,0
2026-04-30,2026,Apr,Dhaka,Gazipur,M/s Midul Enterprise,38
2026-04-30,2026,Apr,South,Kushtia,M/S Mim Traders-Kustia,0
2026-04-30,2026,Apr,South,Patuakhali,M/S Mizan Enterprise,42
2026-04-30,2026,Apr,South,Chuadanga,M/S Mizan Traders,0
2026-04-30,2026,Apr,Dhaka,Manikganj,M/S Mobarak Timber and Bricks Traders (Manikgonj),5
2026-04-30,2026,Apr,South,Faridpur,M/S Modina Traders,0
2026-04-30,2026,Apr,North East,Noakhali,M/S. Mokka Enterprise- Noakhali,0
2026-04-30,2026,Apr,North East,Narsingdi,M/S Mollah Enterprise-Narsingdi,0
2026-04-30,2026,Apr,North,Rajshahi,M/S. Mollah Enterprise-Rajshahi,0
2026-04-30,2026,Apr,North East,Cumilla,M/S Molla Traders-Chouddogram,0
2026-04-30,2026,Apr,South,Gopalganj,M/S Molla Traders-Gopalgonj,0
2026-04-30,2026,Apr,North,Bogura,M/S. Mondol Traders-Shibgonj,0
2026-04-30,2026,Apr,North,Tangail,M/S. Monira Enterprise,0
2026-04-30,2026,Apr,North,Dhaka,M/S Moon Traders- Sirajgonj,0
2026-04-30,2026,Apr,South,Barguna,M/S. Mridha Traders,0
2026-04-30,2026,Apr,North East,Netrokona,M/S-M.S Traders,0
2026-04-30,2026,Apr,North,Bogura,M/S. Mukta Traders,0
2026-04-30,2026,Apr,North East,Noakhali,M/S.Muldhara Trading,31
2026-04-30,2026,Apr,South,Pirojpur,M/S Nahar Enterprise- Pirojpur,0
2026-04-30,2026,Apr,South,Shariatpur,M/S Nayeem Enterprise,0
2026-04-30,2026,Apr,North,Tangail,M/S. Nazmul Enterprise,0
2026-04-30,2026,Apr,North East,Cumilla,M/S. Nazrul Traders,0
2026-04-30,2026,Apr,South,Pirojpur,M/S New Hope Traders,53
2026-04-30,2026,Apr,South,Gopalganj,M/S. New Sikder Traders,0
2026-04-30,2026,Apr,South,Satkhira,M/s Nirala Trader's,0
2026-04-30,2026,Apr,South,Madaripur,M/s Nirman,0
2026-04-30,2026,Apr,South,Barguna,M/s. Nur-E-Madina Trading,0
2026-04-30,2026,Apr,South,Faridpur,M/S Nur Mahidi Nerman Vander,65
2026-04-30,2026,Apr,South,Pirojpur,M/S Oishani Enterprise,0
2026-04-30,2026,Apr,Dhaka,Dhaka,M/S Osman Steel Corporation,31
2026-04-30,2026,Apr,North East,Lakshmipur,M/S Parvez Enterprise,12
2026-04-30,2026,Apr,North,Naogaon,M/S Parvez Trading-Naogaon,98
2026-04-30,2026,Apr,North,Dinajpur,M/S Popular Steel,0
2026-04-30,2026,Apr,South,Gopalganj,M/s Porosh Enterprise,70
2026-04-30,2026,Apr,North East,Cumilla,MS.Probashi G.I. Enterpries.,0
2026-04-30,2026,Apr,North,Dhaka,M/S. Purabi Traders,0
2026-04-30,2026,Apr,North,Pabna,M/S Rafiq Enterprise,0
2026-04-30,2026,Apr,South,Narail,M/S Rahit Ruchi Enterprise,0
2026-04-30,2026,Apr,Dhaka,Narayanganj,M/S Rahmania Enterprise,380
2026-04-30,2026,Apr,South,Chuadanga,M/S Rahman Traders,0
2026-04-30,2026,Apr,North East,Narsingdi,M/S Rahman Traders-Norsingdi,0
2026-04-30,2026,Apr,South,Jashore,M/S Raisa Enterprise,0
2026-04-30,2026,Apr,North,Thakurgaon,M/S. Raju Ceramic & Sanitary,0
2026-04-30,2026,Apr,Dhaka,Gazipur,M/S Rana Enterprise,59
2026-04-30,2026,Apr,North,Panchagarh,M/S. Rashad Traders,0
2026-04-30,2026,Apr,Dhaka,Dhaka,M/S. Rayhan Enterprise,43
2026-04-30,2026,Apr,Dhaka,Gazipur,M/S R.B Steel and Co.,176
2026-04-30,2026,Apr,North,Natore,M/S. Reza Enterprise,0
2026-04-30,2026,Apr,North,Pabna,M/S.Reza Enterprise-Pabna,13
2026-04-30,2026,Apr,North,Dinajpur,M/S Ripon Traders,0
2026-04-30,2026,Apr,South,Jashore,M/S R M Traders,0
2026-04-30,2026,Apr,North,Rangpur,M/S Rohima Traders,0
2026-04-30,2026,Apr,North,Panchagarh,M/S Rostom and Sons,0
2026-04-30,2026,Apr,North East,Cumilla,M/S. RS Hardware,0
2026-04-30,2026,Apr,Dhaka,Gazipur,M/S Sadar Builders,0
2026-04-30,2026,Apr,North,Tangail,M/S Sadia and Samia Traders,0
2026-04-30,2026,Apr,North,Panchagarh,M/S. Sadik Enterprise,0
2026-04-30,2026,Apr,South,Khulna,M/S. Safwan Corporation,0
2026-04-30,2026,Apr,North,Thakurgaon,M/S. Sahi-Imran Traders,0
2026-04-30,2026,Apr,Dhaka,Narayanganj,M/S Saif Traders,32
2026-04-30,2026,Apr,North,Pabna,M/S Samir Traders,27
2026-04-30,2026,Apr,South,Barishal,M/S Saown Traders,13
2026-04-30,2026,Apr,South,Barishal,M/S Sazib Trading,0
2026-04-30,2026,Apr,North,Bogura,M/S Sazid Traders,0
2026-04-30,2026,Apr,South,Madaripur,M/S Selim Enterprise and Steel,13
2026-04-30,2026,Apr,South,Patuakhali,M/S.Serajul Haque,0
2026-04-30,2026,Apr,North,Rangpur,M/S. Shafi Trading,0
2026-04-30,2026,Apr,South,Faridpur,M/S Shah Farid Nirman Vander,0
2026-04-30,2026,Apr,Dhaka,Gazipur,M/S Shahin Enterprise,7
2026-04-30,2026,Apr,North,Kurigram,M/S. Shaju Hardware,0
2026-04-30,2026,Apr,South,Jhenaidah,M/S Shamim Steel Corner,104
2026-04-30,2026,Apr,South,Shariatpur,M/S Shamim Traders-Sariatpur,0
2026-04-30,2026,Apr,South,Jhalokati,M/S Shampa Construction,0
2026-04-30,2026,Apr,North,Nilphamari,M/S. Sharif Construction Center,0
2026-04-30,2026,Apr,South,Gopalganj,M/S. Sharif Enterprise,0
2026-04-30,2026,Apr,South,Pirojpur,M/S. Shikder Enterprise-Pirojpur,0
2026-04-30,2026,Apr,South,Magura,M/S Shohag Enterprise-Satkhira,0
2026-04-30,2026,Apr,North,Sirajganj,M/s Shohan Iron and Steel House.,42
2026-04-30,2026,Apr,North,Thakurgaon,M/S. Shovon Traders,0
2026-04-30,2026,Apr,South,Khulna,M/S Showrov Enterprise,0
2026-04-30,2026,Apr,South,Narail,M/S. Sikdar Enterprise- Norail,13
2026-04-30,2026,Apr,North,Dinajpur,M/S. Sohidul Traders,0
2026-04-30,2026,Apr,South,Faridpur,M/S Sony Vander,0
2026-04-30,2026,Apr,North,Thakurgaon,M/S. Sulov Lauho Bitan,0
2026-04-30,2026,Apr,North,Chapainawabganj,M/S Sweet Enterprise,0
2026-04-30,2026,Apr,South,Rajbari,M/S Tahsin Hardware,0
2026-04-30,2026,Apr,Dhaka,Gazipur,M/S Takhiya Enterprise,0
2026-04-30,2026,Apr,South,Gopalganj,M/S Tasnim Enterprise,0
2026-04-30,2026,Apr,North,Thakurgaon,M/S. Tin Vai Enterprise,0
2026-04-30,2026,Apr,North,Sirajganj,M/S Tisha Enterprise,0
2026-04-30,2026,Apr,South,Bagerhat,M/S Tonmoy Traders,0
2026-04-30,2026,Apr,Dhaka,Gazipur,M/S. Tosher Enterprise,27
2026-04-30,2026,Apr,North,Panchagarh,M/S Vai Vai Traders-Panchagor,0
2026-04-30,2026,Apr,South,Bhola,M/S. Yakub Traders,0
2026-04-30,2026,Apr,South,Chuadanga,M/S - Younus Hardware,13
2026-04-30,2026,Apr,North,Rangpur,M/S. Zaman Traders-Rangpur,164
2026-04-30,2026,Apr,Dhaka,Dhaka,M/S Zam Zam Trading (Dhaka),14
2026-04-30,2026,Apr,North,Rangpur,M/S Zast Traders,0
2026-04-30,2026,Apr,South,Satkhira,M/S Zia Traders,0
2026-04-30,2026,Apr,Dhaka,Dhaka,Munshigonj Steel House,32
2026-04-30,2026,Apr,South,Jashore,M. Zaman Enterprise,0
2026-04-30,2026,Apr,South,Madaripur,Nabila Traders (Madaripur),0
2026-04-30,2026,Apr,North,Pabna,"Nabi Traders (Ishawrdi,  Pabna)",26
2026-04-30,2026,Apr,Dhaka,Dhaka,Nahar Steel,120
2026-04-30,2026,Apr,Dhaka,Dhaka,Nal Gulf Construction and Properties,0
2026-04-30,2026,Apr,North,Lalmonirhat,Narsingdi Enterprise,0
2026-04-30,2026,Apr,Dhaka,Dhaka,Nasrin Enterprise,17
2026-04-30,2026,Apr,Dhaka,Dhaka,Nation Tech Communications Limited,0
2026-04-30,2026,Apr,Dhaka,Dhaka,Nayeef Trading Corporation,11
2026-04-30,2026,Apr,North,Kurigram,Nayeem Traders (Kurigram),0
2026-04-30,2026,Apr,South,Barishal,Nayem Enterprise,0
2026-04-30,2026,Apr,South,Jashore,Nayon and Chayon,0
2026-04-30,2026,Apr,South,Jhenaidah,Nazmul Traders- Jhenaidah,0
2026-04-30,2026,Apr,North,Rangpur,Need Construction,0
2026-04-30,2026,Apr,South,Khulna,New Bengal Store,0
2026-04-30,2026,Apr,South,Dhaka,New Era Manufacturing Ltd.,0
2026-04-30,2026,Apr,South,Barishal,New Hasina Enterprise,0
2026-04-30,2026,Apr,Dhaka,Dhaka,New Sharmin Enterprise,65
2026-04-30,2026,Apr,Dhaka,Dhaka,Niloy Enterprise,5
2026-04-30,2026,Apr,South,Jhenaidah,Nishi Enterprise- Jhinaidah,0
2026-04-30,2026,Apr,South,Khulna,Nondi Trading Corporatin,0
2026-04-30,2026,Apr,North,Gaibandha,Northbengal Traders,0
2026-04-30,2026,Apr,South,Madaripur,Nurjahan Resourse International,0
2026-04-30,2026,Apr,North,Dinajpur,Nur Steel,0
2026-04-30,2026,Apr,North East,Cumilla,Nurul Islam,5
2026-04-30,2026,Apr,South,Meherpur,Padma Enterprise,0
2026-04-30,2026,Apr,South,Gopalganj,Pal and Sons,0
2026-04-30,2026,Apr,South,Chuadanga,Palash Kumer Shaha,0
2026-04-30,2026,Apr,North,Dhaka,Palli Tower,0
2026-04-30,2026,Apr,North East,Moulvibazar,Paul Traders,0
2026-04-30,2026,Apr,Dhaka,Dhaka,Pioneer Location Ltd.,6
2026-04-30,2026,Apr,Dhaka,Dhaka,Popular Enterprise,21
2026-04-30,2026,Apr,North,Rangpur,Prince Enterprise,0
2026-04-30,2026,Apr,North,Tangail,Prince Steel,0
2026-04-30,2026,Apr,North,Bogura,Priti Traders (Bogra),0
2026-04-30,2026,Apr,North,Tangail,Prodhan Traders,0
2026-04-30,2026,Apr,North East,Chandpur,Rabbi Traders,0
2026-04-30,2026,Apr,North,Tangail,Rafik and Brothers - Joypurhat,0
2026-04-30,2026,Apr,North East,Jamalpur,Rahi Trade,0
2026-04-30,2026,Apr,North East,Narsingdi,Rahman Steel House,48
2026-04-30,2026,Apr,North East,Chandpur,Rahman Trader's,13
2026-04-30,2026,Apr,South,Shariatpur,Raju Enterprise,0
2026-04-30,2026,Apr,North,Gaibandha,Raju Traders,0
2026-04-30,2026,Apr,South,Jashore,Raju Zakir Enterprise,0
2026-04-30,2026,Apr,North East,Brahmanbaria,R. A Khan Properties,0
2026-04-30,2026,Apr,South,Narail,Rakhi Enterprise,0
2026-04-30,2026,Apr,North,Tangail,Rasel Store,0
2026-04-30,2026,Apr,South,Madaripur,Rashed Enterprise (Madaripur),0
2026-04-30,2026,Apr,South,Jashore,Razzaque Steel House,55
2026-04-30,2026,Apr,South,Patuakhali,Rema Enterprise,0
2026-04-30,2026,Apr,North East,Kishoreganj,Renu Traders,52
2026-04-30,2026,Apr,North,Panchagarh,Riad Traders-Panchagor,0
2026-04-30,2026,Apr,South,Kushtia,R.I and Co.,0
2026-04-30,2026,Apr,North,Tangail,Riaz Uddin Traders,0
2026-04-30,2026,Apr,North,Tangail,Ridoy Enterprise- Tangail,0
2026-04-30,2026,Apr,Dhaka,Gazipur,Ridwan Traders,33
2026-04-30,2026,Apr,North,Tangail,Rina Construction,0
2026-04-30,2026,Apr,South,Khulna,Riya Trading International,0
2026-04-30,2026,Apr,North,Tangail,R. K Traders,0
2026-04-30,2026,Apr,South,Satkhira,Rofiqul and Brothers,0
2026-04-30,2026,Apr,South,Khulna,Rokeya Traders,0
2026-04-30,2026,Apr,Dhaka,Dhaka,Rose Sweaters Ltd.,97
2026-04-30,2026,Apr,North,Gaibandha,Rosid Traders,0
2026-04-30,2026,Apr,South,Kushtia,R. Rahman Corporation,26
2026-04-30,2026,Apr,Dhaka,Narayanganj,R.S Enterprise,65
2026-04-30,2026,Apr,South,Madaripur,R. S Enterprise-Madaripur,26
2026-04-30,2026,Apr,North East,Sherpur,Rubel Enterprise,0
2026-04-30,2026,Apr,North,Dinajpur,Rumman Traders,0
2026-04-30,2026,Apr,North,Dinajpur,Runa Enterprise,0
2026-04-30,2026,Apr,South,Barishal,Sajid and Brothers,0
2026-04-30,2026,Apr,South,Patuakhali,Sajid Enterprise- Patuakhali,0
2026-04-30,2026,Apr,South,Kushtia,Salam and Sons,137
2026-04-30,2026,Apr,North East,Noakhali,Saleha Construction and Supplier,13
2026-04-30,2026,Apr,South,Kushtia,Saleha Traders,83
2026-04-30,2026,Apr,South,Madaripur,Sale Steel,13
2026-04-30,2026,Apr,South,Satkhira,Samannay Traders,0
2026-04-30,2026,Apr,North,Chapainawabganj,Sanaullah and Sons,0
2026-04-30,2026,Apr,North,Sirajganj,Sarkar Trading (Sirajgonj),0
2026-04-30,2026,Apr,North,Dinajpur,Sarker Brothers,0
2026-04-30,2026,Apr,South,Barishal,Satata Enterprise,0
2026-04-30,2026,Apr,South,Faridpur,Sathi Store,0
2026-04-30,2026,Apr,North,Pabna,S A Traders-Pabna,0
2026-04-30,2026,Apr,North East,Jamalpur,Sattar Traders,0
2026-04-30,2026,Apr,North,Rajshahi,SB Laboratories,0
2026-04-30,2026,Apr,South,Faridpur,S.B Traders - Faridpur,0
2026-04-30,2026,Apr,South,Shariatpur,Seba Trading Corporation,0
2026-04-30,2026,Apr,Dhaka,Dhaka,Selim Malik Traders,6
2026-04-30,2026,Apr,North,Panchagarh,Shaha Traders,0
2026-04-30,2026,Apr,North East,Mymensingh,Shahbuddin and Brothers,0
2026-04-30,2026,Apr,North East,Mymensingh,Shahin Enterprise,0
2026-04-30,2026,Apr,South,Jhenaidah,Shahin Traders,0
2026-04-30,2026,Apr,South,Narail,Shahin Traders - Narail,45
2026-04-30,2026,Apr,North,Rangpur,Shah Md Ashrafudulla,0
2026-04-30,2026,Apr,North East,Chandpur,Shakil Enterprise- Chandpur,0
2026-04-30,2026,Apr,South,Khulna,Shamim and Co,0
2026-04-30,2026,Apr,North East,Chandpur,Shamima Traders,0
2026-04-30,2026,Apr,South,Bhola,Shanaullah Enterprise,0
2026-04-30,2026,Apr,North,Rajshahi,Shanto Hardware,0
2026-04-30,2026,Apr,South,Khulna,Sharif and Co,0
2026-04-30,2026,Apr,South,Magura,Sharif Steel  Corner,59
2026-04-30,2026,Apr,South,Barguna,Sharmi Enterprise- Borguna,0
2026-04-30,2026,Apr,South,Gopalganj,Shawkat Hossain Mollah,0
2026-04-30,2026,Apr,North East,Mymensingh,Shayan Traders,0
2026-04-30,2026,Apr,South,Satkhira,Sheikh Brothers-Satkhira,0
2026-04-30,2026,Apr,North,Gaibandha,Shetu Traders- Gaibandha,0
2026-04-30,2026,Apr,Dhaka,Narayanganj,Shifat Enterprise-N.Ganj,92
2026-04-30,2026,Apr,South,Khulna,Shikder and Brothers,0
2026-04-30,2026,Apr,North East,Kishoreganj,Shimu Traders,0
2026-04-30,2026,Apr,South,Chuadanga,Shohag Enterprise,0
2026-04-30,2026,Apr,North,Natore,Shohug Machineries  and Traders,0
2026-04-30,2026,Apr,South,Bagerhat,Shotota Enterprise,0
2026-04-30,2026,Apr,North East,Brahmanbaria,Shuvo Enterprise (Ashuganj),0
2026-04-30,2026,Apr,South,Narail,Shuvo Enterprise - Norail,0
2026-04-30,2026,Apr,South,Jhenaidah,Siddique Cycle Store and Traders,0
2026-04-30,2026,Apr,North East,Sylhet,Siddiquey Construction,26
2026-04-30,2026,Apr,Dhaka,Dhaka,Sikder Enterprise (Keranigonj),10
2026-04-30,2026,Apr,South,Gopalganj,Sikder Traders-Goplagonj,52
2026-04-30,2026,Apr,North,Pabna,Sikder Traders (Pabna),39
2026-04-30,2026,Apr,North East,Cumilla,Silver Tiles and Sanitary,0
2026-04-30,2026,Apr,Dhaka,Dhaka,Simplex Development Ltd.,6
2026-04-30,2026,Apr,Dhaka,Manikganj,Singair Alfi Trade Link.,0
2026-04-30,2026,Apr,North,Dhaka,Sirajgonj Iron and Steel House,0
2026-04-30,2026,Apr,South,Dhaka,S.M Kamruzzaman,0
2026-04-30,2026,Apr,South,Narayanganj,Sonali Enterprise,0
2026-04-30,2026,Apr,North,Gaibandha,Sorif Traders,28
2026-04-30,2026,Apr,North,Nilphamari,Sourov Traders,40
2026-04-30,2026,Apr,North East,Jamalpur,S.R.S Construction,0
2026-04-30,2026,Apr,North,Thakurgaon,S. R. Traders,0
2026-04-30,2026,Apr,South,Bagerhat,S.R Traders -Bagerhat,0
2026-04-30,2026,Apr,South,Khulna,S. S. Syndicate,0
2026-04-30,2026,Apr,South,Satkhira,S S Traders,0
2026-04-30,2026,Apr,Dhaka,Gazipur,S T Enterprise,88
2026-04-30,2026,Apr,South,Jhenaidah,Suborna Traders,0
2026-04-30,2026,Apr,Dhaka,Gazipur,Suma Enterprise - Sofipur,139
2026-04-30,2026,Apr,South,Shariatpur,Sumon Enterprise,0
2026-04-30,2026,Apr,South,Khulna,Sumon Traders,0
2026-04-30,2026,Apr,South,Manikganj,Sundorban Hardware,0
2026-04-30,2026,Apr,North,Pabna,Swapan Traders,14
2026-04-30,2026,Apr,South,Jashore,Tahmina Enterprise,0
2026-04-30,2026,Apr,North,Thakurgaon,Tamanna Enterprise-Thakurgaon,0
2026-04-30,2026,Apr,South,Gopalganj,Tamim Enterprise,0
2026-04-30,2026,Apr,North,Rajshahi,Tariq  Enterprise,93
2026-04-30,2026,Apr,South,Narail,Tazmin Enterprise,0
2026-04-30,2026,Apr,Dhaka,Dhaka,The Barik Brothers,690
2026-04-30,2026,Apr,Dhaka,Dhaka,Three Star Co-Operative Multipurpose Ltd.,4
2026-04-30,2026,Apr,South,Patuakhali,Three Star Enterprise,0
2026-04-30,2026,Apr,Dhaka,Dhaka,"Tipu and Co.( Rayerbag, Jatrabari)",28
2026-04-30,2026,Apr,South,Meherpur,Tohmina Engineering Workshop,0
2026-04-30,2026,Apr,Dhaka,Dhaka,Trendy Textiles Ltd.,15
2026-04-30,2026,Apr,North East,Mymensingh,Tripti Steel Bitan,0
2026-04-30,2026,Apr,North,Rangpur,T.S.Enterprise(Rangpur),0
2026-04-30,2026,Apr,North,Sirajganj,Ullapara Variety Store,13
2026-04-30,2026,Apr,Dhaka,Dhaka,Unified Holdings Limited,20
2026-04-30,2026,Apr,South,Jhenaidah,Unique Construction,0
2026-04-30,2026,Apr,South,Khulna,Unique International,0
2026-04-30,2026,Apr,North East,Netrokona,Vodra Traders,0
2026-04-30,2026,Apr,Dhaka,Manikganj,Wazuddin Traders,68
2026-04-30,2026,Apr,North East,Sylhet,Windsor Hotel & Resorts Ltd.,0
2026-04-30,2026,Apr,North East,Noakhali,Yeasin Traders,26
2026-04-30,2026,Apr,Dhaka,Narayanganj,York  Composite Ltd,0
2026-04-30,2026,Apr,Dhaka,Narayanganj,York Fashion Ltd.,0
2026-04-30,2026,Apr,Dhaka,Dhaka,Younus Traders,0
2026-04-30,2026,Apr,South,Bhola,Zabbar Biswas Traders,80
2026-04-30,2026,Apr,Dhaka,Dhaka,Zaman Traders ( Savar),70
2026-05-31,2026,May,North East,Narsingdi,3D Comet Design & Consultant,0
2026-05-31,2026,May,North,Lalmonirhat,Abdul Hakim,0
2026-05-31,2026,May,North,Tangail,Abdul Malek - Rangpur,0
2026-05-31,2026,May,North,Dinajpur,Abdur Rauf-Dinajpur,0
2026-05-31,2026,May,South,Khulna,Abdur Razzak Aziz- Khulna,120
2026-05-31,2026,May,South,Shariatpur,Abdus Salam Farazi,0
2026-05-31,2026,May,North East,Sylhet,Abdus Shohid Construction,0
2026-05-31,2026,May,Dhaka,Dhaka,Abir Enterprise,13
2026-05-31,2026,May,North,Bogura,ABK Krishi Beez Himagar,0
2026-05-31,2026,May,South,Pirojpur,A.B.L.Builders,0
2026-05-31,2026,May,North,Pabna,Abul Hossain Traders,11
2026-05-31,2026,May,South,Barguna,Agrani Traders,14
2026-05-31,2026,May,South,Khulna,Ahad Enterprise,0
2026-05-31,2026,May,North East,Narsingdi,Ahasan Store,0
2026-05-31,2026,May,North,Chapainawabganj,Ahmed Store- C. Gonj,0
2026-05-31,2026,May,North,Bogura,Ahmed Traders-Bogra,0
2026-05-31,2026,May,North,Pabna,Ahsan Trading,0
2026-05-31,2026,May,North East,Dhaka,AK Developers Ltd.,0
2026-05-31,2026,May,North East,Sylhet,A.K Enterprise (Sylhet),0
2026-05-31,2026,May,Dhaka,Dhaka,Akhter Traders,0
2026-05-31,2026,May,North,Bogura,Akkash Ali Traders,0
2026-05-31,2026,May,North,Bogura,Alam and Brothers,0
2026-05-31,2026,May,South,Patuakhali,Al-Amin Traders-Patuakhali,0
2026-05-31,2026,May,North,Tangail,Alam Motors,0
2026-05-31,2026,May,South,Faridpur,Al-Bagdad Iron Steel- Faridpur,0
2026-05-31,2026,May,Dhaka,Dhaka,Al Baraka Steel Corporation- Mirpur,10
2026-05-31,2026,May,North East,Brahmanbaria,Al Ekram Traders,0
2026-05-31,2026,May,North,Rangpur,Alhaj Atiar Rahman,0
2026-05-31,2026,May,North,Dinajpur,Al Haj Traders,56
2026-05-31,2026,May,North East,Feni,Al Haj Zakir Enterprise,0
2026-05-31,2026,May,South,Bagerhat,Allahardan Enterprise-Bagerhat,0
2026-05-31,2026,May,South,Satkhira,Allahardan  Hardware,0
2026-05-31,2026,May,South,Satkhira,Allahar Dan Iron Store,0
2026-05-31,2026,May,North,Rajshahi,Al Manar Steel,13
2026-05-31,2026,May,Dhaka,Dhaka,Aman  Steel Corporation,40
2026-05-31,2026,May,North East,Jamalpur,Amena Enterprise-Jamalpur,0
2026-05-31,2026,May,Dhaka,Dhaka,Amin and Brother,4
2026-05-31,2026,May,South,Bagerhat,Amin Enterprise,0
2026-05-31,2026,May,South,Shariatpur,Amin Store,13
2026-05-31,2026,May,North East,Jamalpur,Amin Traders,0
2026-05-31,2026,May,South,Dhaka,Aminul Islam- Kustia,0
2026-05-31,2026,May,North,Tangail,Anny Construction,0
2026-05-31,2026,May,South,Satkhira,Anowar Trading,0
2026-05-31,2026,May,South,Rajbari,Anupam Nirmata,13
2026-05-31,2026,May,South,Rajbari,Anwar Traders,13
2026-05-31,2026,May,Dhaka,Dhaka,Arafah Development and Builders Ltd.,0
2026-05-31,2026,May,Dhaka,Dhaka,Arafat Trading,0
2026-05-31,2026,May,South,Khulna,Arafat Trading - Khulna,0
2026-05-31,2026,May,Dhaka,Narayanganj,AR Building Design and Construction,26
2026-05-31,2026,May,Dhaka,Dhaka,A.R Corporation,5
2026-05-31,2026,May,North East,Dhaka,ARF Trading International,0
2026-05-31,2026,May,Dhaka,Gazipur,Arifa Enterprise,29
2026-05-31,2026,May,South,Meherpur,Arif Enterprise,0
2026-05-31,2026,May,North,Sirajganj,Ariful Islam Traders,0
2026-05-31,2026,May,Dhaka,Dhaka,Arowa Traders,530
2026-05-31,2026,May,North,Dhaka,A.R. Trading (Rangpur),0
2026-05-31,2026,May,Dhaka,Gazipur,Ashik Traders,9
2026-05-31,2026,May,South,Barguna,Ashraful Enterprise,0
2026-05-31,2026,May,North,Dinajpur,Asma Traders,0
2026-05-31,2026,May,North East,Cumilla,A.Wohab and Sons,0
2026-05-31,2026,May,North East,Feni,Ayesha Enterprise,0
2026-05-31,2026,May,South,Shariatpur,Azad Traders - Soriotpur,0
2026-05-31,2026,May,North East,Chandpur,Aziz Brothers,0
2026-05-31,2026,May,South,Jhenaidah,Azizul Haque,0
2026-05-31,2026,May,North East,Chandpur,Bablu and Brothers,0
2026-05-31,2026,May,South,Barishal,Barishal Iron House,14
2026-05-31,2026,May,North,Tangail,Basail Trading House,0
2026-05-31,2026,May,North East,Jamalpur,Bashonti Traders,0
2026-05-31,2026,May,North,Rangpur,Bengal and Company,14
2026-05-31,2026,May,South,Jashore,Bhai Bhai Enterprise,0
2026-05-31,2026,May,South,Madaripur,Bhai Bhai Traders - Madaripur,0
2026-05-31,2026,May,North,Kurigram,Bhai Bhai Trading,28
2026-05-31,2026,May,Dhaka,Gazipur,Bhai Bhon Enterprise,13
2026-05-31,2026,May,North,Tangail,Bhuiyan Traders- Mirzapur,0
2026-05-31,2026,May,South,Bagerhat,Bismillah Enterprise-Bagerhat,0
2026-05-31,2026,May,Dhaka,Dhaka,Bismillah Enterprise-Savar,5
2026-05-31,2026,May,South,Magura,Bismillah Steel Corner,0
2026-05-31,2026,May,South,Khulna,Bismillah Steel House,0
2026-05-31,2026,May,Dhaka,Dhaka,Bismillah Traders-Dhaka,189
2026-05-31,2026,May,North East,Narsingdi,Bismillah Traders -Narsingdi,0
2026-05-31,2026,May,South,Satkhira,Bismillah Traders-Satkhira,0
2026-05-31,2026,May,North,Sirajganj,Borsha Enterprise,0
2026-05-31,2026,May,South,Dhaka,BRB Cable Industries Ltd. (Dr.),0
2026-05-31,2026,May,South,Kushtia,Bristy Traders,0
2026-05-31,2026,May,South,Chuadanga,Brothers Traders,13
2026-05-31,2026,May,Dhaka,Dhaka,Capital Builders,7
2026-05-31,2026,May,North East,Chandpur,Chandpur Real Estate,0
2026-05-31,2026,May,South,Patuakhali,Choudhory Enterprise,0
2026-05-31,2026,May,South,Patuakhali,Chowa Traders,0
2026-05-31,2026,May,North East,Sylhet,Chowdhury Trading,0
2026-05-31,2026,May,North,Tangail,Chunailal Traders,0
2026-05-31,2026,May,North East,Mymensingh,Community Health Foundation Bangladesh,30
2026-05-31,2026,May,North,Tangail,Das Traders,0
2026-05-31,2026,May,South,Gopalganj,Delwar and Brothers - Gopalgonj,0
2026-05-31,2026,May,North East,Feni,Desh Agency,0
2026-05-31,2026,May,South,Kushtia,Dhaka Steel,104
2026-05-31,2026,May,North,Pabna,Dhaka Steel King,26
2026-05-31,2026,May,Dhaka,Gazipur,Dhaka Trade Centre,6
2026-05-31,2026,May,North,Naogaon,Dipak Kumar Deb,0
2026-05-31,2026,May,Dhaka,Dhaka,Dipti Traders,28
2026-05-31,2026,May,North,Pabna,D.K Traders,0
2026-05-31,2026,May,North East,Chandpur,Doha Traders,0
2026-05-31,2026,May,Dhaka,Dhaka,Domicilium Ltd.,13
2026-05-31,2026,May,North,Nilphamari,DOSHMILE TRADERS,0
2026-05-31,2026,May,North East,Mymensingh,Dulal Traders,0
2026-05-31,2026,May,North,Chapainawabganj,Emdadul Haque,0
2026-05-31,2026,May,South,Jhenaidah,Emon Enterprise,13
2026-05-31,2026,May,North,Dinajpur,Eng.Md.Mohsin Ali,0
2026-05-31,2026,May,North East,Cumilla,Engr. Shafiqul Islam Build and Consultancy,0
2026-05-31,2026,May,North East,Brahmanbaria,Eng. Suman Datta,0
2026-05-31,2026,May,Dhaka,Gazipur,Evan Enterprise,3
2026-05-31,2026,May,Dhaka,Dhaka,Experience Textile Limited,5
2026-05-31,2026,May,Dhaka,Dhaka,Fakir Chan Bepari and Sons,0
2026-05-31,2026,May,Dhaka,Dhaka,Fame Structure Ltd.,0
2026-05-31,2026,May,North,Kurigram,Farhad and Brothers,13
2026-05-31,2026,May,Dhaka,Dhaka,Farid Enterprise,20
2026-05-31,2026,May,Dhaka,Manikganj,Faruk and Brothers,75
2026-05-31,2026,May,South,Meherpur,Faruk Enterprise - Meherpur,0
2026-05-31,2026,May,Dhaka,Dhaka,Feni Traders,0
2026-05-31,2026,May,South,Meherpur,F.K Trade,0
2026-05-31,2026,May,North,Dhaka,F M Trading International,0
2026-05-31,2026,May,North East,Cumilla,FNF Steel,0
2026-05-31,2026,May,North East,Noakhali,Foyez Store,0
2026-05-31,2026,May,North East,Mymensingh,F.S Enterprise,132
2026-05-31,2026,May,North,Thakurgaon,Gallery Traders,0
2026-05-31,2026,May,South,Barishal,Gangashari Traders,0
2026-05-31,2026,May,North,Dinajpur,Gausheyz Ventores,0
2026-05-31,2026,May,Dhaka,Dhaka,Gawsia Enterprise,181
2026-05-31,2026,May,Dhaka,Gazipur,Giash Steel,5
2026-05-31,2026,May,South,Barguna,GM Ikfa Enterprise,0
2026-05-31,2026,May,North East,Cumilla,Grameen Traders,0
2026-05-31,2026,May,North East,Mymensingh,Greenland Developers (Pvt.)Ltd.,0
2026-05-31,2026,May,South,Faridpur,Habib Enterprise-Faridpur,90
2026-05-31,2026,May,Dhaka,Gazipur,Haji Enterprise - Gazipur,116
2026-05-31,2026,May,North,Dinajpur,Hamana Traders,0
2026-05-31,2026,May,North,Rangpur,Hamid and Sons,0
2026-05-31,2026,May,South,Jashore,Hamid Traders,0
2026-05-31,2026,May,South,Madaripur,Hamim International,0
2026-05-31,2026,May,North,Chapainawabganj,Hammad and Sons,0
2026-05-31,2026,May,South,Chuadanga,Hannan and Brothers-Chuadanga,0
2026-05-31,2026,May,North,Bogura,Hannan Traders,13
2026-05-31,2026,May,North East,Mymensingh,Haque and Brothers,0
2026-05-31,2026,May,South,Bhola,Haque and Sons-Bhola,0
2026-05-31,2026,May,South,Jhenaidah,Haque and Sons-Jhenaidah,0
2026-05-31,2026,May,North,Sirajganj,Haque Iron,0
2026-05-31,2026,May,North,Tangail,Harun Enterprise,40
2026-05-31,2026,May,South,Barishal,Hawlader Iron Store,0
2026-05-31,2026,May,North East,Brahmanbaria,Hazi Mobarak Traders,0
2026-05-31,2026,May,North,Dinajpur,Hera Traders,0
2026-05-31,2026,May,Dhaka,Dhaka,Hobigonj Traders,7
2026-05-31,2026,May,North,Dhaka,Hossain Construction ( Pvt ) Ltd,0
2026-05-31,2026,May,North East,Kishoreganj,Hossen Bhuiyan Steel House,0
2026-05-31,2026,May,South,Khulna,Howlader and Company,0
2026-05-31,2026,May,Dhaka,Dhaka,Howlader Enterprise,62
2026-05-31,2026,May,South,Jhalokati,Howlader Traders-Jhalokathi,0
2026-05-31,2026,May,Dhaka,Dhaka,H.S Corporation,0
2026-05-31,2026,May,North,Gaibandha,Humayan Kabir Traders-Gaibandha,0
2026-05-31,2026,May,South,Kushtia,Hymo International,0
2026-05-31,2026,May,North,Rangpur,Imarat Trading,28
2026-05-31,2026,May,South,Satkhira,Imarot Trading-Satkhira,0
2026-05-31,2026,May,North,Rangpur,Imperial Sanitary House,28
2026-05-31,2026,May,North East,Cumilla,Insaf Construction,13
2026-05-31,2026,May,South,Faridpur,Iron and Steel House,0
2026-05-31,2026,May,North East,Cumilla,Islam and Sons,0
2026-05-31,2026,May,North,Bogura,Islam Brothers-Bogura,0
2026-05-31,2026,May,South,Jashore,Islam Traders-Jessore,0
2026-05-31,2026,May,North,Tangail,I.V Methi Traders,0
2026-05-31,2026,May,South,Faridpur,Jahangir Store - Faridpur,0
2026-05-31,2026,May,South,Satkhira,Jaman Traders,0
2026-05-31,2026,May,North,Dhaka,Janata Enterprise- Sirajgonj,0
2026-05-31,2026,May,North,Dhaka,Janata Steel and Iron House,0
2026-05-31,2026,May,North,Bogura,J and Ma Enterprise,0
2026-05-31,2026,May,South,Faridpur,Jaseka Traders,13
2026-05-31,2026,May,North East,Noakhali,Jashim Steel House,24
2026-05-31,2026,May,North,Lalmonirhat,Jerin Enterprise,0
2026-05-31,2026,May,North East,Kishoreganj,Jesan Traders,0
2026-05-31,2026,May,South,Jashore,JesminSanitary and Iron Store,0
2026-05-31,2026,May,South,Narail,Jhorna Enterprise,0
2026-05-31,2026,May,South,Khulna,Joint Enterprise,0
2026-05-31,2026,May,North,Tangail,Joy Joya Enterprise,57
2026-05-31,2026,May,South,Shariatpur,Julhas and Brothers,0
2026-05-31,2026,May,North,Bogura,Kabir Traders-Bogra,0
2026-05-31,2026,May,North East,Cumilla,Kajol Enterprise,0
2026-05-31,2026,May,North East,Cumilla,Kalam and Sons,0
2026-05-31,2026,May,South,Faridpur,Kamarjani Traders,0
2026-05-31,2026,May,Dhaka,Gazipur,Kamrul Trading Corporation,37
2026-05-31,2026,May,South,Faridpur,Kamruzzaman Enterprise,0
2026-05-31,2026,May,South,Kushtia,Kanak Traders-Kustia,0
2026-05-31,2026,May,Dhaka,Gazipur,Kashem and Sons,37
2026-05-31,2026,May,North East,Noakhali,Kashem Traders (Noakhali),0
2026-05-31,2026,May,North,Kurigram,Khairul Enterprise,0
2026-05-31,2026,May,Dhaka,Dhaka,Khalid Trading Corporation,0
2026-05-31,2026,May,South,Jhalokati,Khan Builders,0
2026-05-31,2026,May,Dhaka,Dhaka,Khan Enterprise,160
2026-05-31,2026,May,Dhaka,Dhaka,Khan Firoz Ahmed,13
2026-05-31,2026,May,North East,Lakshmipur,Khan Machineries Store,0
2026-05-31,2026,May,South,Khulna,Khan Traders -Khulna,0
2026-05-31,2026,May,South,Madaripur,Khan Traders- Madaripur,14
2026-05-31,2026,May,South,Madaripur,Khan Traders- Shibchor,0
2026-05-31,2026,May,North East,Chandpur,Khaza Variety Store,0
2026-05-31,2026,May,Dhaka,Gazipur,Khurshida Builders,161
2026-05-31,2026,May,South,Narail,King Builders,0
2026-05-31,2026,May,North,Rajshahi,Kismot Trading Corporation,0
2026-05-31,2026,May,South,Barishal,K K Enterprise,0
2026-05-31,2026,May,North,Dinajpur,Kobir Traders,0
2026-05-31,2026,May,North East,Mymensingh,K.S. Trading,0
2026-05-31,2026,May,North,Dinajpur,Kumor Uddin and Sons,0
2026-05-31,2026,May,North,Dinajpur,Kundu Brothers,0
2026-05-31,2026,May,South,Faridpur,Kustia Enterprise,0
2026-05-31,2026,May,South,Barishal,Layla Builders,0
2026-05-31,2026,May,South,Patuakhali,Lila Enterprise,0
2026-05-31,2026,May,North,Tangail,Liton Enterprise,0
2026-05-31,2026,May,North,Nilphamari,L.N Trading Co.,13
2026-05-31,2026,May,North East,Mymensingh,Lubaba  Enterprise,0
2026-05-31,2026,May,North East,Sylhet,Ludhi Steel Marchant,0
2026-05-31,2026,May,North East,Feni,Madani Traders,13
2026-05-31,2026,May,South,Shariatpur,Madbor Enterprise,14
2026-05-31,2026,May,North East,Netrokona,Mahabub Traders,0
2026-05-31,2026,May,Dhaka,Dhaka,Mahadi Design and Construction,0
2026-05-31,2026,May,North,Rajshahi,Mahamud Enterprise,0
2026-05-31,2026,May,North,Thakurgaon,Mahbub Enterprise,0
2026-05-31,2026,May,South,Jhenaidah,Mahir Trading,0
2026-05-31,2026,May,North East,Mymensingh,Mahi Traders,0
2026-05-31,2026,May,North,Dinajpur,Mahi Traders-Dinajpur,0
2026-05-31,2026,May,South,Jashore,Mahiya Kabir Corporation,28
2026-05-31,2026,May,North,Bogura,Mahmud Mahbub Traders,0
2026-05-31,2026,May,Dhaka,Dhaka,Makkah Traders,175
2026-05-31,2026,May,Dhaka,Gazipur,Mamun Enterprise-Gazipur,49
2026-05-31,2026,May,North East,Sylhet,Mamun Enterprise- Shylet,0
2026-05-31,2026,May,North,Pabna,Mamun Traders-Pabna,0
2026-05-31,2026,May,South,Kushtia,Mannan Hardware and Iron Store,0
2026-05-31,2026,May,Dhaka,Narayanganj,Mashin Corporation,0
2026-05-31,2026,May,North,Bogura,Master Traders (Shantahar),0
2026-05-31,2026,May,South,Barishal,Masud Enterprise,0
2026-05-31,2026,May,South,Madaripur,Mayer Doa Enterprise,0
2026-05-31,2026,May,North East,Netrokona,Mayer Doa Traders,0
2026-05-31,2026,May,South,Bagerhat,Media Enterprise,0
2026-05-31,2026,May,South,Shariatpur,M H Traders,0
2026-05-31,2026,May,North East,Cumilla,Mili Enterprise,0
2026-05-31,2026,May,Dhaka,Gazipur,Mim Enterprise,23
2026-05-31,2026,May,Dhaka,Dhaka,Misti Enterprise,11
2026-05-31,2026,May,North East,Jamalpur,Mizan and Son's,0
2026-05-31,2026,May,South,Jhalokati,M Khan Ltd.,0
2026-05-31,2026,May,North East,Mymensingh,M K Traders,0
2026-05-31,2026,May,Dhaka,Dhaka,Modina Steel Corporation,145
2026-05-31,2026,May,North East,Sherpur,Mofazzal Enterprise,30
2026-05-31,2026,May,South,Kushtia,Mokka Enterprise- Kustia,0
2026-05-31,2026,May,South,Magura,Molla Banijjo Vander,0
2026-05-31,2026,May,North East,Cumilla,Molla Traders- Comilla,0
2026-05-31,2026,May,South,Jashore,Mollik Enterprise-Khulna,0
2026-05-31,2026,May,North,Dinajpur,Mondol Traders - Dinajpur,0
2026-05-31,2026,May,North,Kurigram,Mondol Traders- Kurigram,0
2026-05-31,2026,May,North,Sirajganj,Mondol Traders- Sirajgonj,0
2026-05-31,2026,May,Dhaka,Dhaka,Monir Enterprise,26
2026-05-31,2026,May,North,Dinajpur,Monoj Kumar Mallick,0
2026-05-31,2026,May,North East,Brahmanbaria,Morsalin Traders,15
2026-05-31,2026,May,North East,Jamalpur,Morzina Steel House,0
2026-05-31,2026,May,South,Barishal,Moshiur Rahman Minto,0
2026-05-31,2026,May,North,Tangail,Mostafa Enterprise-Tangail,0
2026-05-31,2026,May,North,Rangpur,M.R Traders,0
2026-05-31,2026,May,South,Narail,M/S Abdul Hadi Traders,0
2026-05-31,2026,May,North,Naogaon,M/S Abdullah Traders,0
2026-05-31,2026,May,North,Sirajganj,M/S Abdus Samad Khan,0
2026-05-31,2026,May,North East,Cumilla,M/S Abedin Enterprise,0
2026-05-31,2026,May,South,Patuakhali,M/S. Abul Kalam Azad,0
2026-05-31,2026,May,North East,Narsingdi,M/S Adiat Traders,0
2026-05-31,2026,May,Dhaka,Dhaka,M/S Adil Enterprise,0
2026-05-31,2026,May,North,Pabna,M/S Adi Saha Trading,0
2026-05-31,2026,May,South,Satkhira,M/S. Afroz Enterprise,0
2026-05-31,2026,May,North,Dinajpur,M/S Aftabganj Hardware Store,28
2026-05-31,2026,May,South,Rajbari,M/S Al-Amin Traders,0
2026-05-31,2026,May,North,Nilphamari,M/S. Al Amin Traders-Nilphamary,0
2026-05-31,2026,May,North East,Netrokona,M/S Alam Traders,0
2026-05-31,2026,May,North,Dinajpur,M/S. Alhaj Traders-Dinajpur,0
2026-05-31,2026,May,South,Shariatpur,M/S Aliuzzaman Mir Malot,0
2026-05-31,2026,May,Dhaka,Gazipur,M/S Al-Madina Enterprise,0
2026-05-31,2026,May,South,Kushtia,M/S. Al-Nobi Hardware & Sanitary,0
2026-05-31,2026,May,North East,Noakhali,M/S Anisha Enterprise,0
2026-05-31,2026,May,North East,Chandpur,M/S.Anisha Multi Trade,0
2026-05-31,2026,May,North,Sirajganj,M/S Anowar Enterprise,0
2026-05-31,2026,May,South,Barguna,M/S. Anower Brick,0
2026-05-31,2026,May,Dhaka,Gazipur,M/S Arif Traders,5
2026-05-31,2026,May,South,Faridpur,M/S Asraf  and Sons,26
2026-05-31,2026,May,South,Jhenaidah,M/S. Astha Builders,0
2026-05-31,2026,May,South,Barguna,M/S Ayaan Traders,13
2026-05-31,2026,May,South,Jashore,M/S Ayesha Steel Corporation,0
2026-05-31,2026,May,South,Patuakhali,M/S. Azad Enterprise,0
2026-05-31,2026,May,South,Jashore,M/S Azim Shah Traders,47
2026-05-31,2026,May,South,Jashore,M/S Babu Traders,13
2026-05-31,2026,May,South,Magura,M/S Bali Construction,0
2026-05-31,2026,May,South,Chuadanga,M/S. Bani Traders,0
2026-05-31,2026,May,Dhaka,Dhaka,M/S Bepari Traders,0
2026-05-31,2026,May,South,Rajbari,M/S Bepari Traders - Rajbari,0
2026-05-31,2026,May,Dhaka,Dhaka,M/S Bhai Bhai Traders and Engineering Works,4
2026-05-31,2026,May,North,Dinajpur,M/S. Bhai Bhai Traders (Dinajpur),0
2026-05-31,2026,May,North East,Cumilla,M/S Bhuiyan Traders-Cumilla,0
2026-05-31,2026,May,North East,Noakhali,M/S Bhuiyan Traders-Noakhali,0
2026-05-31,2026,May,North East,Chandpur,MS.Billal Traders-Chandpur,0
2026-05-31,2026,May,Dhaka,Dhaka,M/S Bismillah Enterprise (Sobujbagh),93
2026-05-31,2026,May,North East,Mymensingh,M/S Bismillah Hardware and Glass House,0
2026-05-31,2026,May,North East,Kishoreganj,M/S Bismillah Traders- Bhairob,0
2026-05-31,2026,May,North East,Kishoreganj,M/S Bismillah Traders-Mymensing,0
2026-05-31,2026,May,North,Naogaon,M/S. Bismillha Traders-Naoga,0
2026-05-31,2026,May,South,Jhenaidah,M/S Bondhu Enterprise,65
2026-05-31,2026,May,North,Sherpur,M/S. Bondhu Enterprise-Bogra,0
2026-05-31,2026,May,South,Bhola,M/S Bushra Construction,0
2026-05-31,2026,May,North,Bogura,M/S. Bushra Traders,42
2026-05-31,2026,May,South,Jashore,M/S Chitra Trading,0
2026-05-31,2026,May,South,Madaripur,M/S City Build Trade,27
2026-05-31,2026,May,North,Lalmonirhat,M/s Dhorla Trading,0
2026-05-31,2026,May,South,Jashore,M/S. Dipro Enterprise,0
2026-05-31,2026,May,South,Faridpur,M/S. Durgapur Hi Tech,0
2026-05-31,2026,May,North East,Narsingdi,M/S Easy Builders,0
2026-05-31,2026,May,South,Khulna,M/S. Elina Enterprise,0
2026-05-31,2026,May,South,Pirojpur,M/S Emon Enterprise,0
2026-05-31,2026,May,North East,Dhaka,M/S. Engineer Builders,30
2026-05-31,2026,May,North East,Cumilla,M/S. Faisal Enterprise,0
2026-05-31,2026,May,South,Gopalganj,M/S Fakir and Sons,0
2026-05-31,2026,May,South,Satkhira,M/S Faruk Traders-Sathkhira,0
2026-05-31,2026,May,South,Meherpur,M/S. Fojilatun Nesha &Sons,0
2026-05-31,2026,May,South,Barishal,M/S Forkan Traders,0
2026-05-31,2026,May,South,Gopalganj,M/S Friends Enterprise,0
2026-05-31,2026,May,North East,Cumilla,M/S Gaji Hardware,0
2026-05-31,2026,May,North,Naogaon,M/S Gitanjoli Traders,0
2026-05-31,2026,May,North,Kurigram,M/S. G.M Enterprise,0
2026-05-31,2026,May,Dhaka,Dhaka,M/S. Hailmi Enterprise,0
2026-05-31,2026,May,North East,Cumilla,M/S Hanif Enterprise,0
2026-05-31,2026,May,Dhaka,Dhaka,M/S Haque and Hasan Traders,12
2026-05-31,2026,May,North East,Feni,M/S Haque Enterprise,0
2026-05-31,2026,May,North East,Brahmanbaria,M/S. Hasan Enterprise,0
2026-05-31,2026,May,South,Satkhira,M/S. Hasan Traders-Satkhira,0
2026-05-31,2026,May,North,Dinajpur,M/S Hashem Traders,0
2026-05-31,2026,May,South,Shariatpur,M/S. Hawlader Enterprise-Sariatpur,0
2026-05-31,2026,May,North East,Dhaka,M/S Hazi Abdul Khalique  & Son's,0
2026-05-31,2026,May,Dhaka,Dhaka,M/S Hazi Sarif Munshi Traders,5
2026-05-31,2026,May,South,Madaripur,M/S. Hazi Traders- Madaripur,0
2026-05-31,2026,May,North East,Jamalpur,M/S HEMENDRA CHANDRA SINGH,0
2026-05-31,2026,May,North East,Noakhali,M/S Hoque and Brothers (Noakhali),0
2026-05-31,2026,May,South,Bhola,M/S H Rahman and Sons,20
2026-05-31,2026,May,Dhaka,Narayanganj,M/S Ichapuri Cement House,0
2026-05-31,2026,May,North East,Cumilla,M/S Islamia Enterprise and Dorja Gallery,0
2026-05-31,2026,May,South,Patuakhali,M/S.Islamia Traders,0
2026-05-31,2026,May,South,Jashore,M/S Islam Traders- Keshabpur,0
2026-05-31,2026,May,North,Tangail,M/S. Islam Traders- Sirajgonj,0
2026-05-31,2026,May,North,Naogaon,M/S. IT Construction,0
2026-05-31,2026,May,North East,Lakshmipur,M/S Jahir Enterprise,0
2026-05-31,2026,May,Dhaka,Dhaka,M/S Jalil Steel and Engineering,0
2026-05-31,2026,May,South,Patuakhali,M/S.Jamal Traders,0
2026-05-31,2026,May,North,Tangail,M/S.Jannath Enterprise,13
2026-05-31,2026,May,North East,Jamalpur,M/S. Jibon Traders,0
2026-05-31,2026,May,South,Jashore,M/S Johir Enterprise,0
2026-05-31,2026,May,South,Meherpur,M/S Jony Enterprise -Meherpur,13
2026-05-31,2026,May,South,Jhenaidah,M/S Kafi Traders,0
2026-05-31,2026,May,South,Barguna,M/S. Kamal Enterprise,0
2026-05-31,2026,May,North,Panchagarh,M/S Kamlesh Traders,0
2026-05-31,2026,May,Dhaka,Dhaka,M/S Kamona Traders,0
2026-05-31,2026,May,South,Barguna,M/S. Karim Builders,8
2026-05-31,2026,May,North,Tangail,M/S. Khalekujjaman Traders,0
2026-05-31,2026,May,South,Faridpur,M/S Khan Enterprise-Faridpur,0
2026-05-31,2026,May,Dhaka,Gazipur,M/S Khan Enterprise-Kaligonj,13
2026-05-31,2026,May,North,Dinajpur,M/S. Khan Enterprises- Dinajpur,0
2026-05-31,2026,May,North,Tangail,M/S Khan Traders-Tangail,13
2026-05-31,2026,May,South,Faridpur,M/S Khaza Traders,14
2026-05-31,2026,May,North East,Cumilla,M/S. Khokon Enterprise,0
2026-05-31,2026,May,North,Thakurgaon,M/S. Kibriya Enterprise,0
2026-05-31,2026,May,North East,Cumilla,M/S-Laksam Trading Corporation,114
2026-05-31,2026,May,Dhaka,Manikganj,M/S Latif Traders,0
2026-05-31,2026,May,South,Gopalganj,M/S Linkon Enterprise,0
2026-05-31,2026,May,North,Natore,M/s Liton Enterprise,0
2026-05-31,2026,May,North East,Narsingdi,M/S. Liza Traders,0
2026-05-31,2026,May,Dhaka,Dhaka,M/S. Maa Enterprise,8
2026-05-31,2026,May,South,Barishal,M/S. Mahabub Traders,13
2026-05-31,2026,May,Dhaka,Gazipur,M/S. Mainul Traders,43
2026-05-31,2026,May,North East,Brahmanbaria,M/S. Malek and Sons,0
2026-05-31,2026,May,North East,Lakshmipur,M/S Ma Metal,0
2026-05-31,2026,May,North,Dhaka,M/S. Manobendro Das,0
2026-05-31,2026,May,Dhaka,Dhaka,M/S. Marks Trading,0
2026-05-31,2026,May,South,Jhalokati,M/S Mary Suppliers and Mary Bricks,0
2026-05-31,2026,May,South,Bhola,M/S. Masaallah Traders,0
2026-05-31,2026,May,South,Khulna,M/S. M. A Traders (Dr.),0
2026-05-31,2026,May,Dhaka,Gazipur,M/S Mawna Builders,28
2026-05-31,2026,May,North,Tangail,M/S Maya Traders,0
2026-05-31,2026,May,South,Satkhira,M/S. Mayer Doa Sanitary and Anwar Sheet Enterprise,0
2026-05-31,2026,May,North,Bogura,M/S. Mayer Doya Variety Store,0
2026-05-31,2026,May,Dhaka,Gazipur,M/s Midul Enterprise,28
2026-05-31,2026,May,South,Kushtia,M/S Mim Traders-Kustia,0
2026-05-31,2026,May,South,Patuakhali,M/S Mizan Enterprise,0
2026-05-31,2026,May,South,Chuadanga,M/S Mizan Traders,0
2026-05-31,2026,May,Dhaka,Manikganj,M/S Mobarak Timber and Bricks Traders (Manikgonj),5
2026-05-31,2026,May,South,Faridpur,M/S Modina Traders,0
2026-05-31,2026,May,North East,Noakhali,M/S. Mokka Enterprise- Noakhali,0
2026-05-31,2026,May,North East,Narsingdi,M/S Mollah Enterprise-Narsingdi,0
2026-05-31,2026,May,North,Rajshahi,M/S. Mollah Enterprise-Rajshahi,0
2026-05-31,2026,May,North East,Cumilla,M/S Molla Traders-Chouddogram,0
2026-05-31,2026,May,South,Gopalganj,M/S Molla Traders-Gopalgonj,0
2026-05-31,2026,May,North,Bogura,M/S. Mondol Traders-Shibgonj,0
2026-05-31,2026,May,North,Tangail,M/S. Monira Enterprise,0
2026-05-31,2026,May,North,Dhaka,M/S Moon Traders- Sirajgonj,0
2026-05-31,2026,May,South,Barguna,M/S. Mridha Traders,0
2026-05-31,2026,May,North East,Netrokona,M/S-M.S Traders,0
2026-05-31,2026,May,North,Bogura,M/S. Mukta Traders,0
2026-05-31,2026,May,North East,Noakhali,M/S.Muldhara Trading,26
2026-05-31,2026,May,South,Pirojpur,M/S Nahar Enterprise- Pirojpur,0
2026-05-31,2026,May,South,Shariatpur,M/S Nayeem Enterprise,0
2026-05-31,2026,May,South,Jashore,M/S Nayem Trading,0
2026-05-31,2026,May,North,Tangail,M/S. Nazmul Enterprise,0
2026-05-31,2026,May,North East,Cumilla,M/S. Nazrul Traders,0
2026-05-31,2026,May,South,Pirojpur,M/S New Hope Traders,26
2026-05-31,2026,May,South,Gopalganj,M/S. New Sikder Traders,0
2026-05-31,2026,May,South,Satkhira,M/s Nirala Trader's,0
2026-05-31,2026,May,South,Madaripur,M/s Nirman,0
2026-05-31,2026,May,South,Barguna,M/s. Nur-E-Madina Trading,0
2026-05-31,2026,May,South,Faridpur,M/S Nur Mahidi Nerman Vander,26
2026-05-31,2026,May,South,Pirojpur,M/S Oishani Enterprise,0
2026-05-31,2026,May,Dhaka,Dhaka,M/S Osman Steel Corporation,32
2026-05-31,2026,May,North East,Lakshmipur,M/S Parvez Enterprise,0
2026-05-31,2026,May,North,Naogaon,M/S Parvez Trading-Naogaon,41
2026-05-31,2026,May,North,Dinajpur,M/S Popular Steel,0
2026-05-31,2026,May,South,Gopalganj,M/s Porosh Enterprise,13
2026-05-31,2026,May,North East,Cumilla,MS.Probashi G.I. Enterpries.,0
2026-05-31,2026,May,North,Dhaka,M/S. Purabi Traders,0
2026-05-31,2026,May,North,Pabna,M/S Rafiq Enterprise,0
2026-05-31,2026,May,North,Rajshahi,M/S Rafiqul Traders,0
2026-05-31,2026,May,South,Narail,M/S Rahit Ruchi Enterprise,0
2026-05-31,2026,May,Dhaka,Narayanganj,M/S Rahmania Enterprise,98
2026-05-31,2026,May,South,Chuadanga,M/S Rahman Traders,0
2026-05-31,2026,May,North East,Narsingdi,M/S Rahman Traders-Norsingdi,13
2026-05-31,2026,May,South,Jashore,M/S Raisa Enterprise,0
2026-05-31,2026,May,North,Thakurgaon,M/S. Raju Ceramic & Sanitary,0
2026-05-31,2026,May,Dhaka,Gazipur,M/S Rana Enterprise,0
2026-05-31,2026,May,North,Panchagarh,M/S. Rashad Traders,0
2026-05-31,2026,May,Dhaka,Dhaka,M/S. Rayhan Enterprise,49
2026-05-31,2026,May,Dhaka,Gazipur,M/S R.B Steel and Co.,26
2026-05-31,2026,May,North,Natore,M/S. Reza Enterprise,0
2026-05-31,2026,May,North,Pabna,M/S.Reza Enterprise-Pabna,0
2026-05-31,2026,May,North,Dinajpur,M/S Ripon Traders,0
2026-05-31,2026,May,Dhaka,Gazipur,M/S.Riverine Resort,0
2026-05-31,2026,May,South,Jashore,M/S R M Traders,0
2026-05-31,2026,May,North,Rangpur,M/S Rohima Traders,0
2026-05-31,2026,May,North,Panchagarh,M/S Rostom and Sons,0
2026-05-31,2026,May,North East,Cumilla,M/S. RS Hardware,0
2026-05-31,2026,May,Dhaka,Gazipur,M/S Sadar Builders,0
2026-05-31,2026,May,North,Tangail,M/S Sadia and Samia Traders,0
2026-05-31,2026,May,North,Panchagarh,M/S. Sadik Enterprise,0
2026-05-31,2026,May,South,Khulna,M/S. Safwan Corporation,0
2026-05-31,2026,May,North,Thakurgaon,M/S. Sahi-Imran Traders,0
2026-05-31,2026,May,Dhaka,Narayanganj,M/S Saif Traders,13
2026-05-31,2026,May,North,Pabna,M/S Samir Traders,53
2026-05-31,2026,May,South,Barishal,M/S Saown Traders,28
2026-05-31,2026,May,South,Barishal,M/S Sazib Trading,0
2026-05-31,2026,May,North,Bogura,M/S Sazid Traders,13
2026-05-31,2026,May,South,Madaripur,M/S Selim Enterprise and Steel,0
2026-05-31,2026,May,South,Patuakhali,M/S.Serajul Haque,0
2026-05-31,2026,May,North,Rangpur,M/S. Shafi Trading,0
2026-05-31,2026,May,South,Faridpur,M/S Shah Farid Nirman Vander,0
2026-05-31,2026,May,Dhaka,Gazipur,M/S Shahin Enterprise,0
2026-05-31,2026,May,North,Kurigram,M/S. Shaju Hardware,0
2026-05-31,2026,May,South,Jhenaidah,M/S Shamim Steel Corner,13
2026-05-31,2026,May,South,Shariatpur,M/S Shamim Traders-Sariatpur,0
2026-05-31,2026,May,South,Jhalokati,M/S Shampa Construction,0
2026-05-31,2026,May,North,Nilphamari,M/S. Sharif Construction Center,0
2026-05-31,2026,May,South,Gopalganj,M/S. Sharif Enterprise,0
2026-05-31,2026,May,North,Gaibandha,M/S Sharif Enterpris - (Gaibandha),14
2026-05-31,2026,May,South,Pirojpur,M/S. Shikder Enterprise-Pirojpur,0
2026-05-31,2026,May,South,Magura,M/S Shohag Enterprise-Satkhira,0
2026-05-31,2026,May,North,Sirajganj,M/s Shohan Iron and Steel House.,38
2026-05-31,2026,May,North,Thakurgaon,M/S. Shovon Traders,0
2026-05-31,2026,May,South,Khulna,M/S Showrov Enterprise,0
2026-05-31,2026,May,South,Narail,M/S. Sikdar Enterprise- Norail,14
2026-05-31,2026,May,North,Dinajpur,M/S. Sohidul Traders,0
2026-05-31,2026,May,South,Faridpur,M/S Sony Vander,0
2026-05-31,2026,May,North,Thakurgaon,M/S. Sulov Lauho Bitan,0
2026-05-31,2026,May,North,Chapainawabganj,M/S Sweet Enterprise,0
2026-05-31,2026,May,South,Rajbari,M/S Tahsin Hardware,0
2026-05-31,2026,May,Dhaka,Gazipur,M/S Takhiya Enterprise,0
2026-05-31,2026,May,South,Gopalganj,M/S Tasnim Enterprise,0
2026-05-31,2026,May,North,Thakurgaon,M/S. Tin Vai Enterprise,0
2026-05-31,2026,May,North,Sirajganj,M/S Tisha Enterprise,0
2026-05-31,2026,May,South,Bagerhat,M/S Tonmoy Traders,0
2026-05-31,2026,May,Dhaka,Gazipur,M/S. Tosher Enterprise,61
2026-05-31,2026,May,North,Panchagarh,M/S Vai Vai Traders-Panchagor,0
2026-05-31,2026,May,South,Bhola,M/S. Yakub Traders,0
2026-05-31,2026,May,South,Chuadanga,M/S - Younus Hardware,26
2026-05-31,2026,May,North,Rangpur,M/S. Zaman Traders-Rangpur,149
2026-05-31,2026,May,Dhaka,Dhaka,M/S Zam Zam Trading (Dhaka),0
2026-05-31,2026,May,North,Rangpur,M/S Zast Traders,0
2026-05-31,2026,May,South,Satkhira,M/S Zia Traders,0
2026-05-31,2026,May,Dhaka,Dhaka,Munshigonj Steel House,20
2026-05-31,2026,May,South,Jashore,M. Zaman Enterprise,0
2026-05-31,2026,May,South,Madaripur,Nabila Traders (Madaripur),0
2026-05-31,2026,May,North,Pabna,"Nabi Traders (Ishawrdi,  Pabna)",0
2026-05-31,2026,May,Dhaka,Dhaka,Nahar Steel,94
2026-05-31,2026,May,Dhaka,Dhaka,Nal Gulf Construction and Properties,0
2026-05-31,2026,May,North,Lalmonirhat,Narsingdi Enterprise,0
2026-05-31,2026,May,Dhaka,Dhaka,Nasrin Enterprise,8
2026-05-31,2026,May,Dhaka,Dhaka,Nation Tech Communications Limited,0
2026-05-31,2026,May,Dhaka,Dhaka,Nayeef Trading Corporation,0
2026-05-31,2026,May,North,Kurigram,Nayeem Traders (Kurigram),0
2026-05-31,2026,May,South,Barishal,Nayem Enterprise,0
2026-05-31,2026,May,South,Jashore,Nayon and Chayon,0
2026-05-31,2026,May,South,Jhenaidah,Nazmul Traders- Jhenaidah,0
2026-05-31,2026,May,North,Rangpur,Need Construction,0
2026-05-31,2026,May,South,Khulna,New Bengal Store,0
2026-05-31,2026,May,South,Dhaka,New Era Manufacturing Ltd.,0
2026-05-31,2026,May,South,Barishal,New Hasina Enterprise,0
2026-05-31,2026,May,Dhaka,Dhaka,New Sharmin Enterprise,82
2026-05-31,2026,May,Dhaka,Dhaka,Niloy Enterprise,0
2026-05-31,2026,May,South,Jhenaidah,Nishi Enterprise- Jhinaidah,0
2026-05-31,2026,May,South,Khulna,Nondi Trading Corporatin,0
2026-05-31,2026,May,North,Gaibandha,Northbengal Traders,0
2026-05-31,2026,May,South,Madaripur,Nurjahan Resourse International,0
2026-05-31,2026,May,North,Dinajpur,Nur Steel,0
2026-05-31,2026,May,North East,Cumilla,Nurul Islam,0
2026-05-31,2026,May,South,Meherpur,Padma Enterprise,0
2026-05-31,2026,May,South,Gopalganj,Pal and Sons,0
2026-05-31,2026,May,South,Chuadanga,Palash Kumer Shaha,0
2026-05-31,2026,May,North,Dhaka,Palli Tower,0
2026-05-31,2026,May,North East,Moulvibazar,Paul Traders,0
2026-05-31,2026,May,Dhaka,Dhaka,Pioneer Location Ltd.,4
2026-05-31,2026,May,Dhaka,Dhaka,Popular Enterprise,10
2026-05-31,2026,May,North,Rangpur,Prince Enterprise,0
2026-05-31,2026,May,North,Tangail,Prince Steel,0
2026-05-31,2026,May,North,Bogura,Priti Traders (Bogra),0
2026-05-31,2026,May,North,Tangail,Prodhan Traders,0
2026-05-31,2026,May,North East,Chandpur,Rabbi Traders,0
2026-05-31,2026,May,North,Tangail,Rafik and Brothers - Joypurhat,0
2026-05-31,2026,May,North East,Jamalpur,Rahi Trade,0
2026-05-31,2026,May,North East,Narsingdi,Rahman Steel House,10
2026-05-31,2026,May,North East,Chandpur,Rahman Trader's,0
2026-05-31,2026,May,South,Shariatpur,Raju Enterprise,0
2026-05-31,2026,May,North,Gaibandha,Raju Traders,0
2026-05-31,2026,May,South,Jashore,Raju Zakir Enterprise,0
2026-05-31,2026,May,North East,Brahmanbaria,R. A Khan Properties,0
2026-05-31,2026,May,South,Narail,Rakhi Enterprise,0
2026-05-31,2026,May,North,Tangail,Rasel Store,0
2026-05-31,2026,May,South,Madaripur,Rashed Enterprise (Madaripur),0
2026-05-31,2026,May,South,Jashore,Razzaque Steel House,63
2026-05-31,2026,May,South,Patuakhali,Rema Enterprise,13
2026-05-31,2026,May,North East,Kishoreganj,Renu Traders,44
2026-05-31,2026,May,North,Panchagarh,Riad Traders-Panchagor,0
2026-05-31,2026,May,South,Kushtia,R.I and Co.,0
2026-05-31,2026,May,North,Tangail,Riaz Uddin Traders,0
2026-05-31,2026,May,North,Tangail,Ridoy Enterprise- Tangail,0
2026-05-31,2026,May,Dhaka,Gazipur,Ridwan Traders,15
2026-05-31,2026,May,North,Tangail,Rina Construction,0
2026-05-31,2026,May,South,Khulna,Riya Trading International,0
2026-05-31,2026,May,North,Tangail,R. K Traders,0
2026-05-31,2026,May,South,Satkhira,Rofiqul and Brothers,0
2026-05-31,2026,May,South,Khulna,Rokeya Traders,0
2026-05-31,2026,May,Dhaka,Dhaka,Rose Sweaters Ltd.,80
2026-05-31,2026,May,North,Gaibandha,Rosid Traders,0
2026-05-31,2026,May,South,Kushtia,R. Rahman Corporation,78
2026-05-31,2026,May,Dhaka,Narayanganj,R.S Enterprise,174
2026-05-31,2026,May,South,Madaripur,R. S Enterprise-Madaripur,0
2026-05-31,2026,May,North East,Sherpur,Rubel Enterprise,0
2026-05-31,2026,May,North,Dinajpur,Rumman Traders,0
2026-05-31,2026,May,North,Dinajpur,Runa Enterprise,0
2026-05-31,2026,May,South,Barishal,Sajid and Brothers,0
2026-05-31,2026,May,South,Patuakhali,Sajid Enterprise- Patuakhali,0
2026-05-31,2026,May,South,Kushtia,Salam and Sons,39
2026-05-31,2026,May,North East,Noakhali,Saleha Construction and Supplier,0
2026-05-31,2026,May,South,Kushtia,Saleha Traders,94
2026-05-31,2026,May,South,Madaripur,Sale Steel,0
2026-05-31,2026,May,South,Satkhira,Samannay Traders,0
2026-05-31,2026,May,North,Chapainawabganj,Sanaullah and Sons,0
2026-05-31,2026,May,North,Sirajganj,Sarkar Trading (Sirajgonj),12
2026-05-31,2026,May,North,Dinajpur,Sarker Brothers,0
2026-05-31,2026,May,South,Barishal,Satata Enterprise,0
2026-05-31,2026,May,South,Faridpur,Sathi Store,0
2026-05-31,2026,May,North,Pabna,S A Traders-Pabna,0
2026-05-31,2026,May,North East,Jamalpur,Sattar Traders,0
2026-05-31,2026,May,North,Rajshahi,SB Laboratories,0
2026-05-31,2026,May,South,Faridpur,S.B Traders - Faridpur,0
2026-05-31,2026,May,South,Shariatpur,Seba Trading Corporation,0
2026-05-31,2026,May,Dhaka,Dhaka,Selim Malik Traders,0
2026-05-31,2026,May,North,Panchagarh,Shaha Traders,0
2026-05-31,2026,May,North East,Mymensingh,Shahbuddin and Brothers,0
2026-05-31,2026,May,North East,Mymensingh,Shahin Enterprise,0
2026-05-31,2026,May,South,Jhenaidah,Shahin Traders,0
2026-05-31,2026,May,South,Narail,Shahin Traders - Narail,75
2026-05-31,2026,May,North,Rangpur,Shah Md Ashrafudulla,0
2026-05-31,2026,May,North East,Chandpur,Shakil Enterprise- Chandpur,0
2026-05-31,2026,May,South,Khulna,Shamim and Co,0
2026-05-31,2026,May,North East,Chandpur,Shamima Traders,0
2026-05-31,2026,May,South,Bhola,Shanaullah Enterprise,0
2026-05-31,2026,May,North,Rajshahi,Shanto Hardware,0
2026-05-31,2026,May,South,Khulna,Sharif and Co,0
2026-05-31,2026,May,South,Magura,Sharif Steel  Corner,40
2026-05-31,2026,May,South,Barguna,Sharmi Enterprise- Borguna,0
2026-05-31,2026,May,South,Gopalganj,Shawkat Hossain Mollah,0
2026-05-31,2026,May,North East,Mymensingh,Shayan Traders,0
2026-05-31,2026,May,South,Satkhira,Sheikh Brothers-Satkhira,0
2026-05-31,2026,May,North,Gaibandha,Shetu Traders- Gaibandha,0
2026-05-31,2026,May,Dhaka,Narayanganj,Shifat Enterprise-N.Ganj,17
2026-05-31,2026,May,South,Khulna,Shikder and Brothers,0
2026-05-31,2026,May,North East,Kishoreganj,Shimu Traders,0
2026-05-31,2026,May,South,Chuadanga,Shohag Enterprise,0
2026-05-31,2026,May,North,Natore,Shohug Machineries  and Traders,0
2026-05-31,2026,May,South,Bagerhat,Shotota Enterprise,0
2026-05-31,2026,May,North East,Brahmanbaria,Shuvo Enterprise (Ashuganj),0
2026-05-31,2026,May,South,Narail,Shuvo Enterprise - Norail,0
2026-05-31,2026,May,South,Jhenaidah,Siddique Cycle Store and Traders,0
2026-05-31,2026,May,North East,Sylhet,Siddiquey Construction,13
2026-05-31,2026,May,Dhaka,Dhaka,Sikder Enterprise (Keranigonj),31
2026-05-31,2026,May,South,Gopalganj,Sikder Traders-Goplagonj,0
2026-05-31,2026,May,North,Pabna,Sikder Traders (Pabna),26
2026-05-31,2026,May,North East,Cumilla,Silver Tiles and Sanitary,0
2026-05-31,2026,May,Dhaka,Manikganj,Singair Alfi Trade Link.,0
2026-05-31,2026,May,North,Dhaka,Sirajgonj Iron and Steel House,0
2026-05-31,2026,May,South,Dhaka,S.M Kamruzzaman,0
2026-05-31,2026,May,Dhaka,Dhaka,Sohel Traders (Karanigonj),3
2026-05-31,2026,May,South,Narayanganj,Sonali Enterprise,0
2026-05-31,2026,May,North,Gaibandha,Sorif Traders,27
2026-05-31,2026,May,North,Nilphamari,Sourov Traders,26
2026-05-31,2026,May,North East,Jamalpur,S.R.S Construction,0
2026-05-31,2026,May,North,Thakurgaon,S. R. Traders,0
2026-05-31,2026,May,South,Bagerhat,S.R Traders -Bagerhat,0
2026-05-31,2026,May,South,Khulna,S. S. Syndicate,0
2026-05-31,2026,May,South,Satkhira,S S Traders,0
2026-05-31,2026,May,Dhaka,Gazipur,S T Enterprise,217
2026-05-31,2026,May,South,Jhenaidah,Suborna Traders,0
2026-05-31,2026,May,Dhaka,Gazipur,Suma Enterprise - Sofipur,113
2026-05-31,2026,May,South,Shariatpur,Sumon Enterprise,0
2026-05-31,2026,May,South,Khulna,Sumon Traders,0
2026-05-31,2026,May,South,Manikganj,Sundorban Hardware,0
2026-05-31,2026,May,North,Pabna,Swapan Traders,0
2026-05-31,2026,May,South,Jashore,Tahmina Enterprise,0
2026-05-31,2026,May,North,Thakurgaon,Tamanna Enterprise-Thakurgaon,0
2026-05-31,2026,May,South,Gopalganj,Tamim Enterprise,0
2026-05-31,2026,May,North,Rajshahi,Tariq  Enterprise,65
2026-05-31,2026,May,South,Narail,Tazmin Enterprise,13
2026-05-31,2026,May,Dhaka,Dhaka,The Barik Brothers,446
2026-05-31,2026,May,Dhaka,Dhaka,Three Star Co-Operative Multipurpose Ltd.,0
2026-05-31,2026,May,South,Patuakhali,Three Star Enterprise,0
2026-05-31,2026,May,Dhaka,Dhaka,"Tipu and Co.( Rayerbag, Jatrabari)",8
2026-05-31,2026,May,South,Meherpur,Tohmina Engineering Workshop,0
2026-05-31,2026,May,Dhaka,Dhaka,Trendy Textiles Ltd.,11
2026-05-31,2026,May,North East,Mymensingh,Tripti Steel Bitan,0
2026-05-31,2026,May,North,Rangpur,T.S.Enterprise(Rangpur),0
2026-05-31,2026,May,North,Sirajganj,Ullapara Variety Store,13
2026-05-31,2026,May,South,Jhenaidah,Unique Construction,0
2026-05-31,2026,May,South,Khulna,Unique International,0
2026-05-31,2026,May,North East,Netrokona,Vodra Traders,0
2026-05-31,2026,May,Dhaka,Manikganj,Wazuddin Traders,39
2026-05-31,2026,May,North East,Sylhet,Windsor Hotel & Resorts Ltd.,0
2026-05-31,2026,May,North East,Noakhali,Yeasin Traders,25
2026-05-31,2026,May,Dhaka,Narayanganj,York  Composite Ltd,0
2026-05-31,2026,May,Dhaka,Narayanganj,York Fashion Ltd.,0
2026-05-31,2026,May,Dhaka,Dhaka,Younus Traders,0
2026-05-31,2026,May,South,Bhola,Zabbar Biswas Traders,26
2026-05-31,2026,May,Dhaka,Dhaka,Zaman Traders ( Savar),52
2026-06-30,2026,Jun,North East,Narsingdi,3D Comet Design & Consultant,0
2026-06-30,2026,Jun,North,Lalmonirhat,Abdul Hakim,0
2026-06-30,2026,Jun,North,Tangail,Abdul Malek - Rangpur,0
2026-06-30,2026,Jun,North,Dinajpur,Abdur Rauf-Dinajpur,0
2026-06-30,2026,Jun,South,Khulna,Abdur Razzak Aziz- Khulna,179
2026-06-30,2026,Jun,South,Shariatpur,Abdus Salam Farazi,0
2026-06-30,2026,Jun,North East,Sylhet,Abdus Shohid Construction,0
2026-06-30,2026,Jun,Dhaka,Dhaka,Abir Enterprise,23
2026-06-30,2026,Jun,North,Bogura,ABK Krishi Beez Himagar,0
2026-06-30,2026,Jun,South,Pirojpur,A.B.L.Builders,0
2026-06-30,2026,Jun,North,Pabna,Abul Hossain Traders,0
2026-06-30,2026,Jun,South,Barguna,Agrani Traders,14
2026-06-30,2026,Jun,South,Khulna,Ahad Enterprise,0
2026-06-30,2026,Jun,North East,Narsingdi,Ahasan Store,0
2026-06-30,2026,Jun,North,Chapainawabganj,Ahmed Store- C. Gonj,0
2026-06-30,2026,Jun,North,Bogura,Ahmed Traders-Bogra,0
2026-06-30,2026,Jun,North,Pabna,Ahsan Trading,0
2026-06-30,2026,Jun,North East,Dhaka,AK Developers Ltd.,20
2026-06-30,2026,Jun,North East,Sylhet,A.K Enterprise (Sylhet),0
2026-06-30,2026,Jun,Dhaka,Dhaka,Akhter Traders,0
2026-06-30,2026,Jun,North,Bogura,Akkash Ali Traders,0
2026-06-30,2026,Jun,North,Bogura,Alam and Brothers,0
2026-06-30,2026,Jun,South,Patuakhali,Al-Amin Traders-Patuakhali,0
2026-06-30,2026,Jun,North,Tangail,Alam Motors,0
2026-06-30,2026,Jun,South,Faridpur,Al-Bagdad Iron Steel- Faridpur,0
2026-06-30,2026,Jun,Dhaka,Dhaka,Al Baraka Steel Corporation- Mirpur,0
2026-06-30,2026,Jun,North East,Brahmanbaria,Al Ekram Traders,0
2026-06-30,2026,Jun,North,Rangpur,Alhaj Atiar Rahman,0
2026-06-30,2026,Jun,North,Dinajpur,Al Haj Traders,81
2026-06-30,2026,Jun,North East,Feni,Al Haj Zakir Enterprise,0
2026-06-30,2026,Jun,North,Dinajpur,Alif Trading,13
2026-06-30,2026,Jun,South,Bagerhat,Allahardan Enterprise-Bagerhat,0
2026-06-30,2026,Jun,South,Satkhira,Allahardan  Hardware,0
2026-06-30,2026,Jun,South,Satkhira,Allahar Dan Iron Store,0
2026-06-30,2026,Jun,North,Rajshahi,Al Manar Steel,26
2026-06-30,2026,Jun,Dhaka,Dhaka,Aman  Steel Corporation,48
2026-06-30,2026,Jun,North East,Jamalpur,Amena Enterprise-Jamalpur,0
2026-06-30,2026,Jun,Dhaka,Dhaka,Amin and Brother,0
2026-06-30,2026,Jun,South,Bagerhat,Amin Enterprise,0
2026-06-30,2026,Jun,South,Shariatpur,Amin Store,0
2026-06-30,2026,Jun,North East,Jamalpur,Amin Traders,0
2026-06-30,2026,Jun,South,Dhaka,Aminul Islam- Kustia,0
2026-06-30,2026,Jun,North,Tangail,Anny Construction,0
2026-06-30,2026,Jun,South,Satkhira,Anowar Trading,0
2026-06-30,2026,Jun,South,Rajbari,Anupam Nirmata,0
2026-06-30,2026,Jun,South,Rajbari,Anwar Traders,13
2026-06-30,2026,Jun,Dhaka,Dhaka,Arafah Development and Builders Ltd.,0
2026-06-30,2026,Jun,Dhaka,Dhaka,Arafat Trading,0
2026-06-30,2026,Jun,South,Khulna,Arafat Trading - Khulna,0
2026-06-30,2026,Jun,Dhaka,Narayanganj,AR Building Design and Construction,40
2026-06-30,2026,Jun,Dhaka,Dhaka,A.R Corporation,50
2026-06-30,2026,Jun,North East,Dhaka,ARF Trading International,0
2026-06-30,2026,Jun,Dhaka,Gazipur,Arifa Enterprise,43
2026-06-30,2026,Jun,South,Meherpur,Arif Enterprise,0
2026-06-30,2026,Jun,North,Sirajganj,Ariful Islam Traders,0
2026-06-30,2026,Jun,Dhaka,Dhaka,Arowa Traders,661
2026-06-30,2026,Jun,North,Dhaka,A.R. Trading (Rangpur),0
2026-06-30,2026,Jun,Dhaka,Gazipur,Ashik Traders,134
2026-06-30,2026,Jun,South,Barguna,Ashraful Enterprise,0
2026-06-30,2026,Jun,North,Dinajpur,Asma Traders,0
2026-06-30,2026,Jun,North East,Cumilla,A.Wohab and Sons,0
2026-06-30,2026,Jun,North East,Feni,Ayesha Enterprise,0
2026-06-30,2026,Jun,South,Shariatpur,Azad Traders - Soriotpur,0
2026-06-30,2026,Jun,North East,Chandpur,Aziz Brothers,0
2026-06-30,2026,Jun,South,Jhenaidah,Azizul Haque,0
2026-06-30,2026,Jun,North East,Chandpur,Bablu and Brothers,0
2026-06-30,2026,Jun,South,Barishal,Barishal Iron House,13
2026-06-30,2026,Jun,North,Tangail,Basail Trading House,0
2026-06-30,2026,Jun,North East,Jamalpur,Bashonti Traders,0
2026-06-30,2026,Jun,North,Rangpur,Bengal and Company,28
2026-06-30,2026,Jun,South,Jashore,Bhai Bhai Enterprise,0
2026-06-30,2026,Jun,South,Madaripur,Bhai Bhai Traders - Madaripur,0
2026-06-30,2026,Jun,North,Kurigram,Bhai Bhai Trading,44
2026-06-30,2026,Jun,Dhaka,Gazipur,Bhai Bhon Enterprise,5
2026-06-30,2026,Jun,North,Tangail,Bhuiyan Traders- Mirzapur,0
2026-06-30,2026,Jun,South,Bagerhat,Bismillah Enterprise-Bagerhat,0
2026-06-30,2026,Jun,Dhaka,Dhaka,Bismillah Enterprise-Savar,0
2026-06-30,2026,Jun,South,Magura,Bismillah Steel Corner,0
2026-06-30,2026,Jun,South,Khulna,Bismillah Steel House,0
2026-06-30,2026,Jun,Dhaka,Dhaka,Bismillah Traders-Dhaka,167
2026-06-30,2026,Jun,North East,Narsingdi,Bismillah Traders -Narsingdi,0
2026-06-30,2026,Jun,South,Satkhira,Bismillah Traders-Satkhira,0
2026-06-30,2026,Jun,North,Sirajganj,Borsha Enterprise,0
2026-06-30,2026,Jun,South,Dhaka,BRB Cable Industries Ltd. (Dr.),0
2026-06-30,2026,Jun,South,Kushtia,Bristy Traders,0
2026-06-30,2026,Jun,South,Chuadanga,Brothers Traders,78
2026-06-30,2026,Jun,Dhaka,Dhaka,Capital Builders,48
2026-06-30,2026,Jun,North East,Chandpur,Chandpur Real Estate,0
2026-06-30,2026,Jun,South,Patuakhali,Choudhory Enterprise,0
2026-06-30,2026,Jun,South,Patuakhali,Chowa Traders,0
2026-06-30,2026,Jun,North East,Sylhet,Chowdhury Trading,0
2026-06-30,2026,Jun,North,Tangail,Chunailal Traders,0
2026-06-30,2026,Jun,North East,Mymensingh,Community Health Foundation Bangladesh,0
2026-06-30,2026,Jun,Dhaka,Dhaka,Daruma Builders and Engineering Ltd.,31
2026-06-30,2026,Jun,North,Tangail,Das Traders,0
2026-06-30,2026,Jun,South,Gopalganj,Delwar and Brothers - Gopalgonj,0
2026-06-30,2026,Jun,North East,Feni,Desh Agency,0
2026-06-30,2026,Jun,North,Dhaka,Dhaka MH Construction Ltd.,20
2026-06-30,2026,Jun,South,Kushtia,Dhaka Steel,143
2026-06-30,2026,Jun,North,Pabna,Dhaka Steel King,39
2026-06-30,2026,Jun,Dhaka,Gazipur,Dhaka Trade Centre,39
2026-06-30,2026,Jun,North,Naogaon,Dipak Kumar Deb,0
2026-06-30,2026,Jun,Dhaka,Dhaka,Dipti Traders,19
2026-06-30,2026,Jun,North,Pabna,D.K Traders,0
2026-06-30,2026,Jun,North,Dhaka,Doctors Community Hospital (Pvt.)Ltd.,14
2026-06-30,2026,Jun,North East,Chandpur,Doha Traders,0
2026-06-30,2026,Jun,North,Nilphamari,DOSHMILE TRADERS,0
2026-06-30,2026,Jun,North East,Mymensingh,Dulal Traders,0
2026-06-30,2026,Jun,North,Chapainawabganj,Emdadul Haque,0
2026-06-30,2026,Jun,South,Jhenaidah,Emon Enterprise,13
2026-06-30,2026,Jun,North,Dinajpur,Eng.Md.Mohsin Ali,0
2026-06-30,2026,Jun,North East,Cumilla,Engr. Shafiqul Islam Build and Consultancy,0
2026-06-30,2026,Jun,North East,Brahmanbaria,Eng. Suman Datta,0
2026-06-30,2026,Jun,Dhaka,Gazipur,Evan Enterprise,12
2026-06-30,2026,Jun,Dhaka,Dhaka,Experience Textile Limited,0
2026-06-30,2026,Jun,Dhaka,Dhaka,Fakir Chan Bepari and Sons,0
2026-06-30,2026,Jun,Dhaka,Dhaka,Fame Structure Ltd.,0
2026-06-30,2026,Jun,North,Kurigram,Farhad and Brothers,26
2026-06-30,2026,Jun,Dhaka,Dhaka,Farid Enterprise,0
2026-06-30,2026,Jun,Dhaka,Manikganj,Faruk and Brothers,85
2026-06-30,2026,Jun,South,Meherpur,Faruk Enterprise - Meherpur,0
2026-06-30,2026,Jun,Dhaka,Dhaka,Feni Traders,0
2026-06-30,2026,Jun,South,Meherpur,F.K Trade,0
2026-06-30,2026,Jun,North,Dhaka,F M Trading International,0
2026-06-30,2026,Jun,North East,Cumilla,FNF Steel,0
2026-06-30,2026,Jun,North East,Noakhali,Foyez Store,0
2026-06-30,2026,Jun,North East,Chattogram,Friends International,50
2026-06-30,2026,Jun,North East,Mymensingh,F.S Enterprise,165
2026-06-30,2026,Jun,North,Thakurgaon,Gallery Traders,0
2026-06-30,2026,Jun,South,Barishal,Gangashari Traders,0
2026-06-30,2026,Jun,North,Dinajpur,Gausheyz Ventores,28
2026-06-30,2026,Jun,Dhaka,Dhaka,Gawsia Enterprise,288
2026-06-30,2026,Jun,Dhaka,Gazipur,Giash Steel,3
2026-06-30,2026,Jun,South,Barguna,GM Ikfa Enterprise,0
2026-06-30,2026,Jun,North East,Cumilla,Grameen Traders,0
2026-06-30,2026,Jun,North East,Mymensingh,Greenland Developers (Pvt.)Ltd.,0
2026-06-30,2026,Jun,South,Faridpur,Habib Enterprise-Faridpur,40
2026-06-30,2026,Jun,Dhaka,Gazipur,Haji Enterprise - Gazipur,159
2026-06-30,2026,Jun,North,Dinajpur,Hamana Traders,0
2026-06-30,2026,Jun,North,Rangpur,Hamid and Sons,0
2026-06-30,2026,Jun,South,Jashore,Hamid Traders,0
2026-06-30,2026,Jun,South,Madaripur,Hamim International,0
2026-06-30,2026,Jun,North,Chapainawabganj,Hammad and Sons,0
2026-06-30,2026,Jun,South,Chuadanga,Hannan and Brothers-Chuadanga,0
2026-06-30,2026,Jun,North,Bogura,Hannan Traders,55
2026-06-30,2026,Jun,North East,Mymensingh,Haque and Brothers,0
2026-06-30,2026,Jun,South,Bhola,Haque and Sons-Bhola,0
2026-06-30,2026,Jun,South,Jhenaidah,Haque and Sons-Jhenaidah,0
2026-06-30,2026,Jun,North,Sirajganj,Haque Iron,0
2026-06-30,2026,Jun,North,Tangail,Harun Enterprise,151
2026-06-30,2026,Jun,South,Barishal,Hawlader Iron Store,0
2026-06-30,2026,Jun,North East,Brahmanbaria,Hazi Mobarak Traders,0
2026-06-30,2026,Jun,North,Dinajpur,Hera Traders,0
2026-06-30,2026,Jun,North East,Brahmanbaria,H K Al Madina Traders,65
2026-06-30,2026,Jun,Dhaka,Dhaka,Hobigonj Traders,7
2026-06-30,2026,Jun,North,Dhaka,Hossain Construction ( Pvt ) Ltd,0
2026-06-30,2026,Jun,North East,Kishoreganj,Hossen Bhuiyan Steel House,0
2026-06-30,2026,Jun,South,Khulna,Howlader and Company,0
2026-06-30,2026,Jun,Dhaka,Dhaka,Howlader Enterprise,229
2026-06-30,2026,Jun,South,Jhalokati,Howlader Traders-Jhalokathi,0
2026-06-30,2026,Jun,Dhaka,Dhaka,H.S Corporation,6
2026-06-30,2026,Jun,North,Gaibandha,Humayan Kabir Traders-Gaibandha,0
2026-06-30,2026,Jun,South,Kushtia,Hymo International,0
2026-06-30,2026,Jun,North,Rangpur,Imarat Trading,42
2026-06-30,2026,Jun,South,Satkhira,Imarot Trading-Satkhira,0
2026-06-30,2026,Jun,North,Rangpur,Imperial Sanitary House,14
2026-06-30,2026,Jun,North East,Cumilla,Insaf Construction,0
2026-06-30,2026,Jun,South,Faridpur,Iron and Steel House,0
2026-06-30,2026,Jun,North East,Cumilla,Islam and Sons,0
2026-06-30,2026,Jun,North,Bogura,Islam Brothers-Bogura,0
2026-06-30,2026,Jun,South,Jashore,Islam Traders-Jessore,0
2026-06-30,2026,Jun,North,Tangail,I.V Methi Traders,0
2026-06-30,2026,Jun,South,Faridpur,Jahangir Store - Faridpur,0
2026-06-30,2026,Jun,South,Satkhira,Jaman Traders,0
2026-06-30,2026,Jun,North,Dhaka,Janata Enterprise- Sirajgonj,0
2026-06-30,2026,Jun,North,Dhaka,Janata Steel and Iron House,0
2026-06-30,2026,Jun,North,Bogura,J and Ma Enterprise,0
2026-06-30,2026,Jun,South,Faridpur,Jaseka Traders,103
2026-06-30,2026,Jun,North East,Noakhali,Jashim Steel House,26
2026-06-30,2026,Jun,North,Lalmonirhat,Jerin Enterprise,0
2026-06-30,2026,Jun,North East,Kishoreganj,Jesan Traders,0
2026-06-30,2026,Jun,South,Jashore,JesminSanitary and Iron Store,13
2026-06-30,2026,Jun,South,Narail,Jhorna Enterprise,0
2026-06-30,2026,Jun,South,Khulna,Joint Enterprise,0
2026-06-30,2026,Jun,North,Tangail,Joy Joya Enterprise,104
2026-06-30,2026,Jun,South,Shariatpur,Julhas and Brothers,0
2026-06-30,2026,Jun,North,Bogura,Kabir Traders-Bogra,0
2026-06-30,2026,Jun,North East,Cumilla,Kajol Enterprise,0
2026-06-30,2026,Jun,North East,Cumilla,Kalam and Sons,0
2026-06-30,2026,Jun,South,Faridpur,Kamarjani Traders,0
2026-06-30,2026,Jun,Dhaka,Gazipur,Kamrul Trading Corporation,40
2026-06-30,2026,Jun,South,Faridpur,Kamruzzaman Enterprise,0
2026-06-30,2026,Jun,South,Kushtia,Kanak Traders-Kustia,0
2026-06-30,2026,Jun,Dhaka,Gazipur,Kashem and Sons,16
2026-06-30,2026,Jun,North East,Noakhali,Kashem Traders (Noakhali),0
2026-06-30,2026,Jun,North,Kurigram,Khairul Enterprise,0
2026-06-30,2026,Jun,Dhaka,Dhaka,Khalid Trading Corporation,0
2026-06-30,2026,Jun,South,Jhalokati,Khan Builders,0
2026-06-30,2026,Jun,Dhaka,Dhaka,Khan Enterprise,209
2026-06-30,2026,Jun,North East,Lakshmipur,Khan Machineries Store,0
2026-06-30,2026,Jun,South,Khulna,Khan Traders -Khulna,14
2026-06-30,2026,Jun,South,Madaripur,Khan Traders- Madaripur,13
2026-06-30,2026,Jun,South,Madaripur,Khan Traders- Shibchor,0
2026-06-30,2026,Jun,North East,Chandpur,Khaza Variety Store,0
2026-06-30,2026,Jun,Dhaka,Gazipur,Khurshida Builders,137
2026-06-30,2026,Jun,South,Narail,King Builders,0
2026-06-30,2026,Jun,North,Rajshahi,Kismot Trading Corporation,0
2026-06-30,2026,Jun,South,Barishal,K K Enterprise,0
2026-06-30,2026,Jun,North,Dinajpur,Kobir Traders,0
2026-06-30,2026,Jun,North East,Mymensingh,K.S. Trading,0
2026-06-30,2026,Jun,North,Dinajpur,Kumor Uddin and Sons,0
2026-06-30,2026,Jun,North,Dinajpur,Kundu Brothers,0
2026-06-30,2026,Jun,South,Faridpur,Kustia Enterprise,0
2026-06-30,2026,Jun,South,Barishal,Layla Builders,0
2026-06-30,2026,Jun,South,Patuakhali,Lila Enterprise,0
2026-06-30,2026,Jun,North,Tangail,Liton Enterprise,0
2026-06-30,2026,Jun,North,Nilphamari,L.N Trading Co.,52
2026-06-30,2026,Jun,Dhaka,Dhaka,Longan Properties Ltd.,3
2026-06-30,2026,Jun,North East,Mymensingh,Lubaba  Enterprise,0
2026-06-30,2026,Jun,North East,Sylhet,Ludhi Steel Marchant,255
2026-06-30,2026,Jun,North East,Feni,Madani Traders,13
2026-06-30,2026,Jun,South,Shariatpur,Madbor Enterprise,27
2026-06-30,2026,Jun,North East,Netrokona,Mahabub Traders,0
2026-06-30,2026,Jun,Dhaka,Dhaka,Mahadi Design and Construction,12
2026-06-30,2026,Jun,North,Rajshahi,Mahamud Enterprise,0
2026-06-30,2026,Jun,North,Thakurgaon,Mahbub Enterprise,0
2026-06-30,2026,Jun,South,Jhenaidah,Mahir Trading,0
2026-06-30,2026,Jun,North East,Mymensingh,Mahi Traders,0
2026-06-30,2026,Jun,North,Dinajpur,Mahi Traders-Dinajpur,0
2026-06-30,2026,Jun,South,Jashore,Mahiya Kabir Corporation,26
2026-06-30,2026,Jun,North,Bogura,Mahmud Mahbub Traders,0
2026-06-30,2026,Jun,Dhaka,Dhaka,Makkah Traders,168
2026-06-30,2026,Jun,Dhaka,Gazipur,Mamun Enterprise-Gazipur,177
2026-06-30,2026,Jun,North East,Sylhet,Mamun Enterprise- Shylet,0
2026-06-30,2026,Jun,North,Pabna,Mamun Traders-Pabna,53
2026-06-30,2026,Jun,South,Kushtia,Mannan Hardware and Iron Store,0
2026-06-30,2026,Jun,Dhaka,Narayanganj,Mashin Corporation,0
2026-06-30,2026,Jun,North,Bogura,Master Traders (Shantahar),26
2026-06-30,2026,Jun,South,Barishal,Masud Enterprise,0
2026-06-30,2026,Jun,South,Madaripur,Mayer Doa Enterprise,0
2026-06-30,2026,Jun,North East,Netrokona,Mayer Doa Traders,0
2026-06-30,2026,Jun,South,Bagerhat,Media Enterprise,0
2026-06-30,2026,Jun,South,Shariatpur,M H Traders,0
2026-06-30,2026,Jun,North East,Cumilla,Mili Enterprise,0
2026-06-30,2026,Jun,Dhaka,Gazipur,Mim Enterprise,31
2026-06-30,2026,Jun,Dhaka,Dhaka,Misti Enterprise,3
2026-06-30,2026,Jun,North East,Jamalpur,Mizan and Son's,0
2026-06-30,2026,Jun,South,Jhalokati,M Khan Ltd.,0
2026-06-30,2026,Jun,North East,Mymensingh,M K Traders,0
2026-06-30,2026,Jun,Dhaka,Dhaka,Modina Steel Corporation,210
2026-06-30,2026,Jun,North East,Sherpur,Mofazzal Enterprise,57
2026-06-30,2026,Jun,South,Kushtia,Mokka Enterprise- Kustia,0
2026-06-30,2026,Jun,South,Magura,Molla Banijjo Vander,39
2026-06-30,2026,Jun,North East,Cumilla,Molla Traders- Comilla,0
2026-06-30,2026,Jun,South,Jashore,Mollik Enterprise-Khulna,0
2026-06-30,2026,Jun,North,Dinajpur,Mondol Traders - Dinajpur,0
2026-06-30,2026,Jun,North,Kurigram,Mondol Traders- Kurigram,0
2026-06-30,2026,Jun,North,Sirajganj,Mondol Traders- Sirajgonj,0
2026-06-30,2026,Jun,Dhaka,Dhaka,Monir Enterprise,0
2026-06-30,2026,Jun,North,Dinajpur,Monoj Kumar Mallick,0
2026-06-30,2026,Jun,North East,Brahmanbaria,Morsalin Traders,0
2026-06-30,2026,Jun,North East,Jamalpur,Morzina Steel House,0
2026-06-30,2026,Jun,South,Barishal,Moshiur Rahman Minto,0
2026-06-30,2026,Jun,North,Tangail,Mostafa Enterprise-Tangail,0
2026-06-30,2026,Jun,North,Rangpur,M.R Traders,0
2026-06-30,2026,Jun,South,Narail,M/S Abdul Hadi Traders,0
2026-06-30,2026,Jun,North,Naogaon,M/S Abdullah Traders,0
2026-06-30,2026,Jun,North,Sirajganj,M/S Abdus Samad Khan,0
2026-06-30,2026,Jun,North East,Cumilla,M/S Abedin Enterprise,0
2026-06-30,2026,Jun,South,Patuakhali,M/S. Abul Kalam Azad,0
2026-06-30,2026,Jun,North East,Narsingdi,M/S Adiat Traders,0
2026-06-30,2026,Jun,Dhaka,Dhaka,M/S Adil Enterprise,3
2026-06-30,2026,Jun,North,Pabna,M/S Adi Saha Trading,0
2026-06-30,2026,Jun,South,Satkhira,M/S. Afroz Enterprise,0
2026-06-30,2026,Jun,North,Dinajpur,M/S Aftabganj Hardware Store,28
2026-06-30,2026,Jun,South,Rajbari,M/S Al-Amin Traders,0
2026-06-30,2026,Jun,North,Nilphamari,M/S. Al Amin Traders-Nilphamary,0
2026-06-30,2026,Jun,North East,Netrokona,M/S Alam Traders,0
2026-06-30,2026,Jun,North,Dinajpur,M/S. Alhaj Traders-Dinajpur,0
2026-06-30,2026,Jun,South,Shariatpur,M/S Aliuzzaman Mir Malot,0
2026-06-30,2026,Jun,Dhaka,Gazipur,M/S Al-Madina Enterprise,0
2026-06-30,2026,Jun,South,Kushtia,M/S. Al-Nobi Hardware & Sanitary,0
2026-06-30,2026,Jun,North East,Noakhali,M/S Anisha Enterprise,0
2026-06-30,2026,Jun,North East,Chandpur,M/S.Anisha Multi Trade,13
2026-06-30,2026,Jun,North,Sirajganj,M/S Anowar Enterprise,0
2026-06-30,2026,Jun,South,Barguna,M/S. Anower Brick,0
2026-06-30,2026,Jun,Dhaka,Gazipur,M/S Arif Traders,7
2026-06-30,2026,Jun,South,Faridpur,M/S Asraf  and Sons,0
2026-06-30,2026,Jun,South,Jhenaidah,M/S. Astha Builders,0
2026-06-30,2026,Jun,South,Barguna,M/S Ayaan Traders,53
2026-06-30,2026,Jun,South,Jashore,M/S Ayesha Steel Corporation,0
2026-06-30,2026,Jun,South,Patuakhali,M/S. Azad Enterprise,0
2026-06-30,2026,Jun,South,Jashore,M/S Azim Shah Traders,27
2026-06-30,2026,Jun,South,Jashore,M/S Babu Traders,0
2026-06-30,2026,Jun,South,Magura,M/S Bali Construction,0
2026-06-30,2026,Jun,South,Chuadanga,M/S. Bani Traders,0
2026-06-30,2026,Jun,Dhaka,Dhaka,M/S Bepari Traders,0
2026-06-30,2026,Jun,South,Rajbari,M/S Bepari Traders - Rajbari,0
2026-06-30,2026,Jun,Dhaka,Dhaka,M/S Bhai Bhai Traders and Engineering Works,6
2026-06-30,2026,Jun,North,Dinajpur,M/S. Bhai Bhai Traders (Dinajpur),0
2026-06-30,2026,Jun,North East,Cumilla,M/S Bhuiyan Traders-Cumilla,0
2026-06-30,2026,Jun,North East,Noakhali,M/S Bhuiyan Traders-Noakhali,0
2026-06-30,2026,Jun,North East,Chandpur,MS.Billal Traders-Chandpur,0
2026-06-30,2026,Jun,Dhaka,Dhaka,M/S Bismillah Enterprise (Sobujbagh),94
2026-06-30,2026,Jun,North East,Mymensingh,M/S Bismillah Hardware and Glass House,0
2026-06-30,2026,Jun,North East,Kishoreganj,M/S Bismillah Traders- Bhairob,26
2026-06-30,2026,Jun,North East,Kishoreganj,M/S Bismillah Traders-Mymensing,0
2026-06-30,2026,Jun,North,Naogaon,M/S. Bismillha Traders-Naoga,0
2026-06-30,2026,Jun,South,Jhenaidah,M/S Bondhu Enterprise,79
2026-06-30,2026,Jun,North,Sherpur,M/S. Bondhu Enterprise-Bogra,0
2026-06-30,2026,Jun,South,Bhola,M/S Bushra Construction,0
2026-06-30,2026,Jun,North,Bogura,M/S. Bushra Traders,151
2026-06-30,2026,Jun,South,Jashore,M/S Chitra Trading,28
2026-06-30,2026,Jun,South,Madaripur,M/S City Build Trade,0
2026-06-30,2026,Jun,North,Lalmonirhat,M/s Dhorla Trading,0
2026-06-30,2026,Jun,South,Jashore,M/S. Dipro Enterprise,0
2026-06-30,2026,Jun,South,Faridpur,M/S. Durgapur Hi Tech,0
2026-06-30,2026,Jun,North East,Narsingdi,M/S Easy Builders,0
2026-06-30,2026,Jun,South,Khulna,M/S. Elina Enterprise,0
2026-06-30,2026,Jun,South,Pirojpur,M/S Emon Enterprise,0
2026-06-30,2026,Jun,North East,Dhaka,M/S. Engineer Builders,0
2026-06-30,2026,Jun,North East,Cumilla,M/S. Faisal Enterprise,0
2026-06-30,2026,Jun,South,Gopalganj,M/S Fakir and Sons,0
2026-06-30,2026,Jun,South,Satkhira,M/S Faruk Traders-Sathkhira,0
2026-06-30,2026,Jun,South,Meherpur,M/S. Fojilatun Nesha &Sons,0
2026-06-30,2026,Jun,South,Barishal,M/S Forkan Traders,0
2026-06-30,2026,Jun,South,Gopalganj,M/S Friends Enterprise,0
2026-06-30,2026,Jun,North East,Cumilla,M/S Gaji Hardware,0
2026-06-30,2026,Jun,North,Naogaon,M/S Gitanjoli Traders,28
2026-06-30,2026,Jun,North,Kurigram,M/S. G.M Enterprise,0
2026-06-30,2026,Jun,Dhaka,Dhaka,M/S. Hailmi Enterprise,0
2026-06-30,2026,Jun,North East,Cumilla,M/S Hanif Enterprise,0
2026-06-30,2026,Jun,Dhaka,Dhaka,M/S Haque and Hasan Traders,0
2026-06-30,2026,Jun,North East,Feni,M/S Haque Enterprise,0
2026-06-30,2026,Jun,North East,Brahmanbaria,M/S. Hasan Enterprise,13
2026-06-30,2026,Jun,South,Satkhira,M/S. Hasan Traders-Satkhira,0
2026-06-30,2026,Jun,North,Dinajpur,M/S Hashem Traders,0
2026-06-30,2026,Jun,South,Shariatpur,M/S. Hawlader Enterprise-Sariatpur,0
2026-06-30,2026,Jun,North East,Dhaka,M/S Hazi Abdul Khalique  & Son's,0
2026-06-30,2026,Jun,Dhaka,Dhaka,M/S Hazi Sarif Munshi Traders,18
2026-06-30,2026,Jun,South,Madaripur,M/S. Hazi Traders- Madaripur,0
2026-06-30,2026,Jun,North East,Jamalpur,M/S HEMENDRA CHANDRA SINGH,0
2026-06-30,2026,Jun,North East,Noakhali,M/S Hoque and Brothers (Noakhali),0
2026-06-30,2026,Jun,South,Bhola,M/S H Rahman and Sons,20
2026-06-30,2026,Jun,Dhaka,Narayanganj,M/S Ichapuri Cement House,0
2026-06-30,2026,Jun,North East,Cumilla,M/S Islamia Enterprise and Dorja Gallery,0
2026-06-30,2026,Jun,South,Patuakhali,M/S.Islamia Traders,0
2026-06-30,2026,Jun,South,Jashore,M/S Islam Traders- Keshabpur,0
2026-06-30,2026,Jun,North,Tangail,M/S. Islam Traders- Sirajgonj,0
2026-06-30,2026,Jun,North,Naogaon,M/S. IT Construction,0
2026-06-30,2026,Jun,North East,Lakshmipur,M/S Jahir Enterprise,0
2026-06-30,2026,Jun,Dhaka,Dhaka,M/S Jalil Steel and Engineering,0
2026-06-30,2026,Jun,South,Patuakhali,M/S.Jamal Traders,0
2026-06-30,2026,Jun,North,Tangail,M/S.Jannath Enterprise,18
2026-06-30,2026,Jun,North East,Jamalpur,M/S. Jibon Traders,0
2026-06-30,2026,Jun,South,Jashore,M/S Johir Enterprise,0
2026-06-30,2026,Jun,South,Meherpur,M/S Jony Enterprise -Meherpur,26
2026-06-30,2026,Jun,South,Jhenaidah,M/S Kafi Traders,0
2026-06-30,2026,Jun,South,Barguna,M/S. Kamal Enterprise,0
2026-06-30,2026,Jun,North,Panchagarh,M/S Kamlesh Traders,0
2026-06-30,2026,Jun,Dhaka,Dhaka,M/S Kamona Traders,0
2026-06-30,2026,Jun,South,Barguna,M/S. Karim Builders,13
2026-06-30,2026,Jun,North,Tangail,M/S. Khalekujjaman Traders,0
2026-06-30,2026,Jun,South,Faridpur,M/S Khan Enterprise-Faridpur,0
2026-06-30,2026,Jun,Dhaka,Gazipur,M/S Khan Enterprise-Kaligonj,11
2026-06-30,2026,Jun,North,Dinajpur,M/S. Khan Enterprises- Dinajpur,0
2026-06-30,2026,Jun,North,Tangail,M/S Khan Traders-Tangail,0
2026-06-30,2026,Jun,South,Faridpur,M/S Khaza Traders,0
2026-06-30,2026,Jun,North East,Cumilla,M/S. Khokon Enterprise,0
2026-06-30,2026,Jun,North,Thakurgaon,M/S. Kibriya Enterprise,0
2026-06-30,2026,Jun,North East,Cumilla,M/S-Laksam Trading Corporation,138
2026-06-30,2026,Jun,Dhaka,Manikganj,M/S Latif Traders,0
2026-06-30,2026,Jun,South,Gopalganj,M/S Linkon Enterprise,13
2026-06-30,2026,Jun,North,Natore,M/s Liton Enterprise,0
2026-06-30,2026,Jun,North East,Narsingdi,M/S. Liza Traders,0
2026-06-30,2026,Jun,Dhaka,Dhaka,M/S. Maa Enterprise,11
2026-06-30,2026,Jun,South,Barishal,M/S. Mahabub Traders,0
2026-06-30,2026,Jun,Dhaka,Gazipur,M/S. Mainul Traders,60
2026-06-30,2026,Jun,North East,Cumilla,M/S Makka Traders-Cumilla,7
2026-06-30,2026,Jun,North East,Brahmanbaria,M/S. Malek and Sons,0
2026-06-30,2026,Jun,North East,Lakshmipur,M/S Ma Metal,0
2026-06-30,2026,Jun,North,Dhaka,M/S. Manobendro Das,0
2026-06-30,2026,Jun,Dhaka,Dhaka,M/S. Marks Trading,6
2026-06-30,2026,Jun,South,Jhalokati,M/S Mary Suppliers and Mary Bricks,14
2026-06-30,2026,Jun,South,Bhola,M/S. Masaallah Traders,0
2026-06-30,2026,Jun,South,Khulna,M/S. M. A Traders (Dr.),0
2026-06-30,2026,Jun,Dhaka,Gazipur,M/S Mawna Builders,0
2026-06-30,2026,Jun,North,Tangail,M/S Maya Traders,0
2026-06-30,2026,Jun,South,Satkhira,M/S. Mayer Doa Sanitary and Anwar Sheet Enterprise,13
2026-06-30,2026,Jun,North,Bogura,M/S. Mayer Doya Variety Store,0
2026-06-30,2026,Jun,Dhaka,Gazipur,M/s Midul Enterprise,55
2026-06-30,2026,Jun,South,Kushtia,M/S Mim Traders-Kustia,0
2026-06-30,2026,Jun,North East,Sylhet,M/S. Miton Enterprise,13
2026-06-30,2026,Jun,South,Patuakhali,M/S Mizan Enterprise,42
2026-06-30,2026,Jun,South,Chuadanga,M/S Mizan Traders,0
2026-06-30,2026,Jun,Dhaka,Manikganj,M/S Mobarak Timber and Bricks Traders (Manikgonj),0
2026-06-30,2026,Jun,South,Faridpur,M/S Modina Traders,0
2026-06-30,2026,Jun,North East,Noakhali,M/S. Mokka Enterprise- Noakhali,0
2026-06-30,2026,Jun,North East,Narsingdi,M/S Mollah Enterprise-Narsingdi,0
2026-06-30,2026,Jun,North,Rajshahi,M/S. Mollah Enterprise-Rajshahi,0
2026-06-30,2026,Jun,North East,Cumilla,M/S Molla Traders-Chouddogram,0
2026-06-30,2026,Jun,South,Gopalganj,M/S Molla Traders-Gopalgonj,0
2026-06-30,2026,Jun,North,Bogura,M/S. Mondol Traders-Shibgonj,0
2026-06-30,2026,Jun,North,Tangail,M/S. Monira Enterprise,26
2026-06-30,2026,Jun,North,Dhaka,M/S Moon Traders- Sirajgonj,0
2026-06-30,2026,Jun,South,Barguna,M/S. Mridha Traders,0
2026-06-30,2026,Jun,North East,Netrokona,M/S-M.S Traders,0
2026-06-30,2026,Jun,North,Bogura,M/S. Mukta Traders,0
2026-06-30,2026,Jun,North East,Noakhali,M/S.Muldhara Trading,52
2026-06-30,2026,Jun,South,Pirojpur,M/S Nahar Enterprise- Pirojpur,0
2026-06-30,2026,Jun,South,Shariatpur,M/S Nayeem Enterprise,0
2026-06-30,2026,Jun,South,Jashore,M/S Nayem Trading,41
2026-06-30,2026,Jun,North,Tangail,M/S. Nazmul Enterprise,0
2026-06-30,2026,Jun,North East,Cumilla,M/S. Nazrul Traders,0
2026-06-30,2026,Jun,South,Pirojpur,M/S New Hope Traders,13
2026-06-30,2026,Jun,South,Faridpur,M/S New Julhash Mia and Sons,42
2026-06-30,2026,Jun,South,Gopalganj,M/S. New Sikder Traders,0
2026-06-30,2026,Jun,South,Satkhira,M/s Nirala Trader's,0
2026-06-30,2026,Jun,South,Madaripur,M/s Nirman,0
2026-06-30,2026,Jun,South,Barguna,M/s. Nur-E-Madina Trading,0
2026-06-30,2026,Jun,South,Faridpur,M/S Nur Mahidi Nerman Vander,54
2026-06-30,2026,Jun,South,Pirojpur,M/S Oishani Enterprise,0
2026-06-30,2026,Jun,Dhaka,Dhaka,M/S Osman Steel Corporation,39
2026-06-30,2026,Jun,North East,Lakshmipur,M/S Parvez Enterprise,0
2026-06-30,2026,Jun,North,Naogaon,M/S Parvez Trading-Naogaon,70
2026-06-30,2026,Jun,North,Dinajpur,M/S Popular Steel,0
2026-06-30,2026,Jun,South,Gopalganj,M/s Porosh Enterprise,12
2026-06-30,2026,Jun,North East,Cumilla,MS.Probashi G.I. Enterpries.,0
2026-06-30,2026,Jun,North,Dhaka,M/S. Purabi Traders,0
2026-06-30,2026,Jun,North,Pabna,M/S Rafiq Enterprise,0
2026-06-30,2026,Jun,North,Rajshahi,M/S Rafiqul Traders,0
2026-06-30,2026,Jun,South,Narail,M/S Rahit Ruchi Enterprise,0
2026-06-30,2026,Jun,Dhaka,Narayanganj,M/S Rahmania Enterprise,171
2026-06-30,2026,Jun,South,Chuadanga,M/S Rahman Traders,0
2026-06-30,2026,Jun,North East,Narsingdi,M/S Rahman Traders-Norsingdi,0
2026-06-30,2026,Jun,South,Jashore,M/S Raisa Enterprise,0
2026-06-30,2026,Jun,North,Thakurgaon,M/S. Raju Ceramic & Sanitary,0
2026-06-30,2026,Jun,Dhaka,Gazipur,M/S Rana Enterprise,4
2026-06-30,2026,Jun,North,Panchagarh,M/S. Rashad Traders,0
2026-06-30,2026,Jun,Dhaka,Dhaka,M/S. Rayhan Enterprise,114
2026-06-30,2026,Jun,Dhaka,Gazipur,M/S R.B Steel and Co.,42
2026-06-30,2026,Jun,North,Natore,M/S. Reza Enterprise,0
2026-06-30,2026,Jun,North,Pabna,M/S.Reza Enterprise-Pabna,26
2026-06-30,2026,Jun,North,Dinajpur,M/S Ripon Traders,0
2026-06-30,2026,Jun,Dhaka,Gazipur,M/S.Riverine Resort,0
2026-06-30,2026,Jun,South,Jashore,M/S R M Traders,0
2026-06-30,2026,Jun,North,Rangpur,M/S Rohima Traders,0
2026-06-30,2026,Jun,North,Panchagarh,M/S Rostom and Sons,0
2026-06-30,2026,Jun,North East,Cumilla,M/S. RS Hardware,0
2026-06-30,2026,Jun,Dhaka,Gazipur,M/S Sadar Builders,11
2026-06-30,2026,Jun,North,Tangail,M/S Sadia and Samia Traders,0
2026-06-30,2026,Jun,North,Panchagarh,M/S. Sadik Enterprise,0
2026-06-30,2026,Jun,South,Khulna,M/S. Safwan Corporation,0
2026-06-30,2026,Jun,North,Thakurgaon,M/S. Sahi-Imran Traders,0
2026-06-30,2026,Jun,Dhaka,Narayanganj,M/S Saif Traders,20
2026-06-30,2026,Jun,North,Pabna,M/S Samir Traders,26
2026-06-30,2026,Jun,South,Barishal,M/S Saown Traders,13
2026-06-30,2026,Jun,South,Barishal,M/S Sazib Trading,0
2026-06-30,2026,Jun,North,Bogura,M/S Sazid Traders,0
2026-06-30,2026,Jun,South,Madaripur,M/S Selim Enterprise and Steel,0
2026-06-30,2026,Jun,South,Patuakhali,M/S.Serajul Haque,0
2026-06-30,2026,Jun,North,Rangpur,M/S. Shafi Trading,0
2026-06-30,2026,Jun,South,Faridpur,M/S Shah Farid Nirman Vander,0
2026-06-30,2026,Jun,Dhaka,Gazipur,M/S Shahin Enterprise,0
2026-06-30,2026,Jun,North,Kurigram,M/S. Shaju Hardware,0
2026-06-30,2026,Jun,South,Jhenaidah,M/S Shamim Steel Corner,26
2026-06-30,2026,Jun,South,Shariatpur,M/S Shamim Traders-Sariatpur,0
2026-06-30,2026,Jun,South,Jhalokati,M/S Shampa Construction,0
2026-06-30,2026,Jun,North,Nilphamari,M/S. Sharif Construction Center,0
2026-06-30,2026,Jun,South,Gopalganj,M/S. Sharif Enterprise,0
2026-06-30,2026,Jun,North,Gaibandha,M/S Sharif Enterpris - (Gaibandha),28
2026-06-30,2026,Jun,South,Pirojpur,M/S. Shikder Enterprise-Pirojpur,0
2026-06-30,2026,Jun,South,Magura,M/S Shohag Enterprise-Satkhira,0
2026-06-30,2026,Jun,North,Sirajganj,M/s Shohan Iron and Steel House.,70
2026-06-30,2026,Jun,North,Thakurgaon,M/S. Shovon Traders,0
2026-06-30,2026,Jun,South,Khulna,M/S Showrov Enterprise,0
2026-06-30,2026,Jun,South,Narail,M/S. Sikdar Enterprise- Norail,13
2026-06-30,2026,Jun,North,Dinajpur,M/S. Sohidul Traders,0
2026-06-30,2026,Jun,South,Faridpur,M/S Sony Vander,0
2026-06-30,2026,Jun,North,Thakurgaon,M/S. Sulov Lauho Bitan,0
2026-06-30,2026,Jun,North,Chapainawabganj,M/S Sweet Enterprise,0
2026-06-30,2026,Jun,South,Rajbari,M/S Tahsin Hardware,0
2026-06-30,2026,Jun,Dhaka,Gazipur,M/S Takhiya Enterprise,0
2026-06-30,2026,Jun,South,Gopalganj,M/S Tasnim Enterprise,0
2026-06-30,2026,Jun,North,Thakurgaon,M/S. Tin Vai Enterprise,0
2026-06-30,2026,Jun,North,Sirajganj,M/S Tisha Enterprise,0
2026-06-30,2026,Jun,South,Bagerhat,M/S Tonmoy Traders,0
2026-06-30,2026,Jun,Dhaka,Gazipur,M/S. Tosher Enterprise,110
2026-06-30,2026,Jun,North,Panchagarh,M/S Vai Vai Traders-Panchagor,0
2026-06-30,2026,Jun,South,Bhola,M/S. Yakub Traders,0
2026-06-30,2026,Jun,South,Chuadanga,M/S - Younus Hardware,13
2026-06-30,2026,Jun,North,Rangpur,M/S. Zaman Traders-Rangpur,137
2026-06-30,2026,Jun,Dhaka,Dhaka,M/S Zam Zam Trading (Dhaka),10
2026-06-30,2026,Jun,North,Rangpur,M/S Zast Traders,0
2026-06-30,2026,Jun,South,Satkhira,M/S Zia Traders,0
2026-06-30,2026,Jun,Dhaka,Dhaka,Munshigonj Steel House,17
2026-06-30,2026,Jun,South,Jashore,M. Zaman Enterprise,0
2026-06-30,2026,Jun,South,Madaripur,Nabila Traders (Madaripur),0
2026-06-30,2026,Jun,North,Pabna,"Nabi Traders (Ishawrdi,  Pabna)",13
2026-06-30,2026,Jun,Dhaka,Dhaka,Nahar Steel,79
2026-06-30,2026,Jun,Dhaka,Dhaka,Nal Gulf Construction and Properties,5
2026-06-30,2026,Jun,North,Lalmonirhat,Narsingdi Enterprise,0
2026-06-30,2026,Jun,Dhaka,Dhaka,Nasrin Enterprise,0
2026-06-30,2026,Jun,Dhaka,Dhaka,Nation Tech Communications Limited,0
2026-06-30,2026,Jun,Dhaka,Dhaka,Nayeef Trading Corporation,0
2026-06-30,2026,Jun,North,Kurigram,Nayeem Traders (Kurigram),0
2026-06-30,2026,Jun,South,Barishal,Nayem Enterprise,0
2026-06-30,2026,Jun,South,Jashore,Nayon and Chayon,0
2026-06-30,2026,Jun,South,Jhenaidah,Nazmul Traders- Jhenaidah,66
2026-06-30,2026,Jun,North,Rangpur,Need Construction,0
2026-06-30,2026,Jun,South,Khulna,New Bengal Store,0
2026-06-30,2026,Jun,South,Dhaka,New Era Manufacturing Ltd.,0
2026-06-30,2026,Jun,South,Barishal,New Hasina Enterprise,0
2026-06-30,2026,Jun,Dhaka,Dhaka,New Sharmin Enterprise,100
2026-06-30,2026,Jun,Dhaka,Dhaka,Niloy Enterprise,0
2026-06-30,2026,Jun,South,Jhenaidah,Nishi Enterprise- Jhinaidah,0
2026-06-30,2026,Jun,South,Khulna,Nondi Trading Corporatin,0
2026-06-30,2026,Jun,North,Gaibandha,Northbengal Traders,0
2026-06-30,2026,Jun,South,Madaripur,Nurjahan Resourse International,0
2026-06-30,2026,Jun,North,Dinajpur,Nur Steel,0
2026-06-30,2026,Jun,North East,Cumilla,Nurul Islam,0
2026-06-30,2026,Jun,South,Meherpur,Padma Enterprise,0
2026-06-30,2026,Jun,South,Gopalganj,Pal and Sons,0
2026-06-30,2026,Jun,South,Chuadanga,Palash Kumer Shaha,0
2026-06-30,2026,Jun,North,Dhaka,Palli Tower,0
2026-06-30,2026,Jun,North East,Moulvibazar,Paul Traders,0
2026-06-30,2026,Jun,Dhaka,Dhaka,Pioneer Location Ltd.,4
2026-06-30,2026,Jun,Dhaka,Dhaka,Popular Enterprise,5
2026-06-30,2026,Jun,North,Rangpur,Prince Enterprise,0
2026-06-30,2026,Jun,North,Tangail,Prince Steel,0
2026-06-30,2026,Jun,North,Bogura,Priti Traders (Bogra),0
2026-06-30,2026,Jun,North,Tangail,Prodhan Traders,0
2026-06-30,2026,Jun,North East,Chandpur,Rabbi Traders,0
2026-06-30,2026,Jun,North,Tangail,Rafik and Brothers - Joypurhat,0
2026-06-30,2026,Jun,North East,Jamalpur,Rahi Trade,0
2026-06-30,2026,Jun,North East,Narsingdi,Rahman Steel House,20
2026-06-30,2026,Jun,North East,Chandpur,Rahman Trader's,26
2026-06-30,2026,Jun,South,Shariatpur,Raju Enterprise,0
2026-06-30,2026,Jun,North,Gaibandha,Raju Traders,0
2026-06-30,2026,Jun,South,Jashore,Raju Zakir Enterprise,0
2026-06-30,2026,Jun,North East,Brahmanbaria,R. A Khan Properties,0
2026-06-30,2026,Jun,South,Narail,Rakhi Enterprise,0
2026-06-30,2026,Jun,North,Tangail,Rasel Store,0
2026-06-30,2026,Jun,South,Madaripur,Rashed Enterprise (Madaripur),0
2026-06-30,2026,Jun,South,Jashore,Razzaque Steel House,69
2026-06-30,2026,Jun,South,Patuakhali,Rema Enterprise,13
2026-06-30,2026,Jun,North East,Kishoreganj,Renu Traders,50
2026-06-30,2026,Jun,North,Panchagarh,Riad Traders-Panchagor,0
2026-06-30,2026,Jun,South,Kushtia,R.I and Co.,0
2026-06-30,2026,Jun,North,Tangail,Riaz Uddin Traders,0
2026-06-30,2026,Jun,North,Tangail,Ridoy Enterprise- Tangail,0
2026-06-30,2026,Jun,Dhaka,Gazipur,Ridwan Traders,16
2026-06-30,2026,Jun,North,Tangail,Rina Construction,0
2026-06-30,2026,Jun,South,Khulna,Riya Trading International,0
2026-06-30,2026,Jun,North,Tangail,R. K Traders,0
2026-06-30,2026,Jun,South,Satkhira,Rofiqul and Brothers,0
2026-06-30,2026,Jun,South,Khulna,Rokeya Traders,0
2026-06-30,2026,Jun,Dhaka,Dhaka,Rose Sweaters Ltd.,46
2026-06-30,2026,Jun,North,Gaibandha,Rosid Traders,0
2026-06-30,2026,Jun,South,Kushtia,R. Rahman Corporation,52
2026-06-30,2026,Jun,Dhaka,Narayanganj,R.S Enterprise,141
2026-06-30,2026,Jun,South,Madaripur,R. S Enterprise-Madaripur,26
2026-06-30,2026,Jun,North East,Sherpur,Rubel Enterprise,0
2026-06-30,2026,Jun,North,Dinajpur,Rumman Traders,0
2026-06-30,2026,Jun,North,Dinajpur,Runa Enterprise,0
2026-06-30,2026,Jun,South,Barishal,Sajid and Brothers,0
2026-06-30,2026,Jun,South,Patuakhali,Sajid Enterprise- Patuakhali,0
2026-06-30,2026,Jun,South,Kushtia,Salam and Sons,104
2026-06-30,2026,Jun,North East,Noakhali,Saleha Construction and Supplier,0
2026-06-30,2026,Jun,South,Kushtia,Saleha Traders,147
2026-06-30,2026,Jun,South,Madaripur,Sale Steel,0
2026-06-30,2026,Jun,South,Satkhira,Samannay Traders,0
2026-06-30,2026,Jun,North,Chapainawabganj,Sanaullah and Sons,0
2026-06-30,2026,Jun,North,Sirajganj,Sarkar Trading (Sirajgonj),13
2026-06-30,2026,Jun,North,Dinajpur,Sarker Brothers,0
2026-06-30,2026,Jun,South,Barishal,Satata Enterprise,0
2026-06-30,2026,Jun,South,Faridpur,Sathi Store,0
2026-06-30,2026,Jun,North,Pabna,S A Traders-Pabna,0
2026-06-30,2026,Jun,North East,Jamalpur,Sattar Traders,0
2026-06-30,2026,Jun,North,Rajshahi,SB Laboratories,0
2026-06-30,2026,Jun,South,Faridpur,S.B Traders - Faridpur,0
2026-06-30,2026,Jun,South,Shariatpur,Seba Trading Corporation,13
2026-06-30,2026,Jun,Dhaka,Dhaka,Selim Malik Traders,0
2026-06-30,2026,Jun,North,Panchagarh,Shaha Traders,0
2026-06-30,2026,Jun,North East,Mymensingh,Shahbuddin and Brothers,0
2026-06-30,2026,Jun,North East,Mymensingh,Shahin Enterprise,0
2026-06-30,2026,Jun,South,Jhenaidah,Shahin Traders,0
2026-06-30,2026,Jun,South,Narail,Shahin Traders - Narail,75
2026-06-30,2026,Jun,North,Rangpur,Shah Md Ashrafudulla,0
2026-06-30,2026,Jun,North East,Chandpur,Shakil Enterprise- Chandpur,0
2026-06-30,2026,Jun,South,Khulna,Shamim and Co,0
2026-06-30,2026,Jun,North East,Chandpur,Shamima Traders,0
2026-06-30,2026,Jun,South,Bhola,Shanaullah Enterprise,0
2026-06-30,2026,Jun,North,Rajshahi,Shanto Hardware,0
2026-06-30,2026,Jun,South,Khulna,Sharif and Co,0
2026-06-30,2026,Jun,South,Magura,Sharif Steel  Corner,79
2026-06-30,2026,Jun,South,Barguna,Sharmi Enterprise- Borguna,0
2026-06-30,2026,Jun,South,Gopalganj,Shawkat Hossain Mollah,0
2026-06-30,2026,Jun,North East,Mymensingh,Shayan Traders,0
2026-06-30,2026,Jun,South,Satkhira,Sheikh Brothers-Satkhira,0
2026-06-30,2026,Jun,North,Gaibandha,Shetu Traders- Gaibandha,0
2026-06-30,2026,Jun,Dhaka,Narayanganj,Shifat Enterprise-N.Ganj,20
2026-06-30,2026,Jun,South,Khulna,Shikder and Brothers,0
2026-06-30,2026,Jun,North East,Kishoreganj,Shimu Traders,0
2026-06-30,2026,Jun,South,Chuadanga,Shohag Enterprise,0
2026-06-30,2026,Jun,North,Natore,Shohug Machineries  and Traders,0
2026-06-30,2026,Jun,South,Bagerhat,Shotota Enterprise,0
2026-06-30,2026,Jun,North East,Brahmanbaria,Shuvo Enterprise (Ashuganj),0
2026-06-30,2026,Jun,South,Narail,Shuvo Enterprise - Norail,0
2026-06-30,2026,Jun,South,Jhenaidah,Siddique Cycle Store and Traders,0
2026-06-30,2026,Jun,North East,Sylhet,Siddiquey Construction,26
2026-06-30,2026,Jun,Dhaka,Dhaka,Sikder Enterprise (Keranigonj),38
2026-06-30,2026,Jun,South,Gopalganj,Sikder Traders-Goplagonj,52
2026-06-30,2026,Jun,North,Pabna,Sikder Traders (Pabna),65
2026-06-30,2026,Jun,North East,Cumilla,Silver Tiles and Sanitary,0
2026-06-30,2026,Jun,Dhaka,Dhaka,Simplex Development Ltd.,13
2026-06-30,2026,Jun,Dhaka,Manikganj,Singair Alfi Trade Link.,0
2026-06-30,2026,Jun,North,Dhaka,Sirajgonj Iron and Steel House,0
2026-06-30,2026,Jun,South,Dhaka,S.M Kamruzzaman,0
2026-06-30,2026,Jun,South,Narayanganj,Sonali Enterprise,0
2026-06-30,2026,Jun,North,Gaibandha,Sorif Traders,28
2026-06-30,2026,Jun,North,Nilphamari,Sourov Traders,39
2026-06-30,2026,Jun,North East,Jamalpur,S.R.S Construction,0
2026-06-30,2026,Jun,North,Thakurgaon,S. R. Traders,0
2026-06-30,2026,Jun,South,Bagerhat,S.R Traders -Bagerhat,0
2026-06-30,2026,Jun,South,Khulna,S. S. Syndicate,0
2026-06-30,2026,Jun,South,Satkhira,S S Traders,0
2026-06-30,2026,Jun,Dhaka,Gazipur,S T Enterprise,154
2026-06-30,2026,Jun,Dhaka,Dhaka,Studio 360,0
2026-06-30,2026,Jun,South,Jhenaidah,Suborna Traders,0
2026-06-30,2026,Jun,Dhaka,Gazipur,Suma Enterprise - Sofipur,149
2026-06-30,2026,Jun,South,Shariatpur,Sumon Enterprise,0
2026-06-30,2026,Jun,South,Khulna,Sumon Traders,0
2026-06-30,2026,Jun,South,Manikganj,Sundorban Hardware,0
2026-06-30,2026,Jun,North,Pabna,Swapan Traders,13
2026-06-30,2026,Jun,South,Jashore,Tahmina Enterprise,0
2026-06-30,2026,Jun,North,Thakurgaon,Tamanna Enterprise-Thakurgaon,0
2026-06-30,2026,Jun,South,Gopalganj,Tamim Enterprise,0
2026-06-30,2026,Jun,North,Rajshahi,Tariq  Enterprise,65
2026-06-30,2026,Jun,South,Narail,Tazmin Enterprise,0
2026-06-30,2026,Jun,Dhaka,Dhaka,The Barik Brothers,470
2026-06-30,2026,Jun,Dhaka,Dhaka,Three Star Co-Operative Multipurpose Ltd.,0
2026-06-30,2026,Jun,South,Patuakhali,Three Star Enterprise,0
2026-06-30,2026,Jun,Dhaka,Dhaka,"Tipu and Co.( Rayerbag, Jatrabari)",42
2026-06-30,2026,Jun,South,Meherpur,Tohmina Engineering Workshop,0
2026-06-30,2026,Jun,Dhaka,Dhaka,Trendy Textiles Ltd.,0
2026-06-30,2026,Jun,North East,Mymensingh,Tripti Steel Bitan,0
2026-06-30,2026,Jun,North,Rangpur,T.S.Enterprise(Rangpur),0
2026-06-30,2026,Jun,North,Sirajganj,Ullapara Variety Store,13
2026-06-30,2026,Jun,South,Jhenaidah,Unique Construction,0
2026-06-30,2026,Jun,South,Khulna,Unique International,0
2026-06-30,2026,Jun,North East,Netrokona,Vodra Traders,0
2026-06-30,2026,Jun,Dhaka,Manikganj,Wazuddin Traders,70
2026-06-30,2026,Jun,North East,Sylhet,Windsor Hotel & Resorts Ltd.,0
2026-06-30,2026,Jun,North East,Noakhali,Yeasin Traders,12
2026-06-30,2026,Jun,Dhaka,Narayanganj,York  Composite Ltd,0
2026-06-30,2026,Jun,Dhaka,Narayanganj,York Fashion Ltd.,0
2026-06-30,2026,Jun,Dhaka,Dhaka,Younus Traders,12
2026-06-30,2026,Jun,South,Bhola,Zabbar Biswas Traders,80
2026-06-30,2026,Jun,Dhaka,Dhaka,Zaman Traders ( Savar),66
2026-07-31,2026,Jul,Dhaka,Dhaka,A.R Corporation,70.82
2026-07-31,2026,Jul,South,Khulna,Abdur Razzak Aziz- Khulna,34
2026-07-31,2026,Jul,Dhaka,Dhaka,Abir Enterprise,14
2026-07-31,2026,Jul,South,Barguna,Agrani Traders,14
2026-07-31,2026,Jul,North East,Dhaka,AK Developers Ltd.,20
2026-07-31,2026,Jul,Dhaka,Dhaka,Al Baraka Steel Corporation- Mirpur,10.2
2026-07-31,2026,Jul,North,Dinajpur,Al Haj Traders,28
2026-07-31,2026,Jul,Dhaka,Dhaka,Aman  Steel Corporation,22.09
2026-07-31,2026,Jul,Dhaka,Dhaka,Amin and Brother,6
2026-07-31,2026,Jul,South,Rajbari,Anupam Nirmata,13
2026-07-31,2026,Jul,South,Rajbari,Anwar Traders,13
2026-07-31,2026,Jul,Dhaka,Narayanganj,AR Building Design and Construction,11.5
2026-07-31,2026,Jul,Dhaka,Gazipur,Arifa Enterprise,71.6
2026-07-31,2026,Jul,Dhaka,Dhaka,Arowa Traders,601
2026-07-31,2026,Jul,Dhaka,Gazipur,Ashik Traders,57.7
2026-07-31,2026,Jul,South,Barishal,Barishal Iron House,27
2026-07-31,2026,Jul,North East,Sylhet,BD Sthapona,15
2026-07-31,2026,Jul,North,Rangpur,Bengal and Company,14
2026-07-31,2026,Jul,North,Kurigram,Bhai Bhai Trading,41
2026-07-31,2026,Jul,Dhaka,Dhaka,Bishal Trade Center,10.4
2026-07-31,2026,Jul,Dhaka,Dhaka,Bismillah Traders-Dhaka,241.36
2026-07-31,2026,Jul,South,Chuadanga,Brothers Traders,26
2026-07-31,2026,Jul,Dhaka,Dhaka,Capital Builders,5
2026-07-31,2026,Jul,North East,Chandpur,Chandpur Real Estate,13
2026-07-31,2026,Jul,North East,Dhaka,Design Development,29
2026-07-31,2026,Jul,North,Dhaka,Dhaka MH Construction Ltd.,14
2026-07-31,2026,Jul,South,Kushtia,Dhaka Steel,78
2026-07-31,2026,Jul,North,Pabna,Dhaka Steel King,13
2026-07-31,2026,Jul,Dhaka,Gazipur,Dhaka Trade Centre,16
2026-07-31,2026,Jul,Dhaka,Dhaka,Dipti Traders,15.27
2026-07-31,2026,Jul,North,Dhaka,Doctors Community Hospital (Pvt.)Ltd.,9.5
2026-07-31,2026,Jul,Dhaka,Dhaka,Domicilium Ltd.,10
2026-07-31,2026,Jul,Dhaka,Dhaka,Dorpan Properties Ltd.,6
2026-07-31,2026,Jul,Dhaka,Dhaka,Eco Havan Ltd.,5
2026-07-31,2026,Jul,Dhaka,Gazipur,Evan Enterprise,13.6
2026-07-31,2026,Jul,North East,Mymensingh,F.S Enterprise,148.3
2026-07-31,2026,Jul,Dhaka,Dhaka,Fairway,43
2026-07-31,2026,Jul,North,Kurigram,Farhad and Brothers,13
2026-07-31,2026,Jul,Dhaka,Dhaka,Farid Enterprise,22
2026-07-31,2026,Jul,Dhaka,Manikganj,Faruk and Brothers,55
2026-07-31,2026,Jul,Dhaka,Dhaka,Feni Traders,14
2026-07-31,2026,Jul,North East,Chattogram,Friends International,75
2026-07-31,2026,Jul,North,Dinajpur,Gausheyz Ventores,13
2026-07-31,2026,Jul,Dhaka,Dhaka,Gawsia Enterprise,317.14
2026-07-31,2026,Jul,Dhaka,Gazipur,Giash Steel,14
2026-07-31,2026,Jul,North East,Brahmanbaria,H K Al Madina Traders,30
2026-07-31,2026,Jul,South,Faridpur,Habib Enterprise-Faridpur,52
2026-07-31,2026,Jul,North,Bogura,Hannan Traders,28
2026-07-31,2026,Jul,North,Tangail,Harun Enterprise,54.2
2026-07-31,2026,Jul,Dhaka,Dhaka,Hobigonj Traders,17
2026-07-31,2026,Jul,Dhaka,Dhaka,Howlader Enterprise,113
2026-07-31,2026,Jul,North,Rangpur,Imarat Trading,28
2026-07-31,2026,Jul,South,Faridpur,Jaseka Traders,26
2026-07-31,2026,Jul,North East,Noakhali,Jashim Steel House,24
2026-07-31,2026,Jul,South,Jashore,JesminSanitary and Iron Store,13
2026-07-31,2026,Jul,North,Tangail,Joy Joya Enterprise,78
2026-07-31,2026,Jul,Dhaka,Gazipur,Kamrul Trading Corporation,35
2026-07-31,2026,Jul,Dhaka,Gazipur,Kashem and Sons,40
2026-07-31,2026,Jul,North East,Noakhali,Kashem Traders (Noakhali),13
2026-07-31,2026,Jul,Dhaka,Dhaka,Khalid Trading Corporation,25.5
2026-07-31,2026,Jul,Dhaka,Dhaka,Khan Enterprise,230.9
2026-07-31,2026,Jul,Dhaka,Dhaka,Khan Firoz Ahmed,12.3
2026-07-31,2026,Jul,South,Khulna,Khan Traders -Khulna,14
2026-07-31,2026,Jul,South,Madaripur,Khan Traders- Madaripur,13
2026-07-31,2026,Jul,Dhaka,Gazipur,Khurshida Builders,92.07
2026-07-31,2026,Jul,North,Nilphamari,L.N Trading Co.,14
2026-07-31,2026,Jul,North East,Sylhet,Ludhi Steel Marchant,15
2026-07-31,2026,Jul,Dhaka,Dhaka,"M M Corporation-Dhaka,Savar",5.5
2026-07-31,2026,Jul,South,Chuadanga,M/S - Younus Hardware,13
2026-07-31,2026,Jul,North,Dinajpur,M/S Aftabganj Hardware Store,14
2026-07-31,2026,Jul,South,Barishal,M/S Alekandha Builders,14
2026-07-31,2026,Jul,Dhaka,Gazipur,M/S Arif Traders,15
2026-07-31,2026,Jul,South,Faridpur,M/S Asraf  and Sons,26
2026-07-31,2026,Jul,South,Jashore,M/S Azim Shah Traders,17
2026-07-31,2026,Jul,South,Jashore,M/S Babu Traders,13
2026-07-31,2026,Jul,Dhaka,Dhaka,M/S Bismillah Enterprise (Sobujbagh),60.79
2026-07-31,2026,Jul,North East,Kishoreganj,M/S Bismillah Traders- Bhairob,15
2026-07-31,2026,Jul,South,Jhenaidah,M/S Bondhu Enterprise,28
2026-07-31,2026,Jul,South,Jashore,M/S Chitra Trading,13
2026-07-31,2026,Jul,North,Naogaon,M/S Gitanjoli Traders,13
2026-07-31,2026,Jul,South,Bhola,M/S H Rahman and Sons,14
2026-07-31,2026,Jul,Dhaka,Dhaka,M/S Haque and Hasan Traders,31.3
2026-07-31,2026,Jul,Dhaka,Dhaka,M/S Hazi Sarif Munshi Traders,4
2026-07-31,2026,Jul,South,Jashore,M/S Hira Enterprise,28
2026-07-31,2026,Jul,Dhaka,Narayanganj,M/S Ichapuri Cement House,12
2026-07-31,2026,Jul,Dhaka,Gazipur,M/S Khan Enterprise-Kaligonj,3
2026-07-31,2026,Jul,South,Faridpur,M/S Khaza Traders,24
2026-07-31,2026,Jul,South,Jhalokati,M/S Mary Suppliers and Mary Bricks,14
2026-07-31,2026,Jul,Dhaka,Gazipur,M/s Midul Enterprise,51
2026-07-31,2026,Jul,South,Patuakhali,M/S Mizan Enterprise,14
2026-07-31,2026,Jul,Dhaka,Manikganj,M/S Mobarak Timber and Bricks Traders (Manikgonj),3.5
2026-07-31,2026,Jul,South,Jashore,M/S Nayem Trading,13
2026-07-31,2026,Jul,South,Pirojpur,M/S New Hope Traders,13
2026-07-31,2026,Jul,South,Faridpur,M/S Nur Mahidi Nerman Vander,13
2026-07-31,2026,Jul,Dhaka,Dhaka,M/S Osman Steel Corporation,25.2
2026-07-31,2026,Jul,North,Naogaon,M/S Parvez Trading-Naogaon,14
2026-07-31,2026,Jul,South,Gopalganj,M/s Porosh Enterprise,12
2026-07-31,2026,Jul,Dhaka,Gazipur,M/S R.B Steel and Co.,35.5
2026-07-31,2026,Jul,North,Rajshahi,M/S Rafiqul Traders,13
2026-07-31,2026,Jul,Dhaka,Narayanganj,M/S Rahmania Enterprise,205.45
2026-07-31,2026,Jul,North,Pabna,M/S Samir Traders,28
2026-07-31,2026,Jul,South,Barishal,M/S Saown Traders,13
2026-07-31,2026,Jul,North,Bogura,M/S Sazid Traders,13
2026-07-31,2026,Jul,South,Jhenaidah,M/S Shamim Steel Corner,13
2026-07-31,2026,Jul,North,Gaibandha,M/S Sharif Enterpris - (Gaibandha),14
2026-07-31,2026,Jul,North,Sirajganj,M/s Shohan Iron and Steel House.,42
2026-07-31,2026,Jul,Dhaka,Gazipur,M/S Takhiya Enterprise,118.35
2026-07-31,2026,Jul,Dhaka,Dhaka,M/S Zam Zam Trading (Dhaka),5
2026-07-31,2026,Jul,North,Bogura,M/S. Bushra Traders,83
2026-07-31,2026,Jul,Dhaka,Dhaka,M/S. Maa Enterprise,7
2026-07-31,2026,Jul,South,Barishal,M/S. Mahabub Traders,13
2026-07-31,2026,Jul,Dhaka,Gazipur,M/S. Mainul Traders,70.18
2026-07-31,2026,Jul,South,Satkhira,M/S. Mayer Doa Sanitary and Anwar Sheet Enterprise,13
2026-07-31,2026,Jul,North,Bogura,M/S. Mukta Traders,13
2026-07-31,2026,Jul,Dhaka,Dhaka,M/S. Rayhan Enterprise,42.7
2026-07-31,2026,Jul,Dhaka,Gazipur,M/S. Tosher Enterprise,48.9
2026-07-31,2026,Jul,North,Rangpur,M/S. Zaman Traders-Rangpur,136
2026-07-31,2026,Jul,North East,Noakhali,M/S.Muldhara Trading,37.3
2026-07-31,2026,Jul,North,Pabna,M/S.Reza Enterprise-Pabna,26
2026-07-31,2026,Jul,Dhaka,Gazipur,M/S.Riverine Resort,12
2026-07-31,2026,Jul,North East,Cumilla,M/S-Laksam Trading Corporation,96.39
2026-07-31,2026,Jul,North East,Feni,Madani Traders,13
2026-07-31,2026,Jul,South,Shariatpur,Madbor Enterprise,13
2026-07-31,2026,Jul,South,Jashore,Mahiya Kabir Corporation,14
2026-07-31,2026,Jul,Dhaka,Dhaka,Makkah Traders,241.6
2026-07-31,2026,Jul,Dhaka,Gazipur,Mamun Enterprise-Gazipur,129.2
2026-07-31,2026,Jul,North,Pabna,Mamun Traders-Pabna,14
2026-07-31,2026,Jul,Dhaka,Gazipur,Mim Enterprise,33.15
2026-07-31,2026,Jul,Dhaka,Dhaka,Misti Enterprise,13
2026-07-31,2026,Jul,North East,Jamalpur,Mizan and Son's,7
2026-07-31,2026,Jul,Dhaka,Dhaka,Modina Steel Corporation,20
2026-07-31,2026,Jul,North East,Sherpur,Mofazzal Enterprise,58
2026-07-31,2026,Jul,Dhaka,Dhaka,Monir Enterprise,16
2026-07-31,2026,Jul,South,Narayanganj,Ms.Sharif Enterprise-Pirojpur,14
2026-07-31,2026,Jul,Dhaka,Dhaka,Munshigonj Steel House,34.5
2026-07-31,2026,Jul,North,Pabna,"Nabi Traders (Ishawrdi,  Pabna)",13
2026-07-31,2026,Jul,Dhaka,Dhaka,Nahar Steel,87.46
2026-07-31,2026,Jul,Dhaka,Dhaka,Nasrin Enterprise,3
2026-07-31,2026,Jul,Dhaka,Dhaka,Nayeef Trading Corporation,14.8
2026-07-31,2026,Jul,South,Bhola,Naziba Enterprise,13
2026-07-31,2026,Jul,Dhaka,Dhaka,New Sharmin Enterprise,64.4
2026-07-31,2026,Jul,North East,Cumilla,Nurul Islam,3
2026-07-31,2026,Jul,Dhaka,Dhaka,Pioneer Location Ltd.,5.75
2026-07-31,2026,Jul,Dhaka,Dhaka,Popular Enterprise,5
2026-07-31,2026,Jul,South,Kushtia,R. Rahman Corporation,39
2026-07-31,2026,Jul,Dhaka,Narayanganj,R.S Enterprise,68.6
2026-07-31,2026,Jul,North East,Narsingdi,Rahman Steel House,45
2026-07-31,2026,Jul,South,Jashore,Razzaque Steel House,67
2026-07-31,2026,Jul,South,Patuakhali,Rema Enterprise,26
2026-07-31,2026,Jul,North East,Kishoreganj,Renu Traders,13
2026-07-31,2026,Jul,Dhaka,Gazipur,Ridwan Traders,10
2026-07-31,2026,Jul,Dhaka,Dhaka,Rose Sweaters Ltd.,60
2026-07-31,2026,Jul,Dhaka,Gazipur,S T Enterprise,176.9
2026-07-31,2026,Jul,South,Madaripur,Sale Steel,13
2026-07-31,2026,Jul,North East,Noakhali,Saleha Construction and Supplier,12
2026-07-31,2026,Jul,South,Kushtia,Saleha Traders,80
2026-07-31,2026,Jul,North,Sirajganj,Sarkar Trading (Sirajgonj),13.5
2026-07-31,2026,Jul,North East,Narsingdi,Satata Enterprise-Norsingdi,28
2026-07-31,2026,Jul,South,Narail,Shahin Traders - Narail,42
2026-07-31,2026,Jul,Dhaka,Narayanganj,Shifat Enterprise-N.Ganj,46
2026-07-31,2026,Jul,Dhaka,Dhaka,Sikder Enterprise (Keranigonj),41
2026-07-31,2026,Jul,Dhaka,Dhaka,Simplex Development Ltd.,7.5
2026-07-31,2026,Jul,North,Gaibandha,Sorif Traders,14
2026-07-31,2026,Jul,North,Nilphamari,Sourov Traders,28
2026-07-31,2026,Jul,Dhaka,Dhaka,Studio 360,7.5
2026-07-31,2026,Jul,Dhaka,Gazipur,Suma Enterprise - Sofipur,110.75
2026-07-31,2026,Jul,North,Pabna,Swapan Traders,13
2026-07-31,2026,Jul,North,Rajshahi,Tariq  Enterprise,39
2026-07-31,2026,Jul,Dhaka,Dhaka,The Barik Brothers,522.9
2026-07-31,2026,Jul,Dhaka,Dhaka,Three Star Co-Operative Multipurpose Ltd.,1.8
2026-07-31,2026,Jul,North,Sirajganj,Ullapara Variety Store,12
2026-07-31,2026,Jul,Dhaka,Manikganj,Wazuddin Traders,30.9
2026-07-31,2026,Jul,North East,Noakhali,Yeasin Traders,12
2026-07-31,2026,Jul,Dhaka,Dhaka,Zaman Traders ( Savar),41
2026-08-31,2026,Aug,Dhaka,Dhaka,A.R Corporation,128.51
2026-08-31,2026,Aug,South,Khulna,Abdur Razzak Aziz- Khulna,140.82
2026-08-31,2026,Aug,Dhaka,Dhaka,Abir Enterprise,30
2026-08-31,2026,Aug,North,Pabna,Abul Hossain Traders,13
2026-08-31,2026,Aug,Dhaka,Dhaka,Akhter Traders,5.6
2026-08-31,2026,Aug,North,Dinajpur,Al Haj Traders,70
2026-08-31,2026,Aug,North,Tangail,Alauddin Iron Store,14
2026-08-31,2026,Aug,North,Dinajpur,Alif Trading,13
2026-08-31,2026,Aug,Dhaka,Dhaka,Aman  Steel Corporation,43
2026-08-31,2026,Aug,Dhaka,Dhaka,Amin and Brother,3
2026-08-31,2026,Aug,South,Rajbari,Anwar Traders,12
2026-08-31,2026,Aug,Dhaka,Narayanganj,AR Building Design and Construction,68.5
2026-08-31,2026,Aug,Dhaka,Gazipur,Arifa Enterprise,60.9
2026-08-31,2026,Aug,Dhaka,Dhaka,Arowa Traders,629
2026-08-31,2026,Aug,Dhaka,Gazipur,Ashik Traders,108.2
2026-08-31,2026,Aug,North,Rangpur,Bengal and Company,28
2026-08-31,2026,Aug,North,Kurigram,Bhai Bhai Trading,15
2026-08-31,2026,Aug,Dhaka,Dhaka,Bismillah Traders-Dhaka,201.2
2026-08-31,2026,Aug,South,Chuadanga,Brothers Traders,52
2026-08-31,2026,Aug,Dhaka,Dhaka,Capital Builders,14.04
2026-08-31,2026,Aug,North East,Cumilla,Cumilla Mohamodia Model Developers Ltd.,13
2026-08-31,2026,Aug,South,Kushtia,Dhaka Steel,104
2026-08-31,2026,Aug,North,Pabna,Dhaka Steel King,26
2026-08-31,2026,Aug,Dhaka,Gazipur,Dhaka Trade Centre,13.04
2026-08-31,2026,Aug,Dhaka,Dhaka,Dipti Traders,12
2026-08-31,2026,Aug,North,Dhaka,Doctors Community Hospital (Pvt.)Ltd.,19.6
2026-08-31,2026,Aug,Dhaka,Gazipur,Evan Enterprise,3
2026-08-31,2026,Aug,North East,Mymensingh,F.S Enterprise,254.6
2026-08-31,2026,Aug,North East,Cumilla,Fair and Faith Trading Ltd.,12
2026-08-31,2026,Aug,Dhaka,Dhaka,Fairway,88
2026-08-31,2026,Aug,North,Kurigram,Farhad and Brothers,13
2026-08-31,2026,Aug,Dhaka,Dhaka,Farid Enterprise,25
2026-08-31,2026,Aug,Dhaka,Manikganj,Faruk and Brothers,100
2026-08-31,2026,Aug,Dhaka,Dhaka,Feni Traders,27.3
2026-08-31,2026,Aug,North,Dinajpur,Gausheyz Ventores,13
2026-08-31,2026,Aug,Dhaka,Dhaka,Gawsia Enterprise,445
2026-08-31,2026,Aug,Dhaka,Gazipur,Giash Steel,59.2
2026-08-31,2026,Aug,North East,Brahmanbaria,H K Al Madina Traders,87
2026-08-31,2026,Aug,South,Faridpur,Habib Enterprise-Faridpur,39
2026-08-31,2026,Aug,Dhaka,Gazipur,Haji Enterprise - Gazipur,120
2026-08-31,2026,Aug,North,Bogura,Hannan Traders,39
2026-08-31,2026,Aug,North,Tangail,Harun Enterprise,202.6
2026-08-31,2026,Aug,Dhaka,Dhaka,Hobigonj Traders,15
2026-08-31,2026,Aug,Dhaka,Dhaka,Howlader Enterprise,177.5
2026-08-31,2026,Aug,North,Rangpur,Imarat Trading,28
2026-08-31,2026,Aug,North,Rangpur,Imperial Sanitary House,13
2026-08-31,2026,Aug,South,Faridpur,Jaseka Traders,81.4
2026-08-31,2026,Aug,North East,Noakhali,Jashim Steel House,24
2026-08-31,2026,Aug,North,Tangail,Joy Joya Enterprise,100
2026-08-31,2026,Aug,Dhaka,Gazipur,Kamrul Trading Corporation,17.16
2026-08-31,2026,Aug,Dhaka,Gazipur,Kashem and Sons,70.2
2026-08-31,2026,Aug,Dhaka,Dhaka,Khalid Trading Corporation,28
2026-08-31,2026,Aug,Dhaka,Dhaka,Khan Enterprise,485.65
2026-08-31,2026,Aug,South,Khulna,Khan Traders -Khulna,14
2026-08-31,2026,Aug,Dhaka,Gazipur,Khurshida Builders,133.6
2026-08-31,2026,Aug,North,Nilphamari,L.N Trading Co.,28
2026-08-31,2026,Aug,Dhaka,Dhaka,Longan Properties Ltd.,4.4
2026-08-31,2026,Aug,North East,Sylhet,Ludhi Steel Marchant,200
2026-08-31,2026,Aug,Dhaka,Dhaka,"M M Corporation-Dhaka,Savar",5
2026-08-31,2026,Aug,Dhaka,Dhaka,M/S Adil Enterprise,21.55
2026-08-31,2026,Aug,North,Dinajpur,M/S Aftabganj Hardware Store,14
2026-08-31,2026,Aug,South,Barishal,M/S Alekandha Builders,28
2026-08-31,2026,Aug,Dhaka,Gazipur,M/S Al-Madina Enterprise,83.65
2026-08-31,2026,Aug,Dhaka,Gazipur,M/S Arif Traders,11
2026-08-31,2026,Aug,South,Barguna,M/S Ayaan Traders,42
2026-08-31,2026,Aug,South,Jashore,M/S Azim Shah Traders,14
2026-08-31,2026,Aug,South,Faridpur,M/S Bhuiyan Traders,30
2026-08-31,2026,Aug,Dhaka,Dhaka,M/S Bismillah Enterprise (Sobujbagh),115
2026-08-31,2026,Aug,North East,Kishoreganj,M/S Bismillah Traders- Bhairob,13
2026-08-31,2026,Aug,South,Jhenaidah,M/S Bondhu Enterprise,118
2026-08-31,2026,Aug,South,Jashore,M/S Chitra Trading,162
2026-08-31,2026,Aug,South,Madaripur,M/S City Build Trade,56
2026-08-31,2026,Aug,North,Naogaon,M/S Gitanjoli Traders,27
2026-08-31,2026,Aug,South,Bhola,M/S H Rahman and Sons,27
2026-08-31,2026,Aug,Dhaka,Dhaka,M/S Haque and Hasan Traders,27
2026-08-31,2026,Aug,North,Dinajpur,M/S Hashem Traders,14
2026-08-31,2026,Aug,Dhaka,Dhaka,M/S Hazi Sarif Munshi Traders,7
2026-08-31,2026,Aug,Dhaka,Narayanganj,M/S Ichapuri Cement House,12
2026-08-31,2026,Aug,North East,Feni,M/S Jafar Enterprise,24
2026-08-31,2026,Aug,South,Jashore,M/S Johir Enterprise,6
2026-08-31,2026,Aug,South,Meherpur,M/S Jony Enterprise -Meherpur,13
2026-08-31,2026,Aug,Dhaka,Gazipur,M/S Khan Enterprise-Kaligonj,30
2026-08-31,2026,Aug,North,Tangail,M/S Khan Traders-Tangail,13
2026-08-31,2026,Aug,Dhaka,Manikganj,M/S Latif Traders,9.5
2026-08-31,2026,Aug,South,Gopalganj,M/S Linkon Enterprise,13
2026-08-31,2026,Aug,Dhaka,Gazipur,M/s Midul Enterprise,68.17
2026-08-31,2026,Aug,South,Patuakhali,M/S Mizan Enterprise,53
2026-08-31,2026,Aug,South,Jashore,M/S Nayem Trading,13
2026-08-31,2026,Aug,South,Pirojpur,M/S New Hope Traders,13
2026-08-31,2026,Aug,South,Faridpur,M/S New Julhash Mia and Sons,13
2026-08-31,2026,Aug,South,Narayanganj,M/S New Khan Traders,15
2026-08-31,2026,Aug,South,Faridpur,M/S Nur Mahidi Nerman Vander,52
2026-08-31,2026,Aug,Dhaka,Dhaka,M/S Osman Steel Corporation,46.1
2026-08-31,2026,Aug,North,Naogaon,M/S Parvez Trading-Naogaon,70
2026-08-31,2026,Aug,Dhaka,Narayanganj,M/S PROVA IRON STORE,10
2026-08-31,2026,Aug,Dhaka,Gazipur,M/S R.B Steel and Co.,26.35
2026-08-31,2026,Aug,Dhaka,Narayanganj,M/S Rahmania Enterprise,313.4
2026-08-31,2026,Aug,Dhaka,Gazipur,M/S Rana Enterprise,81.09
2026-08-31,2026,Aug,North,Dinajpur,M/S Ripon Traders,56
2026-08-31,2026,Aug,Dhaka,Gazipur,M/S Sadar Builders,50
2026-08-31,2026,Aug,Dhaka,Narayanganj,M/S Saif Traders,13.22
2026-08-31,2026,Aug,North,Pabna,M/S Samir Traders,52
2026-08-31,2026,Aug,South,Madaripur,M/S Selim Enterprise and Steel,13
2026-08-31,2026,Aug,Dhaka,Gazipur,M/S Shahin Enterprise,5
2026-08-31,2026,Aug,South,Jhenaidah,M/S Shamim Steel Corner,27
2026-08-31,2026,Aug,North,Gaibandha,M/S Sharif Enterpris - (Gaibandha),14
2026-08-31,2026,Aug,North,Sirajganj,M/s Shohan Iron and Steel House.,268
2026-08-31,2026,Aug,Dhaka,Dhaka,M/S Zam Zam Trading (Dhaka),10.9
2026-08-31,2026,Aug,North,Bogura,M/S. Bushra Traders,149
2026-08-31,2026,Aug,South,Barguna,M/S. Karim Builders,20
2026-08-31,2026,Aug,Dhaka,Dhaka,M/S. Maa Enterprise,49.16
2026-08-31,2026,Aug,South,Barishal,M/S. Mahabub Traders,13
2026-08-31,2026,Aug,Dhaka,Gazipur,M/S. Mainul Traders,82.3
2026-08-31,2026,Aug,North,Tangail,M/S. Monira Enterprise,12.2
2026-08-31,2026,Aug,North,Bogura,M/S. Mukta Traders,77
2026-08-31,2026,Aug,Dhaka,Dhaka,M/S. Rayhan Enterprise,70.9
2026-08-31,2026,Aug,South,Gopalganj,M/S. Sharif Enterprise,28
2026-08-31,2026,Aug,South,Narail,M/S. Sikdar Enterprise- Norail,13
2026-08-31,2026,Aug,North,Rangpur,M/S. Zaman Traders-Rangpur,219
2026-08-31,2026,Aug,North East,Chandpur,M/S.Anisha Multi Trade,24.5
2026-08-31,2026,Aug,North,Tangail,M/S.Jannath Enterprise,31
2026-08-31,2026,Aug,North East,Noakhali,M/S.Muldhara Trading,52
2026-08-31,2026,Aug,North,Pabna,M/S.Reza Enterprise-Pabna,14
2026-08-31,2026,Aug,Dhaka,Gazipur,M/S.Riverine Resort,5
2026-08-31,2026,Aug,North East,Cumilla,M/S-Laksam Trading Corporation,149.06
2026-08-31,2026,Aug,North East,Feni,Madani Traders,118.5
2026-08-31,2026,Aug,South,Shariatpur,Madbor Enterprise,14
2026-08-31,2026,Aug,Dhaka,Narayanganj,Madina Corporation,14.8
2026-08-31,2026,Aug,Dhaka,Dhaka,Mahadi Design and Construction,25.3
2026-08-31,2026,Aug,South,Jashore,Mahiya Kabir Corporation,41
2026-08-31,2026,Aug,Dhaka,Dhaka,Makkah Traders,329.35
2026-08-31,2026,Aug,Dhaka,Gazipur,Mamun Enterprise-Gazipur,284.83
2026-08-31,2026,Aug,North,Pabna,Mamun Traders-Pabna,14
2026-08-31,2026,Aug,North East,Cumilla,Mili Enterprise,6
2026-08-31,2026,Aug,Dhaka,Dhaka,Misti Enterprise,15.3
2026-08-31,2026,Aug,Dhaka,Dhaka,Modina Steel Corporation,181.5
2026-08-31,2026,Aug,North East,Sherpur,Mofazzal Enterprise,45
2026-08-31,2026,Aug,South,Magura,Molla Banijjo Vander,13
2026-08-31,2026,Aug,Dhaka,Dhaka,Munshigonj Steel House,50
2026-08-31,2026,Aug,North,Pabna,"Nabi Traders (Ishawrdi,  Pabna)",26
2026-08-31,2026,Aug,Dhaka,Dhaka,Nahar Steel,82.2
2026-08-31,2026,Aug,Dhaka,Dhaka,Nasrin Enterprise,4
2026-08-31,2026,Aug,Dhaka,Dhaka,Nation Tech Communications Limited,13
2026-08-31,2026,Aug,Dhaka,Dhaka,Nayeef Trading Corporation,8.5
2026-08-31,2026,Aug,South,Bhola,Naziba Enterprise,13
2026-08-31,2026,Aug,South,Jhenaidah,Nazmul Traders- Jhenaidah,67
2026-08-31,2026,Aug,Dhaka,Dhaka,New Sharmin Enterprise,100.89
2026-08-31,2026,Aug,Dhaka,Dhaka,Niloy Enterprise,4
2026-08-31,2026,Aug,Dhaka,Dhaka,Popular Enterprise,22
2026-08-31,2026,Aug,South,Kushtia,R. Rahman Corporation,143
2026-08-31,2026,Aug,South,Madaripur,R. S Enterprise-Madaripur,13
2026-08-31,2026,Aug,Dhaka,Narayanganj,R.S Enterprise,80.5
2026-08-31,2026,Aug,North East,Narsingdi,Rahman Steel House,56.65
2026-08-31,2026,Aug,North East,Chandpur,Rahman Trader's,12.92
2026-08-31,2026,Aug,South,Patuakhali,Rema Enterprise,13
2026-08-31,2026,Aug,North East,Kishoreganj,Renu Traders,13
2026-08-31,2026,Aug,Dhaka,Gazipur,Ridwan Traders,18
2026-08-31,2026,Aug,Dhaka,Dhaka,Rose Sweaters Ltd.,42
2026-08-31,2026,Aug,Dhaka,Gazipur,S T Enterprise,195.95
2026-08-31,2026,Aug,South,Kushtia,Salam and Sons,96
2026-08-31,2026,Aug,South,Madaripur,Sale Steel,13
2026-08-31,2026,Aug,South,Madaripur,Saleh Steel,13
2026-08-31,2026,Aug,North East,Noakhali,Saleha Construction and Supplier,4.5
2026-08-31,2026,Aug,South,Kushtia,Saleha Traders,104
2026-08-31,2026,Aug,North,Sirajganj,Sarkar Trading (Sirajgonj),18
2026-08-31,2026,Aug,North East,Narsingdi,Satata Enterprise-Norsingdi,44.6
2026-08-31,2026,Aug,South,Shariatpur,Seba Trading Corporation,13
2026-08-31,2026,Aug,South,Narail,Shahin Traders - Narail,30
2026-08-31,2026,Aug,South,Magura,Sharif Steel  Corner,60
2026-08-31,2026,Aug,Dhaka,Narayanganj,Shifat Enterprise-N.Ganj,87.88
2026-08-31,2026,Aug,North East,Dhaka,Shopnodhora Assets Development Ltd,9.5
2026-08-31,2026,Aug,Dhaka,Dhaka,Sikder Enterprise (Keranigonj),26
2026-08-31,2026,Aug,North,Pabna,Sikder Traders (Pabna),39
2026-08-31,2026,Aug,Dhaka,Dhaka,Sohel Traders (Karanigonj),20
2026-08-31,2026,Aug,North,Gaibandha,Sorif Traders,28
2026-08-31,2026,Aug,North,Nilphamari,Sourov Traders,28
2026-08-31,2026,Aug,Dhaka,Dhaka,Studio 360,2.5
2026-08-31,2026,Aug,Dhaka,Gazipur,Suma Enterprise - Sofipur,181.35
2026-08-31,2026,Aug,North,Pabna,Swapan Traders,26
2026-08-31,2026,Aug,North East,Cumilla,Talha Traders,13
2026-08-31,2026,Aug,North,Rajshahi,Tariq  Enterprise,156
2026-08-31,2026,Aug,South,Narail,Tazmin Enterprise,13
2026-08-31,2026,Aug,Dhaka,Dhaka,The Barik Brothers,672.85
2026-08-31,2026,Aug,Dhaka,Dhaka,"Tipu and Co.( Rayerbag, Jatrabari)",20
2026-08-31,2026,Aug,North,Sirajganj,Ullapara Variety Store,13
2026-08-31,2026,Aug,Dhaka,Manikganj,Wazuddin Traders,74.43
2026-08-31,2026,Aug,North East,Noakhali,Yeasin Traders,12.1
2026-08-31,2026,Aug,South,Bhola,Zabbar Biswas Traders,26
2026-08-31,2026,Aug,Dhaka,Dhaka,Zaman Traders ( Savar),47.95
2026-09-30,2026,Sep,Dhaka,Dhaka,A.R Corporation,33.9000
2026-09-30,2026,Sep,South,Khulna,Abdur Razzak Aziz- Khulna,109.6750
2026-09-30,2026,Sep,Dhaka,Dhaka,Abir Enterprise,20.0000
2026-09-30,2026,Sep,North,Pabna,Abul Hossain Traders,13.0000
2026-09-30,2026,Sep,Dhaka,Dhaka,Akhter Traders,4.0000
2026-09-30,2026,Sep,Dhaka,Dhaka,Al Baraka Steel Corporation- Mirpur,3.9000
2026-09-30,2026,Sep,North,Dinajpur,Al Haj Traders,96.1500
2026-09-30,2026,Sep,North,Dinajpur,Alif Trading,27.0000
2026-09-30,2026,Sep,Dhaka,Dhaka,Aman  Steel Corporation,50.0000
2026-09-30,2026,Sep,South,Rajbari,Anupam Nirmata,14.0000
2026-09-30,2026,Sep,Dhaka,Narayanganj,AR Building Design and Construction,63.0000
2026-09-30,2026,Sep,South,Meherpur,Arif Enterprise,13.0000
2026-09-30,2026,Sep,Dhaka,Gazipur,Arifa Enterprise,68.5000
2026-09-30,2026,Sep,Dhaka,Dhaka,Arowa Traders,1040.7500
2026-09-30,2026,Sep,North,Rangpur,Artistic Real Estate (Pvt) Ltd.,15.0000
2026-09-30,2026,Sep,South,Barishal,Barishal Iron House,39.0000
2026-09-30,2026,Sep,North,Rangpur,Bengal and Company,28.0000
2026-09-30,2026,Sep,North,Kurigram,Bhai Bhai Trading,70.0000
2026-09-30,2026,Sep,Dhaka,Dhaka,Bismillah Enterprise-Savar,8.0000
2026-09-30,2026,Sep,Dhaka,Dhaka,Bismillah Traders-Dhaka,215.9500
2026-09-30,2026,Sep,Dhaka,Dhaka,Brick and Steel; Builders Ltd.,12.0000
2026-09-30,2026,Sep,South,Chuadanga,Brothers Traders,65.0000
2026-09-30,2026,Sep,Dhaka,Dhaka,Capital Builders,10.0000
2026-09-30,2026,Sep,Dhaka,Dhaka,Daruma Builders and Engineering Ltd.,24.0500
2026-09-30,2026,Sep,South,Kushtia,Dhaka Steel,52.0000
2026-09-30,2026,Sep,North,Pabna,Dhaka Steel King,26.0000
2026-09-30,2026,Sep,Dhaka,Gazipur,Dhaka Trade Centre,29.4600
2026-09-30,2026,Sep,North East,Cumilla,Diganta Real Estate,10.0000
2026-09-30,2026,Sep,Dhaka,Dhaka,Dipti Traders,27.0000
2026-09-30,2026,Sep,North,Dhaka,Doctors Community Hospital (Pvt.)Ltd.,4.6000
2026-09-30,2026,Sep,Dhaka,Gazipur,Evan Enterprise,6.2500
2026-09-30,2026,Sep,Dhaka,Dhaka,Experience Textile Limited,11.5000
2026-09-30,2026,Sep,North East,Mymensingh,F.S Enterprise,162.0000
2026-09-30,2026,Sep,North East,Cumilla,Fair and Faith Trading Ltd.,12.0000
2026-09-30,2026,Sep,Dhaka,Dhaka,Fairway,63.0000
2026-09-30,2026,Sep,North,Kurigram,Farhad and Brothers,27.0000
2026-09-30,2026,Sep,Dhaka,Manikganj,Faruk and Brothers,100.0000
2026-09-30,2026,Sep,Dhaka,Dhaka,Feni Traders,9.3000
2026-09-30,2026,Sep,North,Dinajpur,Gausheyz Ventores,12.8000
2026-09-30,2026,Sep,Dhaka,Dhaka,Gawsia Enterprise,548.3810
2026-09-30,2026,Sep,Dhaka,Gazipur,Giash Steel,284.0300
2026-09-30,2026,Sep,North East,Brahmanbaria,H K Al Madina Traders,55.0000
2026-09-30,2026,Sep,South,Faridpur,Habib Enterprise-Faridpur,74.0000
2026-09-30,2026,Sep,North,Bogura,Hannan Traders,42.0000
2026-09-30,2026,Sep,North,Tangail,Harun Enterprise,52.0000
2026-09-30,2026,Sep,Dhaka,Dhaka,Hobigonj Traders,21.0000
2026-09-30,2026,Sep,Dhaka,Dhaka,Howlader Enterprise,183.7500
2026-09-30,2026,Sep,North,Rangpur,Imarat Trading,56.0000
2026-09-30,2026,Sep,North,Rangpur,Imperial Sanitary House,13.0000
2026-09-30,2026,Sep,South,Faridpur,Jaseka Traders,90.0000
2026-09-30,2026,Sep,North East,Noakhali,Jashim Steel House,34.5000
2026-09-30,2026,Sep,South,Jashore,JesminSanitary and Iron Store,14.0000
2026-09-30,2026,Sep,North,Tangail,Joy Joya Enterprise,106.0000
2026-09-30,2026,Sep,Dhaka,Gazipur,Kamrul Trading Corporation,14.1000
2026-09-30,2026,Sep,Dhaka,Gazipur,Kashem and Sons,35.0000
2026-09-30,2026,Sep,Dhaka,Dhaka,Khalid Trading Corporation,5.0000
2026-09-30,2026,Sep,Dhaka,Dhaka,Khan Enterprise,340.7650
2026-09-30,2026,Sep,Dhaka,Dhaka,Khan Firoz Ahmed,8.4680
2026-09-30,2026,Sep,South,Khulna,Khan Traders -Khulna,15.0000
2026-09-30,2026,Sep,South,Madaripur,Khan Traders- Madaripur,26.0000
2026-09-30,2026,Sep,Dhaka,Gazipur,Khurshida Builders,111.1000
2026-09-30,2026,Sep,North,Nilphamari,L.N Trading Co.,42.0000
2026-09-30,2026,Sep,South,Patuakhali,Lila Enterprise,26.0000
2026-09-30,2026,Sep,Dhaka,Dhaka,Longan Properties Ltd.,8.1000
2026-09-30,2026,Sep,North East,Sylhet,Ludhi Steel Marchant,400.0000
2026-09-30,2026,Sep,South,Chuadanga,M/S - Younus Hardware,13.0000
2026-09-30,2026,Sep,North,Pabna,M/S Adi Saha Trading,13.0000
2026-09-30,2026,Sep,Dhaka,Dhaka,M/S Adil Enterprise,18.0000
2026-09-30,2026,Sep,North,Dinajpur,M/S Aftabganj Hardware Store,14.0000
2026-09-30,2026,Sep,South,Barishal,M/S Alekandha Builders,42.0000
2026-09-30,2026,Sep,Dhaka,Gazipur,M/S Arif Traders,10.0000
2026-09-30,2026,Sep,Dhaka,Dhaka,M/S Asra Properties,5.6700
2026-09-30,2026,Sep,South,Faridpur,M/S Asraf  and Sons,13.0000
2026-09-30,2026,Sep,South,Jashore,M/S Azim Shah Traders,28.0000
2026-09-30,2026,Sep,South,Jashore,M/S Babu Traders,13.0000
2026-09-30,2026,Sep,Dhaka,Dhaka,M/S Bhai Bhai Traders and Engineering Works,8.0000
2026-09-30,2026,Sep,South,Faridpur,M/S Bhuiyan Traders,42.0000
2026-09-30,2026,Sep,Dhaka,Dhaka,M/S Bismillah Enterprise (Sobujbagh),126.2000
2026-09-30,2026,Sep,North East,Kishoreganj,M/S Bismillah Traders- Bhairob,26.0000
2026-09-30,2026,Sep,South,Jhenaidah,M/S Bondhu Enterprise,78.0000
2026-09-30,2026,Sep,South,Jashore,M/S Chitra Trading,20.0000
2026-09-30,2026,Sep,South,Madaripur,M/S City Build Trade,13.0000
2026-09-30,2026,Sep,North,Naogaon,M/S Gitanjoli Traders,13.0000
2026-09-30,2026,Sep,South,Bhola,M/S H Rahman and Sons,20.0000
2026-09-30,2026,Sep,Dhaka,Dhaka,M/S Haque and Hasan Traders,12.0000
2026-09-30,2026,Sep,Dhaka,Dhaka,M/S Hazi Sarif Munshi Traders,4.7000
2026-09-30,2026,Sep,South,Jashore,M/S Hira Enterprise,13.0000
2026-09-30,2026,Sep,North East,Feni,M/S Jafar Enterprise,37.0000
2026-09-30,2026,Sep,Dhaka,Dhaka,M/S Jalil Steel and Engineering,5.0000
2026-09-30,2026,Sep,South,Bhola,M/S Jobayer Traders,13.0000
2026-09-30,2026,Sep,South,Meherpur,M/S Jony Enterprise -Meherpur,13.0000
2026-09-30,2026,Sep,Dhaka,Gazipur,M/S Khan Enterprise-Kaligonj,61.7000
2026-09-30,2026,Sep,North,Tangail,M/S Khan Traders-Tangail,13.0000
2026-09-30,2026,Sep,Dhaka,Manikganj,M/S Latif Traders,10.1000
2026-09-30,2026,Sep,South,Jhalokati,M/S Mary Suppliers and Mary Bricks,14.0000
2026-09-30,2026,Sep,Dhaka,Gazipur,M/s Midul Enterprise,53.0000
2026-09-30,2026,Sep,South,Patuakhali,M/S Mizan Enterprise,53.0000
2026-09-30,2026,Sep,North,Tangail,M/S Nasir Enterprise,26.0000
2026-09-30,2026,Sep,South,Pirojpur,M/S New Hope Traders,14.0000
2026-09-30,2026,Sep,South,Faridpur,M/S New Julhash Mia and Sons,13.0000
2026-09-30,2026,Sep,South,Narayanganj,M/S New Khan Traders,30.0000
2026-09-30,2026,Sep,South,Faridpur,M/S Nur Mahidi Nerman Vander,52.0000
2026-09-30,2026,Sep,Dhaka,Dhaka,M/S Osman Steel Corporation,20.7500
2026-09-30,2026,Sep,North,Naogaon,M/S Parvez Trading-Naogaon,70.0000
2026-09-30,2026,Sep,Dhaka,Gazipur,M/S R.B Steel and Co.,72.1400
2026-09-30,2026,Sep,Dhaka,Narayanganj,M/S Rahmania Enterprise,471.9500
2026-09-30,2026,Sep,Dhaka,Gazipur,M/S Rana Enterprise,126.0100
2026-09-30,2026,Sep,North,Dinajpur,M/S Ripon Traders,84.0000
2026-09-30,2026,Sep,Dhaka,Gazipur,M/S Sadar Builders,30.0000
2026-09-30,2026,Sep,Dhaka,Narayanganj,M/S Saif Traders,21.0000
2026-09-30,2026,Sep,North,Pabna,M/S Samir Traders,52.0000
2026-09-30,2026,Sep,South,Jhenaidah,M/S Shamim Steel Corner,65.0000
2026-09-30,2026,Sep,North,Gaibandha,M/S Sharif Enterpris - (Gaibandha),14.0000
2026-09-30,2026,Sep,North,Sirajganj,M/s Shohan Iron and Steel House.,223.0000
2026-09-30,2026,Sep,Dhaka,Gazipur,M/S Takhiya Enterprise,104.7500
2026-09-30,2026,Sep,Dhaka,Dhaka,M/S Unity Millennium Development,6.0000
2026-09-30,2026,Sep,Dhaka,Dhaka,M/S Zam Zam Trading (Dhaka),4.1000
2026-09-30,2026,Sep,North,Bogura,M/S. Bushra Traders,245.0000
2026-09-30,2026,Sep,South,Barguna,M/S. Kamal Enterprise,28.0000
2026-09-30,2026,Sep,South,Barguna,M/S. Karim Builders,20.0000
2026-09-30,2026,Sep,Dhaka,Dhaka,M/S. Maa Enterprise,16.2000
2026-09-30,2026,Sep,Dhaka,Gazipur,M/S. Mainul Traders,37.8200
2026-09-30,2026,Sep,North,Bogura,M/S. Mukta Traders,28.0000
2026-09-30,2026,Sep,Dhaka,Dhaka,M/S. Rayhan Enterprise,82.6500
2026-09-30,2026,Sep,South,Gopalganj,M/S. Sharif Enterprise,13.0000
2026-09-30,2026,Sep,Dhaka,Gazipur,M/S. Tosher Enterprise,50.3000
2026-09-30,2026,Sep,North,Rangpur,M/S. Zaman Traders-Rangpur,240.0000
2026-09-30,2026,Sep,North East,Chandpur,M/S.Anisha Multi Trade,7.4000
2026-09-30,2026,Sep,North East,Noakhali,M/S.Muldhara Trading,81.2000
2026-09-30,2026,Sep,North,Pabna,M/S.Reza Enterprise-Pabna,13.0000
2026-09-30,2026,Sep,North East,Cumilla,M/S-Laksam Trading Corporation,150.8820
2026-09-30,2026,Sep,North,Dinajpur,Ma Traders-Dinajpur,14.0000
2026-09-30,2026,Sep,North East,Feni,Madani Traders,259.6000
2026-09-30,2026,Sep,South,Shariatpur,Madbor Enterprise,13.0000
2026-09-30,2026,Sep,Dhaka,Narayanganj,Madina Corporation,61.0000
2026-09-30,2026,Sep,South,Jashore,Mahiya Kabir Corporation,13.0000
2026-09-30,2026,Sep,Dhaka,Dhaka,Makkah Traders,314.3000
2026-09-30,2026,Sep,Dhaka,Gazipur,Mamun Enterprise-Gazipur,252.4300
2026-09-30,2026,Sep,North,Pabna,Mamun Traders-Pabna,28.0000
2026-09-30,2026,Sep,North East,Netrokona,Mayer Doa Traders,10.0000
2026-09-30,2026,Sep,Dhaka,Gazipur,Mim Enterprise,66.4000
2026-09-30,2026,Sep,Dhaka,Dhaka,Misti Enterprise,36.6000
2026-09-30,2026,Sep,Dhaka,Dhaka,Modina Steel Corporation,108.5000
2026-09-30,2026,Sep,North East,Sherpur,Mofazzal Enterprise,60.0000
2026-09-30,2026,Sep,South,Magura,Molla Banijjo Vander,14.0000
2026-09-30,2026,Sep,Dhaka,Dhaka,Momentum Construction and Engineering,18.6000
2026-09-30,2026,Sep,North,Sirajganj,Mondol Traders- Sirajgonj,14.0000
2026-09-30,2026,Sep,South,Narayanganj,Ms.Sharif Enterprise-Pirojpur,14.0000
2026-09-30,2026,Sep,Dhaka,Dhaka,Munshigonj Steel House,52.0000
2026-09-30,2026,Sep,Dhaka,Dhaka,Nahar Steel,87.5000
2026-09-30,2026,Sep,Dhaka,Dhaka,Nal Gulf Construction and Properties,2.0000
2026-09-30,2026,Sep,Dhaka,Dhaka,Nasrin Enterprise,2.2700
2026-09-30,2026,Sep,Dhaka,Dhaka,Nation Tech Communications Limited,10.0000
2026-09-30,2026,Sep,South,Bhola,Naziba Enterprise,40.0000
2026-09-30,2026,Sep,South,Jhenaidah,Nazmul Traders- Jhenaidah,52.0000
2026-09-30,2026,Sep,Dhaka,Dhaka,New Sharmin Enterprise,113.6760
2026-09-30,2026,Sep,Dhaka,Dhaka,Popular Enterprise,7.0000
2026-09-30,2026,Sep,North East,Mymensingh,Progati Commercial Corporation,14.0000
2026-09-30,2026,Sep,South,Kushtia,R. Rahman Corporation,195.0000
2026-09-30,2026,Sep,North,Rajshahi,R.N Trading Corporation,26.0000
2026-09-30,2026,Sep,Dhaka,Narayanganj,R.S Enterprise,59.5000
2026-09-30,2026,Sep,North East,Narsingdi,Rahman Steel House,65.8000
2026-09-30,2026,Sep,North East,Chandpur,Rahman Trader's,26.0000
2026-09-30,2026,Sep,South,Jashore,Razzaque Steel House,126.0000
2026-09-30,2026,Sep,South,Patuakhali,Rema Enterprise,14.0000
2026-09-30,2026,Sep,North East,Kishoreganj,Renu Traders,60.0000
2026-09-30,2026,Sep,North,Bogura,Rezaul Bari (Bogra),14.0000
2026-09-30,2026,Sep,Dhaka,Gazipur,Ridwan Traders,11.0000
2026-09-30,2026,Sep,North East,Kishoreganj,S A Trading,26.0000
2026-09-30,2026,Sep,Dhaka,Gazipur,S T Enterprise,167.7500
2026-09-30,2026,Sep,South,Kushtia,Salam and Sons,104.0000
2026-09-30,2026,Sep,South,Faridpur,Salam Construction Ltd.,30.0000
2026-09-30,2026,Sep,South,Kushtia,Saleha Traders,91.0000
2026-09-30,2026,Sep,North,Sirajganj,Sarkar Trading (Sirajgonj),18.0000
2026-09-30,2026,Sep,North East,Narsingdi,Satata Enterprise-Norsingdi,57.5000
2026-09-30,2026,Sep,South,Shariatpur,Seba Trading Corporation,26.0000
2026-09-30,2026,Sep,South,Narail,Shahin Traders - Narail,60.0000
2026-09-30,2026,Sep,Dhaka,Narayanganj,Shifat Enterprise-N.Ganj,33.0000
2026-09-30,2026,Sep,Dhaka,Dhaka,Shopnochura Construction and Developer,7.5000
2026-09-30,2026,Sep,North East,Dhaka,Shopnodhora Assets Development Ltd,24.1000
2026-09-30,2026,Sep,North East,Sylhet,Siddiquey Construction,13.0000
2026-09-30,2026,Sep,Dhaka,Dhaka,Sikder Enterprise (Keranigonj),26.0000
2026-09-30,2026,Sep,North,Pabna,Sikder Traders (Pabna),40.0000
2026-09-30,2026,Sep,Dhaka,Dhaka,Sohel Traders (Karanigonj),20.0000
2026-09-30,2026,Sep,North,Gaibandha,Sorif Traders,14.0000
2026-09-30,2026,Sep,North,Nilphamari,Sourov Traders,56.0000
2026-09-30,2026,Sep,Dhaka,Gazipur,Suma Enterprise - Sofipur,103.1000
2026-09-30,2026,Sep,North,Pabna,Swapan Traders,14.0000
2026-09-30,2026,Sep,North,Rajshahi,Tariq  Enterprise,117.0000
2026-09-30,2026,Sep,Dhaka,Dhaka,The Barik Brothers,607.3930
2026-09-30,2026,Sep,North East,Moulvibazar,The New R P Hardware and Sanitary,20.0000
2026-09-30,2026,Sep,Dhaka,Dhaka,"Tipu and Co.( Rayerbag, Jatrabari)",20.0000
2026-09-30,2026,Sep,North,Sirajganj,Ullapara Variety Store,26.0000
2026-09-30,2026,Sep,Dhaka,Dhaka,Umayer Trading Corporation,20.0000
2026-09-30,2026,Sep,Dhaka,Dhaka,Unisense Apparels Limited.,26.0000
2026-09-30,2026,Sep,Dhaka,Manikganj,Wazuddin Traders,51.0000
2026-09-30,2026,Sep,South,Bhola,Zabbar Biswas Traders,51.5000
2026-09-30,2026,Sep,Dhaka,Dhaka,Zaman Traders ( Savar),69.4500
